[20-Apr-2026 20:28:00 Asia/Kuwait] [orange] catalog_schema: SQLSTATE[42S21]: Column already exists: 1060 Duplicate column name 'path_segment'
[20-Apr-2026 20:28:00 Asia/Kuwait] [orange] catalog_schema: SQLSTATE[42000]: Syntax error or access violation: 1061 Duplicate key name 'uq_channels_path_segment'
[20-Apr-2026 20:28:00 Asia/Kuwait] [orange] migration failed 000_runner_baseline.sql: SQLSTATE[42000]: Syntax error or access violation: 1064 You have an error in your SQL syntax; check the manual that corresponds to your MariaDB server version for the right syntax to use near 'الترحيلات يع?
ل؛ لا يغيّر بيانات.
SET @orange_schem...' at line 1
[20-Apr-2026 20:28:02 Asia/Kuwait] [orange] migration failed 000_runner_baseline.sql: SQLSTATE[42000]: Syntax error or access violation: 1064 You have an error in your SQL syntax; check the manual that corresponds to your MariaDB server version for the right syntax to use near 'الترحيلات يع?
ل؛ لا يغيّر بيانات.
SET @orange_schem...' at line 1
[20-Apr-2026 20:28:04 Asia/Kuwait] [orange] migration failed 000_runner_baseline.sql: SQLSTATE[42000]: Syntax error or access violation: 1064 You have an error in your SQL syntax; check the manual that corresponds to your MariaDB server version for the right syntax to use near 'الترحيلات يع?
ل؛ لا يغيّر بيانات.
SET @orange_schem...' at line 1
[20-Apr-2026 20:28:04 Asia/Kuwait] PHP Fatal error:  Uncaught TypeError: htmlspecialchars(): Argument #1 ($string) must be of type string, int given in C:\inetpub\vhosts\clickstorekw.com\orangeshoppro.com\includes\storefront_phone_country_select.php:29
Stack trace:
#0 C:\inetpub\vhosts\clickstorekw.com\orangeshoppro.com\includes\storefront_phone_country_select.php(29): htmlspecialchars()
#1 C:\inetpub\vhosts\clickstorekw.com\orangeshoppro.com\pages\cart.php(56): orange_storefront_render_phone_country_select()
#2 {main}
  thrown in C:\inetpub\vhosts\clickstorekw.com\orangeshoppro.com\includes\storefront_phone_country_select.php on line 29
[20-Apr-2026 20:28:05 Asia/Kuwait] [orange] migration failed 000_runner_baseline.sql: SQLSTATE[42000]: Syntax error or access violation: 1064 You have an error in your SQL syntax; check the manual that corresponds to your MariaDB server version for the right syntax to use near 'الترحيلات يع?
ل؛ لا يغيّر بيانات.
SET @orange_schem...' at line 1
[20-Apr-2026 20:28:18 Asia/Kuwait] [orange] migration failed 000_runner_baseline.sql: SQLSTATE[42000]: Syntax error or access violation: 1064 You have an error in your SQL syntax; check the manual that corresponds to your MariaDB server version for the right syntax to use near 'الترحيلات يع?
ل؛ لا يغيّر بيانات.
SET @orange_schem...' at line 1
[20-Apr-2026 20:28:19 Asia/Kuwait] [orange] migration failed 000_runner_baseline.sql: SQLSTATE[42000]: Syntax error or access violation: 1064 You have an error in your SQL syntax; check the manual that corresponds to your MariaDB server version for the right syntax to use near 'الترحيلات يع?
ل؛ لا يغيّر بيانات.
SET @orange_schem...' at line 1
[20-Apr-2026 20:39:32 Asia/Kuwait] [orange] migration failed 000_runner_baseline.sql: SQLSTATE[42000]: Syntax error or access violation: 1064 You have an error in your SQL syntax; check the manual that corresponds to your MariaDB server version for the right syntax to use near 'الترحيلات يع?
ل؛ لا يغيّر بيانات.
SET @orange_schem...' at line 1
[20-Apr-2026 20:39:34 Asia/Kuwait] [orange] migration failed 000_runner_baseline.sql: SQLSTATE[42000]: Syntax error or access violation: 1064 You have an error in your SQL syntax; check the manual that corresponds to your MariaDB server version for the right syntax to use near 'الترحيلات يع?
ل؛ لا يغيّر بيانات.
SET @orange_schem...' at line 1
[20-Apr-2026 20:39:42 Asia/Kuwait] [orange] migration failed 000_runner_baseline.sql: SQLSTATE[42000]: Syntax error or access violation: 1064 You have an error in your SQL syntax; check the manual that corresponds to your MariaDB server version for the right syntax to use near 'الترحيلات يع?
ل؛ لا يغيّر بيانات.
SET @orange_schem...' at line 1
[20-Apr-2026 20:39:43 Asia/Kuwait] [orange] migration failed 000_runner_baseline.sql: SQLSTATE[42000]: Syntax error or access violation: 1064 You have an error in your SQL syntax; check the manual that corresponds to your MariaDB server version for the right syntax to use near 'الترحيلات يع?
ل؛ لا يغيّر بيانات.
SET @orange_schem...' at line 1
[20-Apr-2026 20:39:53 Asia/Kuwait] [orange] migration failed 000_runner_baseline.sql: SQLSTATE[42000]: Syntax error or access violation: 1064 You have an error in your SQL syntax; check the manual that corresponds to your MariaDB server version for the right syntax to use near 'الترحيلات يع?
ل؛ لا يغيّر بيانات.
SET @orange_schem...' at line 1
[20-Apr-2026 20:39:54 Asia/Kuwait] [orange] migration failed 000_runner_baseline.sql: SQLSTATE[42000]: Syntax error or access violation: 1064 You have an error in your SQL syntax; check the manual that corresponds to your MariaDB server version for the right syntax to use near 'الترحيلات يع?
ل؛ لا يغيّر بيانات.
SET @orange_schem...' at line 1
[20-Apr-2026 20:39:56 Asia/Kuwait] [orange] migration failed 000_runner_baseline.sql: SQLSTATE[42000]: Syntax error or access violation: 1064 You have an error in your SQL syntax; check the manual that corresponds to your MariaDB server version for the right syntax to use near 'الترحيلات يع?
ل؛ لا يغيّر بيانات.
SET @orange_schem...' at line 1
[20-Apr-2026 20:40:02 Asia/Kuwait] [orange] migration failed 000_runner_baseline.sql: SQLSTATE[42000]: Syntax error or access violation: 1064 You have an error in your SQL syntax; check the manual that corresponds to your MariaDB server version for the right syntax to use near 'الترحيلات يع?
ل؛ لا يغيّر بيانات.
SET @orange_schem...' at line 1
[20-Apr-2026 20:40:04 Asia/Kuwait] [orange] migration failed 000_runner_baseline.sql: SQLSTATE[42000]: Syntax error or access violation: 1064 You have an error in your SQL syntax; check the manual that corresponds to your MariaDB server version for the right syntax to use near 'الترحيلات يع?
ل؛ لا يغيّر بيانات.
SET @orange_schem...' at line 1
[20-Apr-2026 20:40:12 Asia/Kuwait] [orange] migration failed 000_runner_baseline.sql: SQLSTATE[42000]: Syntax error or access violation: 1064 You have an error in your SQL syntax; check the manual that corresponds to your MariaDB server version for the right syntax to use near 'الترحيلات يع?
ل؛ لا يغيّر بيانات.
SET @orange_schem...' at line 1
[20-Apr-2026 20:40:12 Asia/Kuwait] [orange] migration failed 000_runner_baseline.sql: SQLSTATE[42000]: Syntax error or access violation: 1064 You have an error in your SQL syntax; check the manual that corresponds to your MariaDB server version for the right syntax to use near 'الترحيلات يع?
ل؛ لا يغيّر بيانات.
SET @orange_schem...' at line 1
[20-Apr-2026 20:40:17 Asia/Kuwait] [orange] migration failed 000_runner_baseline.sql: SQLSTATE[42000]: Syntax error or access violation: 1064 You have an error in your SQL syntax; check the manual that corresponds to your MariaDB server version for the right syntax to use near 'الترحيلات يع?
ل؛ لا يغيّر بيانات.
SET @orange_schem...' at line 1
[20-Apr-2026 20:40:21 Asia/Kuwait] [orange] migration failed 000_runner_baseline.sql: SQLSTATE[42000]: Syntax error or access violation: 1064 You have an error in your SQL syntax; check the manual that corresponds to your MariaDB server version for the right syntax to use near 'الترحيلات يع?
ل؛ لا يغيّر بيانات.
SET @orange_schem...' at line 1
[20-Apr-2026 20:40:22 Asia/Kuwait] [orange] migration failed 000_runner_baseline.sql: SQLSTATE[42000]: Syntax error or access violation: 1064 You have an error in your SQL syntax; check the manual that corresponds to your MariaDB server version for the right syntax to use near 'الترحيلات يع?
ل؛ لا يغيّر بيانات.
SET @orange_schem...' at line 1
[20-Apr-2026 20:40:50 Asia/Kuwait] [orange] migration failed 000_runner_baseline.sql: SQLSTATE[42000]: Syntax error or access violation: 1064 You have an error in your SQL syntax; check the manual that corresponds to your MariaDB server version for the right syntax to use near 'الترحيلات يع?
ل؛ لا يغيّر بيانات.
SET @orange_schem...' at line 1
[20-Apr-2026 20:40:51 Asia/Kuwait] [orange] migration failed 000_runner_baseline.sql: SQLSTATE[42000]: Syntax error or access violation: 1064 You have an error in your SQL syntax; check the manual that corresponds to your MariaDB server version for the right syntax to use near 'الترحيلات يع?
ل؛ لا يغيّر بيانات.
SET @orange_schem...' at line 1
[20-Apr-2026 20:41:05 Asia/Kuwait] [orange] migration failed 000_runner_baseline.sql: SQLSTATE[42000]: Syntax error or access violation: 1064 You have an error in your SQL syntax; check the manual that corresponds to your MariaDB server version for the right syntax to use near 'الترحيلات يع?
ل؛ لا يغيّر بيانات.
SET @orange_schem...' at line 1
[20-Apr-2026 20:41:47 Asia/Kuwait] [orange] migration failed 000_runner_baseline.sql: SQLSTATE[42000]: Syntax error or access violation: 1064 You have an error in your SQL syntax; check the manual that corresponds to your MariaDB server version for the right syntax to use near 'الترحيلات يع?
ل؛ لا يغيّر بيانات.
SET @orange_schem...' at line 1
[20-Apr-2026 20:41:48 Asia/Kuwait] [orange] migration failed 000_runner_baseline.sql: SQLSTATE[42000]: Syntax error or access violation: 1064 You have an error in your SQL syntax; check the manual that corresponds to your MariaDB server version for the right syntax to use near 'الترحيلات يع?
ل؛ لا يغيّر بيانات.
SET @orange_schem...' at line 1
[20-Apr-2026 20:41:48 Asia/Kuwait] [orange] migration failed 000_runner_baseline.sql: SQLSTATE[42000]: Syntax error or access violation: 1064 You have an error in your SQL syntax; check the manual that corresponds to your MariaDB server version for the right syntax to use near 'الترحيلات يع?
ل؛ لا يغيّر بيانات.
SET @orange_schem...' at line 1
[20-Apr-2026 20:41:48 Asia/Kuwait] [orange] migration failed 000_runner_baseline.sql: SQLSTATE[42000]: Syntax error or access violation: 1064 You have an error in your SQL syntax; check the manual that corresponds to your MariaDB server version for the right syntax to use near 'الترحيلات يع?
ل؛ لا يغيّر بيانات.
SET @orange_schem...' at line 1
[20-Apr-2026 20:45:12 Asia/Kuwait] [orange] migration failed 000_runner_baseline.sql: SQLSTATE[42000]: Syntax error or access violation: 1064 You have an error in your SQL syntax; check the manual that corresponds to your MariaDB server version for the right syntax to use near 'الترحيلات يع?
ل؛ لا يغيّر بيانات.
SET @orange_schem...' at line 1
[20-Apr-2026 20:45:13 Asia/Kuwait] [orange] migration failed 000_runner_baseline.sql: SQLSTATE[42000]: Syntax error or access violation: 1064 You have an error in your SQL syntax; check the manual that corresponds to your MariaDB server version for the right syntax to use near 'الترحيلات يع?
ل؛ لا يغيّر بيانات.
SET @orange_schem...' at line 1
[20-Apr-2026 20:45:15 Asia/Kuwait] [orange] migration failed 000_runner_baseline.sql: SQLSTATE[42000]: Syntax error or access violation: 1064 You have an error in your SQL syntax; check the manual that corresponds to your MariaDB server version for the right syntax to use near 'الترحيلات يع?
ل؛ لا يغيّر بيانات.
SET @orange_schem...' at line 1
[20-Apr-2026 20:45:20 Asia/Kuwait] [orange] migration failed 000_runner_baseline.sql: SQLSTATE[42000]: Syntax error or access violation: 1064 You have an error in your SQL syntax; check the manual that corresponds to your MariaDB server version for the right syntax to use near 'الترحيلات يع?
ل؛ لا يغيّر بيانات.
SET @orange_schem...' at line 1
[20-Apr-2026 20:45:21 Asia/Kuwait] [orange] migration failed 000_runner_baseline.sql: SQLSTATE[42000]: Syntax error or access violation: 1064 You have an error in your SQL syntax; check the manual that corresponds to your MariaDB server version for the right syntax to use near 'الترحيلات يع?
ل؛ لا يغيّر بيانات.
SET @orange_schem...' at line 1
[20-Apr-2026 20:45:21 Asia/Kuwait] [orange] migration failed 000_runner_baseline.sql: SQLSTATE[42000]: Syntax error or access violation: 1064 You have an error in your SQL syntax; check the manual that corresponds to your MariaDB server version for the right syntax to use near 'الترحيلات يع?
ل؛ لا يغيّر بيانات.
SET @orange_schem...' at line 1
[20-Apr-2026 20:45:22 Asia/Kuwait] [orange] migration failed 000_runner_baseline.sql: SQLSTATE[42000]: Syntax error or access violation: 1064 You have an error in your SQL syntax; check the manual that corresponds to your MariaDB server version for the right syntax to use near 'الترحيلات يع?
ل؛ لا يغيّر بيانات.
SET @orange_schem...' at line 1
[20-Apr-2026 20:55:27 Asia/Kuwait] [orange] migration failed 000_runner_baseline.sql: SQLSTATE[42000]: Syntax error or access violation: 1064 You have an error in your SQL syntax; check the manual that corresponds to your MariaDB server version for the right syntax to use near 'الترحيلات يع?
ل؛ لا يغيّر بيانات.
SET @orange_schem...' at line 1
[20-Apr-2026 21:02:17 Asia/Kuwait] [orange] migration failed 000_runner_baseline.sql: SQLSTATE[42000]: Syntax error or access violation: 1064 You have an error in your SQL syntax; check the manual that corresponds to your MariaDB server version for the right syntax to use near 'الترحيلات يع?
ل؛ لا يغيّر بيانات.
SET @orange_schem...' at line 1
[20-Apr-2026 21:02:19 Asia/Kuwait] [orange] migration failed 000_runner_baseline.sql: SQLSTATE[42000]: Syntax error or access violation: 1064 You have an error in your SQL syntax; check the manual that corresponds to your MariaDB server version for the right syntax to use near 'الترحيلات يع?
ل؛ لا يغيّر بيانات.
SET @orange_schem...' at line 1
[20-Apr-2026 21:15:28 Asia/Kuwait] [orange] migration failed 000_runner_baseline.sql: SQLSTATE[42000]: Syntax error or access violation: 1064 You have an error in your SQL syntax; check the manual that corresponds to your MariaDB server version for the right syntax to use near 'الترحيلات يع?
ل؛ لا يغيّر بيانات.
SET @orange_schem...' at line 1
[20-Apr-2026 21:15:31 Asia/Kuwait] [orange] migration failed 000_runner_baseline.sql: SQLSTATE[42000]: Syntax error or access violation: 1064 You have an error in your SQL syntax; check the manual that corresponds to your MariaDB server version for the right syntax to use near 'الترحيلات يع?
ل؛ لا يغيّر بيانات.
SET @orange_schem...' at line 1
[20-Apr-2026 21:15:38 Asia/Kuwait] [orange] migration failed 000_runner_baseline.sql: SQLSTATE[42000]: Syntax error or access violation: 1064 You have an error in your SQL syntax; check the manual that corresponds to your MariaDB server version for the right syntax to use near 'الترحيلات يع?
ل؛ لا يغيّر بيانات.
SET @orange_schem...' at line 1
[20-Apr-2026 21:15:43 Asia/Kuwait] [orange] migration failed 000_runner_baseline.sql: SQLSTATE[42000]: Syntax error or access violation: 1064 You have an error in your SQL syntax; check the manual that corresponds to your MariaDB server version for the right syntax to use near 'الترحيلات يع?
ل؛ لا يغيّر بيانات.
SET @orange_schem...' at line 1
[20-Apr-2026 21:15:48 Asia/Kuwait] [orange] migration failed 000_runner_baseline.sql: SQLSTATE[42000]: Syntax error or access violation: 1064 You have an error in your SQL syntax; check the manual that corresponds to your MariaDB server version for the right syntax to use near 'الترحيلات يع?
ل؛ لا يغيّر بيانات.
SET @orange_schem...' at line 1
[20-Apr-2026 21:15:56 Asia/Kuwait] [orange] migration failed 000_runner_baseline.sql: SQLSTATE[42000]: Syntax error or access violation: 1064 You have an error in your SQL syntax; check the manual that corresponds to your MariaDB server version for the right syntax to use near 'الترحيلات يع?
ل؛ لا يغيّر بيانات.
SET @orange_schem...' at line 1
[20-Apr-2026 21:16:04 Asia/Kuwait] [orange] migration failed 000_runner_baseline.sql: SQLSTATE[42000]: Syntax error or access violation: 1064 You have an error in your SQL syntax; check the manual that corresponds to your MariaDB server version for the right syntax to use near 'الترحيلات يع?
ل؛ لا يغيّر بيانات.
SET @orange_schem...' at line 1
[20-Apr-2026 21:16:10 Asia/Kuwait] [orange] migration failed 000_runner_baseline.sql: SQLSTATE[42000]: Syntax error or access violation: 1064 You have an error in your SQL syntax; check the manual that corresponds to your MariaDB server version for the right syntax to use near 'الترحيلات يع?
ل؛ لا يغيّر بيانات.
SET @orange_schem...' at line 1
[20-Apr-2026 21:16:32 Asia/Kuwait] [orange] migration failed 000_runner_baseline.sql: SQLSTATE[42000]: Syntax error or access violation: 1064 You have an error in your SQL syntax; check the manual that corresponds to your MariaDB server version for the right syntax to use near 'الترحيلات يع?
ل؛ لا يغيّر بيانات.
SET @orange_schem...' at line 1
[20-Apr-2026 21:16:47 Asia/Kuwait] [orange] migration failed 000_runner_baseline.sql: SQLSTATE[42000]: Syntax error or access violation: 1064 You have an error in your SQL syntax; check the manual that corresponds to your MariaDB server version for the right syntax to use near 'الترحيلات يع?
ل؛ لا يغيّر بيانات.
SET @orange_schem...' at line 1
[20-Apr-2026 21:23:27 Asia/Kuwait] [orange] migration failed 000_runner_baseline.sql: SQLSTATE[42000]: Syntax error or access violation: 1064 You have an error in your SQL syntax; check the manual that corresponds to your MariaDB server version for the right syntax to use near 'الترحيلات يع?
ل؛ لا يغيّر بيانات.
SET @orange_schem...' at line 1
[20-Apr-2026 21:23:28 Asia/Kuwait] [orange] migration failed 000_runner_baseline.sql: SQLSTATE[42000]: Syntax error or access violation: 1064 You have an error in your SQL syntax; check the manual that corresponds to your MariaDB server version for the right syntax to use near 'الترحيلات يع?
ل؛ لا يغيّر بيانات.
SET @orange_schem...' at line 1
[20-Apr-2026 21:23:28 Asia/Kuwait] [orange] migration failed 000_runner_baseline.sql: SQLSTATE[42000]: Syntax error or access violation: 1064 You have an error in your SQL syntax; check the manual that corresponds to your MariaDB server version for the right syntax to use near 'الترحيلات يع?
ل؛ لا يغيّر بيانات.
SET @orange_schem...' at line 1
[20-Apr-2026 21:23:29 Asia/Kuwait] [orange] migration failed 000_runner_baseline.sql: SQLSTATE[42000]: Syntax error or access violation: 1064 You have an error in your SQL syntax; check the manual that corresponds to your MariaDB server version for the right syntax to use near 'الترحيلات يع?
ل؛ لا يغيّر بيانات.
SET @orange_schem...' at line 1
[20-Apr-2026 21:23:30 Asia/Kuwait] [orange] migration failed 000_runner_baseline.sql: SQLSTATE[42000]: Syntax error or access violation: 1064 You have an error in your SQL syntax; check the manual that corresponds to your MariaDB server version for the right syntax to use near 'الترحيلات يع?
ل؛ لا يغيّر بيانات.
SET @orange_schem...' at line 1
[20-Apr-2026 21:23:30 Asia/Kuwait] [orange] migration failed 000_runner_baseline.sql: SQLSTATE[42000]: Syntax error or access violation: 1064 You have an error in your SQL syntax; check the manual that corresponds to your MariaDB server version for the right syntax to use near 'الترحيلات يع?
ل؛ لا يغيّر بيانات.
SET @orange_schem...' at line 1
[20-Apr-2026 21:23:32 Asia/Kuwait] [orange] migration failed 000_runner_baseline.sql: SQLSTATE[42000]: Syntax error or access violation: 1064 You have an error in your SQL syntax; check the manual that corresponds to your MariaDB server version for the right syntax to use near 'الترحيلات يع?
ل؛ لا يغيّر بيانات.
SET @orange_schem...' at line 1
[20-Apr-2026 21:23:33 Asia/Kuwait] [orange] migration failed 000_runner_baseline.sql: SQLSTATE[42000]: Syntax error or access violation: 1064 You have an error in your SQL syntax; check the manual that corresponds to your MariaDB server version for the right syntax to use near 'الترحيلات يع?
ل؛ لا يغيّر بيانات.
SET @orange_schem...' at line 1
[20-Apr-2026 21:23:33 Asia/Kuwait] [orange] migration failed 000_runner_baseline.sql: SQLSTATE[42000]: Syntax error or access violation: 1064 You have an error in your SQL syntax; check the manual that corresponds to your MariaDB server version for the right syntax to use near 'الترحيلات يع?
ل؛ لا يغيّر بيانات.
SET @orange_schem...' at line 1
[20-Apr-2026 21:23:33 Asia/Kuwait] [orange] migration failed 000_runner_baseline.sql: SQLSTATE[42000]: Syntax error or access violation: 1064 You have an error in your SQL syntax; check the manual that corresponds to your MariaDB server version for the right syntax to use near 'الترحيلات يع?
ل؛ لا يغيّر بيانات.
SET @orange_schem...' at line 1
[20-Apr-2026 21:23:33 Asia/Kuwait] [orange] migration failed 000_runner_baseline.sql: SQLSTATE[42000]: Syntax error or access violation: 1064 You have an error in your SQL syntax; check the manual that corresponds to your MariaDB server version for the right syntax to use near 'الترحيلات يع?
ل؛ لا يغيّر بيانات.
SET @orange_schem...' at line 1
[20-Apr-2026 21:23:33 Asia/Kuwait] [orange] migration failed 000_runner_baseline.sql: SQLSTATE[42000]: Syntax error or access violation: 1064 You have an error in your SQL syntax; check the manual that corresponds to your MariaDB server version for the right syntax to use near 'الترحيلات يع?
ل؛ لا يغيّر بيانات.
SET @orange_schem...' at line 1
[20-Apr-2026 21:23:33 Asia/Kuwait] [orange] migration failed 000_runner_baseline.sql: SQLSTATE[42000]: Syntax error or access violation: 1064 You have an error in your SQL syntax; check the manual that corresponds to your MariaDB server version for the right syntax to use near 'الترحيلات يع?
ل؛ لا يغيّر بيانات.
SET @orange_schem...' at line 1
[20-Apr-2026 21:23:33 Asia/Kuwait] [orange] migration failed 000_runner_baseline.sql: SQLSTATE[42000]: Syntax error or access violation: 1064 You have an error in your SQL syntax; check the manual that corresponds to your MariaDB server version for the right syntax to use near 'الترحيلات يع?
ل؛ لا يغيّر بيانات.
SET @orange_schem...' at line 1
[20-Apr-2026 21:23:33 Asia/Kuwait] [orange] migration failed 000_runner_baseline.sql: SQLSTATE[42000]: Syntax error or access violation: 1064 You have an error in your SQL syntax; check the manual that corresponds to your MariaDB server version for the right syntax to use near 'الترحيلات يع?
ل؛ لا يغيّر بيانات.
SET @orange_schem...' at line 1
[20-Apr-2026 21:26:15 Asia/Kuwait] [orange] migration failed 000_runner_baseline.sql: SQLSTATE[42000]: Syntax error or access violation: 1064 You have an error in your SQL syntax; check the manual that corresponds to your MariaDB server version for the right syntax to use near 'الترحيلات يع?
ل؛ لا يغيّر بيانات.
SET @orange_schem...' at line 1
[20-Apr-2026 21:26:32 Asia/Kuwait] [orange] migration failed 000_runner_baseline.sql: SQLSTATE[42000]: Syntax error or access violation: 1064 You have an error in your SQL syntax; check the manual that corresponds to your MariaDB server version for the right syntax to use near 'الترحيلات يع?
ل؛ لا يغيّر بيانات.
SET @orange_schem...' at line 1
[20-Apr-2026 21:26:38 Asia/Kuwait] [orange] migration failed 000_runner_baseline.sql: SQLSTATE[42000]: Syntax error or access violation: 1064 You have an error in your SQL syntax; check the manual that corresponds to your MariaDB server version for the right syntax to use near 'الترحيلات يع?
ل؛ لا يغيّر بيانات.
SET @orange_schem...' at line 1
[20-Apr-2026 21:27:10 Asia/Kuwait] [orange] migration failed 000_runner_baseline.sql: SQLSTATE[42000]: Syntax error or access violation: 1064 You have an error in your SQL syntax; check the manual that corresponds to your MariaDB server version for the right syntax to use near 'الترحيلات يع?
ل؛ لا يغيّر بيانات.
SET @orange_schem...' at line 1
[20-Apr-2026 21:27:20 Asia/Kuwait] [orange] migration failed 000_runner_baseline.sql: SQLSTATE[42000]: Syntax error or access violation: 1064 You have an error in your SQL syntax; check the manual that corresponds to your MariaDB server version for the right syntax to use near 'الترحيلات يع?
ل؛ لا يغيّر بيانات.
SET @orange_schem...' at line 1
[20-Apr-2026 21:27:50 Asia/Kuwait] [orange] migration failed 000_runner_baseline.sql: SQLSTATE[42000]: Syntax error or access violation: 1064 You have an error in your SQL syntax; check the manual that corresponds to your MariaDB server version for the right syntax to use near 'الترحيلات يع?
ل؛ لا يغيّر بيانات.
SET @orange_schem...' at line 1
[20-Apr-2026 21:56:49 Asia/Kuwait] [orange] migration failed 000_runner_baseline.sql: SQLSTATE[42000]: Syntax error or access violation: 1064 You have an error in your SQL syntax; check the manual that corresponds to your MariaDB server version for the right syntax to use near 'الترحيلات يع?
ل؛ لا يغيّر بيانات.
SET @orange_schem...' at line 1
[20-Apr-2026 21:56:51 Asia/Kuwait] [orange] migration failed 000_runner_baseline.sql: SQLSTATE[42000]: Syntax error or access violation: 1064 You have an error in your SQL syntax; check the manual that corresponds to your MariaDB server version for the right syntax to use near 'الترحيلات يع?
ل؛ لا يغيّر بيانات.
SET @orange_schem...' at line 1
[20-Apr-2026 21:56:55 Asia/Kuwait] [orange] migration failed 000_runner_baseline.sql: SQLSTATE[42000]: Syntax error or access violation: 1064 You have an error in your SQL syntax; check the manual that corresponds to your MariaDB server version for the right syntax to use near 'الترحيلات يع?
ل؛ لا يغيّر بيانات.
SET @orange_schem...' at line 1
[20-Apr-2026 22:02:15 Asia/Kuwait] [orange] migration failed 000_runner_baseline.sql: SQLSTATE[42000]: Syntax error or access violation: 1064 You have an error in your SQL syntax; check the manual that corresponds to your MariaDB server version for the right syntax to use near 'الترحيلات يع?
ل؛ لا يغيّر بيانات.
SET @orange_schem...' at line 1
[20-Apr-2026 22:02:31 Asia/Kuwait] [orange] migration failed 000_runner_baseline.sql: SQLSTATE[42000]: Syntax error or access violation: 1064 You have an error in your SQL syntax; check the manual that corresponds to your MariaDB server version for the right syntax to use near 'الترحيلات يع?
ل؛ لا يغيّر بيانات.
SET @orange_schem...' at line 1
[20-Apr-2026 22:26:20 Asia/Kuwait] [orange] migration failed 000_runner_baseline.sql: SQLSTATE[42000]: Syntax error or access violation: 1064 You have an error in your SQL syntax; check the manual that corresponds to your MariaDB server version for the right syntax to use near 'الترحيلات يع?
ل؛ لا يغيّر بيانات.
SET @orange_schem...' at line 1
[20-Apr-2026 22:28:10 Asia/Kuwait] [orange] migration failed 000_runner_baseline.sql: SQLSTATE[42000]: Syntax error or access violation: 1064 You have an error in your SQL syntax; check the manual that corresponds to your MariaDB server version for the right syntax to use near 'الترحيلات يع?
ل؛ لا يغيّر بيانات.
SET @orange_schem...' at line 1
[20-Apr-2026 22:28:12 Asia/Kuwait] [orange] migration failed 000_runner_baseline.sql: SQLSTATE[42000]: Syntax error or access violation: 1064 You have an error in your SQL syntax; check the manual that corresponds to your MariaDB server version for the right syntax to use near 'الترحيلات يع?
ل؛ لا يغيّر بيانات.
SET @orange_schem...' at line 1
[20-Apr-2026 22:28:26 Asia/Kuwait] [orange] migration failed 000_runner_baseline.sql: SQLSTATE[42000]: Syntax error or access violation: 1064 You have an error in your SQL syntax; check the manual that corresponds to your MariaDB server version for the right syntax to use near 'الترحيلات يع?
ل؛ لا يغيّر بيانات.
SET @orange_schem...' at line 1
[20-Apr-2026 22:28:27 Asia/Kuwait] [orange] migration failed 000_runner_baseline.sql: SQLSTATE[42000]: Syntax error or access violation: 1064 You have an error in your SQL syntax; check the manual that corresponds to your MariaDB server version for the right syntax to use near 'الترحيلات يع?
ل؛ لا يغيّر بيانات.
SET @orange_schem...' at line 1
[20-Apr-2026 22:28:30 Asia/Kuwait] [orange] migration failed 000_runner_baseline.sql: SQLSTATE[42000]: Syntax error or access violation: 1064 You have an error in your SQL syntax; check the manual that corresponds to your MariaDB server version for the right syntax to use near 'الترحيلات يع?
ل؛ لا يغيّر بيانات.
SET @orange_schem...' at line 1
[20-Apr-2026 22:28:32 Asia/Kuwait] [orange] migration failed 000_runner_baseline.sql: SQLSTATE[42000]: Syntax error or access violation: 1064 You have an error in your SQL syntax; check the manual that corresponds to your MariaDB server version for the right syntax to use near 'الترحيلات يع?
ل؛ لا يغيّر بيانات.
SET @orange_schem...' at line 1
[20-Apr-2026 22:36:10 Asia/Kuwait] [orange] migration failed 000_runner_baseline.sql: SQLSTATE[42000]: Syntax error or access violation: 1064 You have an error in your SQL syntax; check the manual that corresponds to your MariaDB server version for the right syntax to use near 'الترحيلات يع?
ل؛ لا يغيّر بيانات.
SET @orange_schem...' at line 1
[20-Apr-2026 22:36:15 Asia/Kuwait] [orange] migration failed 000_runner_baseline.sql: SQLSTATE[42000]: Syntax error or access violation: 1064 You have an error in your SQL syntax; check the manual that corresponds to your MariaDB server version for the right syntax to use near 'الترحيلات يع?
ل؛ لا يغيّر بيانات.
SET @orange_schem...' at line 1
[20-Apr-2026 22:36:15 Asia/Kuwait] [orange] migration failed 000_runner_baseline.sql: SQLSTATE[42000]: Syntax error or access violation: 1064 You have an error in your SQL syntax; check the manual that corresponds to your MariaDB server version for the right syntax to use near 'الترحيلات يع?
ل؛ لا يغيّر بيانات.
SET @orange_schem...' at line 1
[20-Apr-2026 22:36:20 Asia/Kuwait] [orange] migration failed 000_runner_baseline.sql: SQLSTATE[42000]: Syntax error or access violation: 1064 You have an error in your SQL syntax; check the manual that corresponds to your MariaDB server version for the right syntax to use near 'الترحيلات يع?
ل؛ لا يغيّر بيانات.
SET @orange_schem...' at line 1
[20-Apr-2026 22:36:21 Asia/Kuwait] [orange] migration failed 000_runner_baseline.sql: SQLSTATE[42000]: Syntax error or access violation: 1064 You have an error in your SQL syntax; check the manual that corresponds to your MariaDB server version for the right syntax to use near 'الترحيلات يع?
ل؛ لا يغيّر بيانات.
SET @orange_schem...' at line 1
[20-Apr-2026 22:36:25 Asia/Kuwait] [orange] migration failed 000_runner_baseline.sql: SQLSTATE[42000]: Syntax error or access violation: 1064 You have an error in your SQL syntax; check the manual that corresponds to your MariaDB server version for the right syntax to use near 'الترحيلات يع?
ل؛ لا يغيّر بيانات.
SET @orange_schem...' at line 1
[20-Apr-2026 22:36:26 Asia/Kuwait] [orange] migration failed 000_runner_baseline.sql: SQLSTATE[42000]: Syntax error or access violation: 1064 You have an error in your SQL syntax; check the manual that corresponds to your MariaDB server version for the right syntax to use near 'الترحيلات يع?
ل؛ لا يغيّر بيانات.
SET @orange_schem...' at line 1
[20-Apr-2026 22:36:27 Asia/Kuwait] [orange] migration failed 000_runner_baseline.sql: SQLSTATE[42000]: Syntax error or access violation: 1064 You have an error in your SQL syntax; check the manual that corresponds to your MariaDB server version for the right syntax to use near 'الترحيلات يع?
ل؛ لا يغيّر بيانات.
SET @orange_schem...' at line 1
[20-Apr-2026 22:36:27 Asia/Kuwait] [orange] migration failed 000_runner_baseline.sql: SQLSTATE[42000]: Syntax error or access violation: 1064 You have an error in your SQL syntax; check the manual that corresponds to your MariaDB server version for the right syntax to use near 'الترحيلات يع?
ل؛ لا يغيّر بيانات.
SET @orange_schem...' at line 1
[20-Apr-2026 22:36:28 Asia/Kuwait] [orange] migration failed 000_runner_baseline.sql: SQLSTATE[42000]: Syntax error or access violation: 1064 You have an error in your SQL syntax; check the manual that corresponds to your MariaDB server version for the right syntax to use near 'الترحيلات يع?
ل؛ لا يغيّر بيانات.
SET @orange_schem...' at line 1
[20-Apr-2026 22:37:01 Asia/Kuwait] [orange] migration failed 000_runner_baseline.sql: SQLSTATE[42000]: Syntax error or access violation: 1064 You have an error in your SQL syntax; check the manual that corresponds to your MariaDB server version for the right syntax to use near 'الترحيلات يع?
ل؛ لا يغيّر بيانات.
SET @orange_schem...' at line 1
[20-Apr-2026 22:37:01 Asia/Kuwait] PHP Fatal error:  Uncaught TypeError: htmlspecialchars(): Argument #1 ($string) must be of type string, int given in C:\inetpub\vhosts\clickstorekw.com\orangeshoppro.com\includes\storefront_phone_country_select.php:29
Stack trace:
#0 C:\inetpub\vhosts\clickstorekw.com\orangeshoppro.com\includes\storefront_phone_country_select.php(29): htmlspecialchars()
#1 C:\inetpub\vhosts\clickstorekw.com\orangeshoppro.com\pages\cart.php(56): orange_storefront_render_phone_country_select()
#2 C:\inetpub\vhosts\clickstorekw.com\orangeshoppro.com\storefront-dispatch.php(63): require('...')
#3 {main}
  thrown in C:\inetpub\vhosts\clickstorekw.com\orangeshoppro.com\includes\storefront_phone_country_select.php on line 29
[20-Apr-2026 22:37:02 Asia/Kuwait] [orange] migration failed 000_runner_baseline.sql: SQLSTATE[42000]: Syntax error or access violation: 1064 You have an error in your SQL syntax; check the manual that corresponds to your MariaDB server version for the right syntax to use near 'الترحيلات يع?
ل؛ لا يغيّر بيانات.
SET @orange_schem...' at line 1
[20-Apr-2026 22:37:03 Asia/Kuwait] [orange] migration failed 000_runner_baseline.sql: SQLSTATE[42000]: Syntax error or access violation: 1064 You have an error in your SQL syntax; check the manual that corresponds to your MariaDB server version for the right syntax to use near 'الترحيلات يع?
ل؛ لا يغيّر بيانات.
SET @orange_schem...' at line 1
[20-Apr-2026 22:37:03 Asia/Kuwait] PHP Fatal error:  Uncaught TypeError: htmlspecialchars(): Argument #1 ($string) must be of type string, int given in C:\inetpub\vhosts\clickstorekw.com\orangeshoppro.com\includes\storefront_phone_country_select.php:29
Stack trace:
#0 C:\inetpub\vhosts\clickstorekw.com\orangeshoppro.com\includes\storefront_phone_country_select.php(29): htmlspecialchars()
#1 C:\inetpub\vhosts\clickstorekw.com\orangeshoppro.com\pages\track.php(63): orange_storefront_render_phone_country_select()
#2 C:\inetpub\vhosts\clickstorekw.com\orangeshoppro.com\storefront-dispatch.php(68): require('...')
#3 {main}
  thrown in C:\inetpub\vhosts\clickstorekw.com\orangeshoppro.com\includes\storefront_phone_country_select.php on line 29
[20-Apr-2026 22:37:04 Asia/Kuwait] [orange] migration failed 000_runner_baseline.sql: SQLSTATE[42000]: Syntax error or access violation: 1064 You have an error in your SQL syntax; check the manual that corresponds to your MariaDB server version for the right syntax to use near 'الترحيلات يع?
ل؛ لا يغيّر بيانات.
SET @orange_schem...' at line 1
[20-Apr-2026 22:37:06 Asia/Kuwait] [orange] migration failed 000_runner_baseline.sql: SQLSTATE[42000]: Syntax error or access violation: 1064 You have an error in your SQL syntax; check the manual that corresponds to your MariaDB server version for the right syntax to use near 'الترحيلات يع?
ل؛ لا يغيّر بيانات.
SET @orange_schem...' at line 1
[20-Apr-2026 22:37:06 Asia/Kuwait] PHP Fatal error:  Uncaught TypeError: htmlspecialchars(): Argument #1 ($string) must be of type string, int given in C:\inetpub\vhosts\clickstorekw.com\orangeshoppro.com\includes\storefront_phone_country_select.php:29
Stack trace:
#0 C:\inetpub\vhosts\clickstorekw.com\orangeshoppro.com\includes\storefront_phone_country_select.php(29): htmlspecialchars()
#1 C:\inetpub\vhosts\clickstorekw.com\orangeshoppro.com\pages\track.php(63): orange_storefront_render_phone_country_select()
#2 C:\inetpub\vhosts\clickstorekw.com\orangeshoppro.com\storefront-dispatch.php(68): require('...')
#3 {main}
  thrown in C:\inetpub\vhosts\clickstorekw.com\orangeshoppro.com\includes\storefront_phone_country_select.php on line 29
[20-Apr-2026 22:37:07 Asia/Kuwait] [orange] migration failed 000_runner_baseline.sql: SQLSTATE[42000]: Syntax error or access violation: 1064 You have an error in your SQL syntax; check the manual that corresponds to your MariaDB server version for the right syntax to use near 'الترحيلات يع?
ل؛ لا يغيّر بيانات.
SET @orange_schem...' at line 1
[20-Apr-2026 22:37:07 Asia/Kuwait] [orange] migration failed 000_runner_baseline.sql: SQLSTATE[42000]: Syntax error or access violation: 1064 You have an error in your SQL syntax; check the manual that corresponds to your MariaDB server version for the right syntax to use near 'الترحيلات يع?
ل؛ لا يغيّر بيانات.
SET @orange_schem...' at line 1
[20-Apr-2026 22:37:07 Asia/Kuwait] PHP Fatal error:  Uncaught TypeError: htmlspecialchars(): Argument #1 ($string) must be of type string, int given in C:\inetpub\vhosts\clickstorekw.com\orangeshoppro.com\includes\storefront_phone_country_select.php:29
Stack trace:
#0 C:\inetpub\vhosts\clickstorekw.com\orangeshoppro.com\includes\storefront_phone_country_select.php(29): htmlspecialchars()
#1 C:\inetpub\vhosts\clickstorekw.com\orangeshoppro.com\pages\track.php(63): orange_storefront_render_phone_country_select()
#2 C:\inetpub\vhosts\clickstorekw.com\orangeshoppro.com\storefront-dispatch.php(68): require('...')
#3 {main}
  thrown in C:\inetpub\vhosts\clickstorekw.com\orangeshoppro.com\includes\storefront_phone_country_select.php on line 29
[20-Apr-2026 22:37:08 Asia/Kuwait] [orange] migration failed 000_runner_baseline.sql: SQLSTATE[42000]: Syntax error or access violation: 1064 You have an error in your SQL syntax; check the manual that corresponds to your MariaDB server version for the right syntax to use near 'الترحيلات يع?
ل؛ لا يغيّر بيانات.
SET @orange_schem...' at line 1
[20-Apr-2026 22:37:09 Asia/Kuwait] [orange] migration failed 000_runner_baseline.sql: SQLSTATE[42000]: Syntax error or access violation: 1064 You have an error in your SQL syntax; check the manual that corresponds to your MariaDB server version for the right syntax to use near 'الترحيلات يع?
ل؛ لا يغيّر بيانات.
SET @orange_schem...' at line 1
[20-Apr-2026 22:37:09 Asia/Kuwait] PHP Fatal error:  Uncaught TypeError: htmlspecialchars(): Argument #1 ($string) must be of type string, int given in C:\inetpub\vhosts\clickstorekw.com\orangeshoppro.com\includes\storefront_phone_country_select.php:29
Stack trace:
#0 C:\inetpub\vhosts\clickstorekw.com\orangeshoppro.com\includes\storefront_phone_country_select.php(29): htmlspecialchars()
#1 C:\inetpub\vhosts\clickstorekw.com\orangeshoppro.com\pages\register.php(111): orange_storefront_render_phone_country_select()
#2 {main}
  thrown in C:\inetpub\vhosts\clickstorekw.com\orangeshoppro.com\includes\storefront_phone_country_select.php on line 29
[20-Apr-2026 22:37:10 Asia/Kuwait] [orange] migration failed 000_runner_baseline.sql: SQLSTATE[42000]: Syntax error or access violation: 1064 You have an error in your SQL syntax; check the manual that corresponds to your MariaDB server version for the right syntax to use near 'الترحيلات يع?
ل؛ لا يغيّر بيانات.
SET @orange_schem...' at line 1
[20-Apr-2026 22:37:11 Asia/Kuwait] [orange] migration failed 000_runner_baseline.sql: SQLSTATE[42000]: Syntax error or access violation: 1064 You have an error in your SQL syntax; check the manual that corresponds to your MariaDB server version for the right syntax to use near 'الترحيلات يع?
ل؛ لا يغيّر بيانات.
SET @orange_schem...' at line 1
[20-Apr-2026 22:37:14 Asia/Kuwait] [orange] migration failed 000_runner_baseline.sql: SQLSTATE[42000]: Syntax error or access violation: 1064 You have an error in your SQL syntax; check the manual that corresponds to your MariaDB server version for the right syntax to use near 'الترحيلات يع?
ل؛ لا يغيّر بيانات.
SET @orange_schem...' at line 1
[20-Apr-2026 22:37:15 Asia/Kuwait] PHP Fatal error:  Uncaught TypeError: htmlspecialchars(): Argument #1 ($string) must be of type string, int given in C:\inetpub\vhosts\clickstorekw.com\orangeshoppro.com\includes\storefront_phone_country_select.php:29
Stack trace:
#0 C:\inetpub\vhosts\clickstorekw.com\orangeshoppro.com\includes\storefront_phone_country_select.php(29): htmlspecialchars()
#1 C:\inetpub\vhosts\clickstorekw.com\orangeshoppro.com\pages\register.php(111): orange_storefront_render_phone_country_select()
#2 {main}
  thrown in C:\inetpub\vhosts\clickstorekw.com\orangeshoppro.com\includes\storefront_phone_country_select.php on line 29
[20-Apr-2026 22:37:15 Asia/Kuwait] [orange] migration failed 000_runner_baseline.sql: SQLSTATE[42000]: Syntax error or access violation: 1064 You have an error in your SQL syntax; check the manual that corresponds to your MariaDB server version for the right syntax to use near 'الترحيلات يع?
ل؛ لا يغيّر بيانات.
SET @orange_schem...' at line 1
[20-Apr-2026 22:37:16 Asia/Kuwait] [orange] migration failed 000_runner_baseline.sql: SQLSTATE[42000]: Syntax error or access violation: 1064 You have an error in your SQL syntax; check the manual that corresponds to your MariaDB server version for the right syntax to use near 'الترحيلات يع?
ل؛ لا يغيّر بيانات.
SET @orange_schem...' at line 1
[20-Apr-2026 22:37:22 Asia/Kuwait] [orange] migration failed 000_runner_baseline.sql: SQLSTATE[42000]: Syntax error or access violation: 1064 You have an error in your SQL syntax; check the manual that corresponds to your MariaDB server version for the right syntax to use near 'الترحيلات يع?
ل؛ لا يغيّر بيانات.
SET @orange_schem...' at line 1
[20-Apr-2026 22:37:22 Asia/Kuwait] PHP Fatal error:  Uncaught TypeError: htmlspecialchars(): Argument #1 ($string) must be of type string, int given in C:\inetpub\vhosts\clickstorekw.com\orangeshoppro.com\includes\storefront_phone_country_select.php:29
Stack trace:
#0 C:\inetpub\vhosts\clickstorekw.com\orangeshoppro.com\includes\storefront_phone_country_select.php(29): htmlspecialchars()
#1 C:\inetpub\vhosts\clickstorekw.com\orangeshoppro.com\pages\register.php(111): orange_storefront_render_phone_country_select()
#2 {main}
  thrown in C:\inetpub\vhosts\clickstorekw.com\orangeshoppro.com\includes\storefront_phone_country_select.php on line 29
[20-Apr-2026 22:37:23 Asia/Kuwait] [orange] migration failed 000_runner_baseline.sql: SQLSTATE[42000]: Syntax error or access violation: 1064 You have an error in your SQL syntax; check the manual that corresponds to your MariaDB server version for the right syntax to use near 'الترحيلات يع?
ل؛ لا يغيّر بيانات.
SET @orange_schem...' at line 1
[20-Apr-2026 22:37:28 Asia/Kuwait] [orange] migration failed 000_runner_baseline.sql: SQLSTATE[42000]: Syntax error or access violation: 1064 You have an error in your SQL syntax; check the manual that corresponds to your MariaDB server version for the right syntax to use near 'الترحيلات يع?
ل؛ لا يغيّر بيانات.
SET @orange_schem...' at line 1
[20-Apr-2026 22:37:28 Asia/Kuwait] PHP Fatal error:  Uncaught TypeError: htmlspecialchars(): Argument #1 ($string) must be of type string, int given in C:\inetpub\vhosts\clickstorekw.com\orangeshoppro.com\includes\storefront_phone_country_select.php:29
Stack trace:
#0 C:\inetpub\vhosts\clickstorekw.com\orangeshoppro.com\includes\storefront_phone_country_select.php(29): htmlspecialchars()
#1 C:\inetpub\vhosts\clickstorekw.com\orangeshoppro.com\pages\cart.php(56): orange_storefront_render_phone_country_select()
#2 C:\inetpub\vhosts\clickstorekw.com\orangeshoppro.com\storefront-dispatch.php(63): require('...')
#3 {main}
  thrown in C:\inetpub\vhosts\clickstorekw.com\orangeshoppro.com\includes\storefront_phone_country_select.php on line 29
[20-Apr-2026 22:37:29 Asia/Kuwait] [orange] migration failed 000_runner_baseline.sql: SQLSTATE[42000]: Syntax error or access violation: 1064 You have an error in your SQL syntax; check the manual that corresponds to your MariaDB server version for the right syntax to use near 'الترحيلات يع?
ل؛ لا يغيّر بيانات.
SET @orange_schem...' at line 1
[20-Apr-2026 22:37:32 Asia/Kuwait] [orange] migration failed 000_runner_baseline.sql: SQLSTATE[42000]: Syntax error or access violation: 1064 You have an error in your SQL syntax; check the manual that corresponds to your MariaDB server version for the right syntax to use near 'الترحيلات يع?
ل؛ لا يغيّر بيانات.
SET @orange_schem...' at line 1
[20-Apr-2026 22:37:32 Asia/Kuwait] PHP Fatal error:  Uncaught TypeError: htmlspecialchars(): Argument #1 ($string) must be of type string, int given in C:\inetpub\vhosts\clickstorekw.com\orangeshoppro.com\includes\storefront_phone_country_select.php:29
Stack trace:
#0 C:\inetpub\vhosts\clickstorekw.com\orangeshoppro.com\includes\storefront_phone_country_select.php(29): htmlspecialchars()
#1 C:\inetpub\vhosts\clickstorekw.com\orangeshoppro.com\pages\track.php(63): orange_storefront_render_phone_country_select()
#2 C:\inetpub\vhosts\clickstorekw.com\orangeshoppro.com\storefront-dispatch.php(68): require('...')
#3 {main}
  thrown in C:\inetpub\vhosts\clickstorekw.com\orangeshoppro.com\includes\storefront_phone_country_select.php on line 29
[20-Apr-2026 22:37:33 Asia/Kuwait] [orange] migration failed 000_runner_baseline.sql: SQLSTATE[42000]: Syntax error or access violation: 1064 You have an error in your SQL syntax; check the manual that corresponds to your MariaDB server version for the right syntax to use near 'الترحيلات يع?
ل؛ لا يغيّر بيانات.
SET @orange_schem...' at line 1
[20-Apr-2026 22:37:37 Asia/Kuwait] [orange] migration failed 000_runner_baseline.sql: SQLSTATE[42000]: Syntax error or access violation: 1064 You have an error in your SQL syntax; check the manual that corresponds to your MariaDB server version for the right syntax to use near 'الترحيلات يع?
ل؛ لا يغيّر بيانات.
SET @orange_schem...' at line 1
[20-Apr-2026 22:37:37 Asia/Kuwait] PHP Fatal error:  Uncaught TypeError: htmlspecialchars(): Argument #1 ($string) must be of type string, int given in C:\inetpub\vhosts\clickstorekw.com\orangeshoppro.com\includes\storefront_phone_country_select.php:29
Stack trace:
#0 C:\inetpub\vhosts\clickstorekw.com\orangeshoppro.com\includes\storefront_phone_country_select.php(29): htmlspecialchars()
#1 C:\inetpub\vhosts\clickstorekw.com\orangeshoppro.com\pages\cart.php(56): orange_storefront_render_phone_country_select()
#2 C:\inetpub\vhosts\clickstorekw.com\orangeshoppro.com\storefront-dispatch.php(63): require('...')
#3 {main}
  thrown in C:\inetpub\vhosts\clickstorekw.com\orangeshoppro.com\includes\storefront_phone_country_select.php on line 29
[20-Apr-2026 22:37:38 Asia/Kuwait] [orange] migration failed 000_runner_baseline.sql: SQLSTATE[42000]: Syntax error or access violation: 1064 You have an error in your SQL syntax; check the manual that corresponds to your MariaDB server version for the right syntax to use near 'الترحيلات يع?
ل؛ لا يغيّر بيانات.
SET @orange_schem...' at line 1
[20-Apr-2026 22:37:39 Asia/Kuwait] [orange] migration failed 000_runner_baseline.sql: SQLSTATE[42000]: Syntax error or access violation: 1064 You have an error in your SQL syntax; check the manual that corresponds to your MariaDB server version for the right syntax to use near 'الترحيلات يع?
ل؛ لا يغيّر بيانات.
SET @orange_schem...' at line 1
[20-Apr-2026 22:37:39 Asia/Kuwait] PHP Fatal error:  Uncaught TypeError: htmlspecialchars(): Argument #1 ($string) must be of type string, int given in C:\inetpub\vhosts\clickstorekw.com\orangeshoppro.com\includes\storefront_phone_country_select.php:29
Stack trace:
#0 C:\inetpub\vhosts\clickstorekw.com\orangeshoppro.com\includes\storefront_phone_country_select.php(29): htmlspecialchars()
#1 C:\inetpub\vhosts\clickstorekw.com\orangeshoppro.com\pages\track.php(63): orange_storefront_render_phone_country_select()
#2 C:\inetpub\vhosts\clickstorekw.com\orangeshoppro.com\storefront-dispatch.php(68): require('...')
#3 {main}
  thrown in C:\inetpub\vhosts\clickstorekw.com\orangeshoppro.com\includes\storefront_phone_country_select.php on line 29
[20-Apr-2026 22:37:40 Asia/Kuwait] [orange] migration failed 000_runner_baseline.sql: SQLSTATE[42000]: Syntax error or access violation: 1064 You have an error in your SQL syntax; check the manual that corresponds to your MariaDB server version for the right syntax to use near 'الترحيلات يع?
ل؛ لا يغيّر بيانات.
SET @orange_schem...' at line 1
[20-Apr-2026 22:37:50 Asia/Kuwait] [orange] migration failed 000_runner_baseline.sql: SQLSTATE[42000]: Syntax error or access violation: 1064 You have an error in your SQL syntax; check the manual that corresponds to your MariaDB server version for the right syntax to use near 'الترحيلات يع?
ل؛ لا يغيّر بيانات.
SET @orange_schem...' at line 1
[20-Apr-2026 22:37:50 Asia/Kuwait] [orange] migration failed 000_runner_baseline.sql: SQLSTATE[42000]: Syntax error or access violation: 1064 You have an error in your SQL syntax; check the manual that corresponds to your MariaDB server version for the right syntax to use near 'الترحيلات يع?
ل؛ لا يغيّر بيانات.
SET @orange_schem...' at line 1
[20-Apr-2026 22:38:19 Asia/Kuwait] [orange] migration failed 000_runner_baseline.sql: SQLSTATE[42000]: Syntax error or access violation: 1064 You have an error in your SQL syntax; check the manual that corresponds to your MariaDB server version for the right syntax to use near 'الترحيلات يع?
ل؛ لا يغيّر بيانات.
SET @orange_schem...' at line 1
[20-Apr-2026 22:38:21 Asia/Kuwait] [orange] migration failed 000_runner_baseline.sql: SQLSTATE[42000]: Syntax error or access violation: 1064 You have an error in your SQL syntax; check the manual that corresponds to your MariaDB server version for the right syntax to use near 'الترحيلات يع?
ل؛ لا يغيّر بيانات.
SET @orange_schem...' at line 1
[20-Apr-2026 22:38:23 Asia/Kuwait] [orange] migration failed 000_runner_baseline.sql: SQLSTATE[42000]: Syntax error or access violation: 1064 You have an error in your SQL syntax; check the manual that corresponds to your MariaDB server version for the right syntax to use near 'الترحيلات يع?
ل؛ لا يغيّر بيانات.
SET @orange_schem...' at line 1
[20-Apr-2026 22:38:23 Asia/Kuwait] PHP Fatal error:  Uncaught TypeError: htmlspecialchars(): Argument #1 ($string) must be of type string, int given in C:\inetpub\vhosts\clickstorekw.com\orangeshoppro.com\includes\storefront_phone_country_select.php:29
Stack trace:
#0 C:\inetpub\vhosts\clickstorekw.com\orangeshoppro.com\includes\storefront_phone_country_select.php(29): htmlspecialchars()
#1 C:\inetpub\vhosts\clickstorekw.com\orangeshoppro.com\pages\register.php(111): orange_storefront_render_phone_country_select()
#2 {main}
  thrown in C:\inetpub\vhosts\clickstorekw.com\orangeshoppro.com\includes\storefront_phone_country_select.php on line 29
[20-Apr-2026 22:38:24 Asia/Kuwait] [orange] migration failed 000_runner_baseline.sql: SQLSTATE[42000]: Syntax error or access violation: 1064 You have an error in your SQL syntax; check the manual that corresponds to your MariaDB server version for the right syntax to use near 'الترحيلات يع?
ل؛ لا يغيّر بيانات.
SET @orange_schem...' at line 1
[20-Apr-2026 22:42:29 Asia/Kuwait] [orange] migration failed 000_runner_baseline.sql: SQLSTATE[42000]: Syntax error or access violation: 1064 You have an error in your SQL syntax; check the manual that corresponds to your MariaDB server version for the right syntax to use near 'الترحيلات يع?
ل؛ لا يغيّر بيانات.
SET @orange_schem...' at line 1
[20-Apr-2026 22:42:29 Asia/Kuwait] PHP Fatal error:  Uncaught TypeError: htmlspecialchars(): Argument #1 ($string) must be of type string, int given in C:\inetpub\vhosts\clickstorekw.com\orangeshoppro.com\includes\storefront_phone_country_select.php:29
Stack trace:
#0 C:\inetpub\vhosts\clickstorekw.com\orangeshoppro.com\includes\storefront_phone_country_select.php(29): htmlspecialchars()
#1 C:\inetpub\vhosts\clickstorekw.com\orangeshoppro.com\pages\register.php(111): orange_storefront_render_phone_country_select()
#2 {main}
  thrown in C:\inetpub\vhosts\clickstorekw.com\orangeshoppro.com\includes\storefront_phone_country_select.php on line 29
[20-Apr-2026 22:42:32 Asia/Kuwait] [orange] migration failed 000_runner_baseline.sql: SQLSTATE[42000]: Syntax error or access violation: 1064 You have an error in your SQL syntax; check the manual that corresponds to your MariaDB server version for the right syntax to use near 'الترحيلات يع?
ل؛ لا يغيّر بيانات.
SET @orange_schem...' at line 1
[20-Apr-2026 22:42:33 Asia/Kuwait] [orange] migration failed 000_runner_baseline.sql: SQLSTATE[42000]: Syntax error or access violation: 1064 You have an error in your SQL syntax; check the manual that corresponds to your MariaDB server version for the right syntax to use near 'الترحيلات يع?
ل؛ لا يغيّر بيانات.
SET @orange_schem...' at line 1
[20-Apr-2026 22:42:50 Asia/Kuwait] [orange] migration failed 000_runner_baseline.sql: SQLSTATE[42000]: Syntax error or access violation: 1064 You have an error in your SQL syntax; check the manual that corresponds to your MariaDB server version for the right syntax to use near 'الترحيلات يع?
ل؛ لا يغيّر بيانات.
SET @orange_schem...' at line 1
[20-Apr-2026 22:42:50 Asia/Kuwait] PHP Fatal error:  Uncaught TypeError: htmlspecialchars(): Argument #1 ($string) must be of type string, int given in C:\inetpub\vhosts\clickstorekw.com\orangeshoppro.com\includes\storefront_phone_country_select.php:29
Stack trace:
#0 C:\inetpub\vhosts\clickstorekw.com\orangeshoppro.com\includes\storefront_phone_country_select.php(29): htmlspecialchars()
#1 C:\inetpub\vhosts\clickstorekw.com\orangeshoppro.com\pages\cart.php(56): orange_storefront_render_phone_country_select()
#2 C:\inetpub\vhosts\clickstorekw.com\orangeshoppro.com\storefront-dispatch.php(63): require('...')
#3 {main}
  thrown in C:\inetpub\vhosts\clickstorekw.com\orangeshoppro.com\includes\storefront_phone_country_select.php on line 29
[20-Apr-2026 22:42:51 Asia/Kuwait] [orange] migration failed 000_runner_baseline.sql: SQLSTATE[42000]: Syntax error or access violation: 1064 You have an error in your SQL syntax; check the manual that corresponds to your MariaDB server version for the right syntax to use near 'الترحيلات يع?
ل؛ لا يغيّر بيانات.
SET @orange_schem...' at line 1
[20-Apr-2026 22:43:35 Asia/Kuwait] [orange] migration failed 000_runner_baseline.sql: SQLSTATE[42000]: Syntax error or access violation: 1064 You have an error in your SQL syntax; check the manual that corresponds to your MariaDB server version for the right syntax to use near 'الترحيلات يع?
ل؛ لا يغيّر بيانات.
SET @orange_schem...' at line 1
[20-Apr-2026 22:47:22 Asia/Kuwait] [orange] migration failed 000_runner_baseline.sql: SQLSTATE[42000]: Syntax error or access violation: 1064 You have an error in your SQL syntax; check the manual that corresponds to your MariaDB server version for the right syntax to use near 'الترحيلات يع?
ل؛ لا يغيّر بيانات.
SET @orange_schem...' at line 1
[20-Apr-2026 22:48:02 Asia/Kuwait] [orange] migration failed 000_runner_baseline.sql: SQLSTATE[42000]: Syntax error or access violation: 1064 You have an error in your SQL syntax; check the manual that corresponds to your MariaDB server version for the right syntax to use near 'الترحيلات يع?
ل؛ لا يغيّر بيانات.
SET @orange_schem...' at line 1
[20-Apr-2026 22:48:17 Asia/Kuwait] [orange] migration failed 000_runner_baseline.sql: SQLSTATE[42000]: Syntax error or access violation: 1064 You have an error in your SQL syntax; check the manual that corresponds to your MariaDB server version for the right syntax to use near 'الترحيلات يع?
ل؛ لا يغيّر بيانات.
SET @orange_schem...' at line 1
[20-Apr-2026 22:53:04 Asia/Kuwait] [orange] migration failed 000_runner_baseline.sql: SQLSTATE[42000]: Syntax error or access violation: 1064 You have an error in your SQL syntax; check the manual that corresponds to your MariaDB server version for the right syntax to use near 'الترحيلات يع?
ل؛ لا يغيّر بيانات.
SET @orange_schem...' at line 1
[20-Apr-2026 22:53:06 Asia/Kuwait] [orange] migration failed 000_runner_baseline.sql: SQLSTATE[42000]: Syntax error or access violation: 1064 You have an error in your SQL syntax; check the manual that corresponds to your MariaDB server version for the right syntax to use near 'الترحيلات يع?
ل؛ لا يغيّر بيانات.
SET @orange_schem...' at line 1
[20-Apr-2026 22:53:09 Asia/Kuwait] [orange] migration failed 000_runner_baseline.sql: SQLSTATE[42000]: Syntax error or access violation: 1064 You have an error in your SQL syntax; check the manual that corresponds to your MariaDB server version for the right syntax to use near 'الترحيلات يع?
ل؛ لا يغيّر بيانات.
SET @orange_schem...' at line 1
[20-Apr-2026 22:53:10 Asia/Kuwait] [orange] migration failed 000_runner_baseline.sql: SQLSTATE[42000]: Syntax error or access violation: 1064 You have an error in your SQL syntax; check the manual that corresponds to your MariaDB server version for the right syntax to use near 'الترحيلات يع?
ل؛ لا يغيّر بيانات.
SET @orange_schem...' at line 1
[20-Apr-2026 22:53:13 Asia/Kuwait] [orange] migration failed 000_runner_baseline.sql: SQLSTATE[42000]: Syntax error or access violation: 1064 You have an error in your SQL syntax; check the manual that corresponds to your MariaDB server version for the right syntax to use near 'الترحيلات يع?
ل؛ لا يغيّر بيانات.
SET @orange_schem...' at line 1
[20-Apr-2026 22:53:14 Asia/Kuwait] [orange] migration failed 000_runner_baseline.sql: SQLSTATE[42000]: Syntax error or access violation: 1064 You have an error in your SQL syntax; check the manual that corresponds to your MariaDB server version for the right syntax to use near 'الترحيلات يع?
ل؛ لا يغيّر بيانات.
SET @orange_schem...' at line 1
[20-Apr-2026 22:57:01 Asia/Kuwait] [orange] migration failed 000_runner_baseline.sql: SQLSTATE[42000]: Syntax error or access violation: 1064 You have an error in your SQL syntax; check the manual that corresponds to your MariaDB server version for the right syntax to use near 'الترحيلات يع?
ل؛ لا يغيّر بيانات.
SET @orange_schem...' at line 1
[20-Apr-2026 22:59:26 Asia/Kuwait] [orange] migration failed 000_runner_baseline.sql: SQLSTATE[42000]: Syntax error or access violation: 1064 You have an error in your SQL syntax; check the manual that corresponds to your MariaDB server version for the right syntax to use near 'الترحيلات يع?
ل؛ لا يغيّر بيانات.
SET @orange_schem...' at line 1
[20-Apr-2026 22:59:46 Asia/Kuwait] [orange] migration failed 000_runner_baseline.sql: SQLSTATE[42000]: Syntax error or access violation: 1064 You have an error in your SQL syntax; check the manual that corresponds to your MariaDB server version for the right syntax to use near 'الترحيلات يع?
ل؛ لا يغيّر بيانات.
SET @orange_schem...' at line 1
[20-Apr-2026 22:59:47 Asia/Kuwait] [orange] migration failed 000_runner_baseline.sql: SQLSTATE[42000]: Syntax error or access violation: 1064 You have an error in your SQL syntax; check the manual that corresponds to your MariaDB server version for the right syntax to use near 'الترحيلات يع?
ل؛ لا يغيّر بيانات.
SET @orange_schem...' at line 1
[20-Apr-2026 23:06:32 Asia/Kuwait] [orange] migration failed 000_runner_baseline.sql: SQLSTATE[42000]: Syntax error or access violation: 1064 You have an error in your SQL syntax; check the manual that corresponds to your MariaDB server version for the right syntax to use near 'الترحيلات يع?
ل؛ لا يغيّر بيانات.
SET @orange_schem...' at line 1
[20-Apr-2026 23:06:47 Asia/Kuwait] [orange] migration failed 000_runner_baseline.sql: SQLSTATE[42000]: Syntax error or access violation: 1064 You have an error in your SQL syntax; check the manual that corresponds to your MariaDB server version for the right syntax to use near 'الترحيلات يع?
ل؛ لا يغيّر بيانات.
SET @orange_schem...' at line 1
[20-Apr-2026 23:09:40 Asia/Kuwait] [orange] migration failed 000_runner_baseline.sql: SQLSTATE[42000]: Syntax error or access violation: 1064 You have an error in your SQL syntax; check the manual that corresponds to your MariaDB server version for the right syntax to use near 'الترحيلات يع?
ل؛ لا يغيّر بيانات.
SET @orange_schem...' at line 1
[20-Apr-2026 23:32:03 Asia/Kuwait] [orange] migration failed 000_runner_baseline.sql: SQLSTATE[42000]: Syntax error or access violation: 1064 You have an error in your SQL syntax; check the manual that corresponds to your MariaDB server version for the right syntax to use near 'الترحيلات يع?
ل؛ لا يغيّر بيانات.
SET @orange_schem...' at line 1
[20-Apr-2026 23:32:03 Asia/Kuwait] [orange] migration failed 000_runner_baseline.sql: SQLSTATE[42000]: Syntax error or access violation: 1064 You have an error in your SQL syntax; check the manual that corresponds to your MariaDB server version for the right syntax to use near 'الترحيلات يع?
ل؛ لا يغيّر بيانات.
SET @orange_schem...' at line 1
[20-Apr-2026 23:32:07 Asia/Kuwait] [orange] migration failed 000_runner_baseline.sql: SQLSTATE[42000]: Syntax error or access violation: 1064 You have an error in your SQL syntax; check the manual that corresponds to your MariaDB server version for the right syntax to use near 'الترحيلات يع?
ل؛ لا يغيّر بيانات.
SET @orange_schem...' at line 1
[20-Apr-2026 23:32:10 Asia/Kuwait] [orange] migration failed 000_runner_baseline.sql: SQLSTATE[42000]: Syntax error or access violation: 1064 You have an error in your SQL syntax; check the manual that corresponds to your MariaDB server version for the right syntax to use near 'الترحيلات يع?
ل؛ لا يغيّر بيانات.
SET @orange_schem...' at line 1
[20-Apr-2026 23:32:18 Asia/Kuwait] [orange] migration failed 000_runner_baseline.sql: SQLSTATE[42000]: Syntax error or access violation: 1064 You have an error in your SQL syntax; check the manual that corresponds to your MariaDB server version for the right syntax to use near 'الترحيلات يع?
ل؛ لا يغيّر بيانات.
SET @orange_schem...' at line 1
[20-Apr-2026 23:32:18 Asia/Kuwait] PHP Fatal error:  Uncaught TypeError: htmlspecialchars(): Argument #1 ($string) must be of type string, int given in C:\inetpub\vhosts\clickstorekw.com\orangeshoppro.com\includes\storefront_phone_country_select.php:29
Stack trace:
#0 C:\inetpub\vhosts\clickstorekw.com\orangeshoppro.com\includes\storefront_phone_country_select.php(29): htmlspecialchars()
#1 C:\inetpub\vhosts\clickstorekw.com\orangeshoppro.com\pages\track.php(63): orange_storefront_render_phone_country_select()
#2 C:\inetpub\vhosts\clickstorekw.com\orangeshoppro.com\storefront-dispatch.php(105): require('...')
#3 {main}
  thrown in C:\inetpub\vhosts\clickstorekw.com\orangeshoppro.com\includes\storefront_phone_country_select.php on line 29
[20-Apr-2026 23:32:19 Asia/Kuwait] [orange] migration failed 000_runner_baseline.sql: SQLSTATE[42000]: Syntax error or access violation: 1064 You have an error in your SQL syntax; check the manual that corresponds to your MariaDB server version for the right syntax to use near 'الترحيلات يع?
ل؛ لا يغيّر بيانات.
SET @orange_schem...' at line 1
[20-Apr-2026 23:32:25 Asia/Kuwait] [orange] migration failed 000_runner_baseline.sql: SQLSTATE[42000]: Syntax error or access violation: 1064 You have an error in your SQL syntax; check the manual that corresponds to your MariaDB server version for the right syntax to use near 'الترحيلات يع?
ل؛ لا يغيّر بيانات.
SET @orange_schem...' at line 1
[20-Apr-2026 23:32:25 Asia/Kuwait] PHP Fatal error:  Uncaught TypeError: htmlspecialchars(): Argument #1 ($string) must be of type string, int given in C:\inetpub\vhosts\clickstorekw.com\orangeshoppro.com\includes\storefront_phone_country_select.php:29
Stack trace:
#0 C:\inetpub\vhosts\clickstorekw.com\orangeshoppro.com\includes\storefront_phone_country_select.php(29): htmlspecialchars()
#1 C:\inetpub\vhosts\clickstorekw.com\orangeshoppro.com\pages\track.php(63): orange_storefront_render_phone_country_select()
#2 C:\inetpub\vhosts\clickstorekw.com\orangeshoppro.com\storefront-dispatch.php(105): require('...')
#3 {main}
  thrown in C:\inetpub\vhosts\clickstorekw.com\orangeshoppro.com\includes\storefront_phone_country_select.php on line 29
[20-Apr-2026 23:32:26 Asia/Kuwait] [orange] migration failed 000_runner_baseline.sql: SQLSTATE[42000]: Syntax error or access violation: 1064 You have an error in your SQL syntax; check the manual that corresponds to your MariaDB server version for the right syntax to use near 'الترحيلات يع?
ل؛ لا يغيّر بيانات.
SET @orange_schem...' at line 1
[20-Apr-2026 23:32:41 Asia/Kuwait] [orange] migration failed 000_runner_baseline.sql: SQLSTATE[42000]: Syntax error or access violation: 1064 You have an error in your SQL syntax; check the manual that corresponds to your MariaDB server version for the right syntax to use near 'الترحيلات يع?
ل؛ لا يغيّر بيانات.
SET @orange_schem...' at line 1
[20-Apr-2026 23:32:41 Asia/Kuwait] PHP Fatal error:  Uncaught TypeError: htmlspecialchars(): Argument #1 ($string) must be of type string, int given in C:\inetpub\vhosts\clickstorekw.com\orangeshoppro.com\includes\storefront_phone_country_select.php:29
Stack trace:
#0 C:\inetpub\vhosts\clickstorekw.com\orangeshoppro.com\includes\storefront_phone_country_select.php(29): htmlspecialchars()
#1 C:\inetpub\vhosts\clickstorekw.com\orangeshoppro.com\pages\register.php(111): orange_storefront_render_phone_country_select()
#2 {main}
  thrown in C:\inetpub\vhosts\clickstorekw.com\orangeshoppro.com\includes\storefront_phone_country_select.php on line 29
[20-Apr-2026 23:32:42 Asia/Kuwait] [orange] migration failed 000_runner_baseline.sql: SQLSTATE[42000]: Syntax error or access violation: 1064 You have an error in your SQL syntax; check the manual that corresponds to your MariaDB server version for the right syntax to use near 'الترحيلات يع?
ل؛ لا يغيّر بيانات.
SET @orange_schem...' at line 1
[20-Apr-2026 23:32:45 Asia/Kuwait] [orange] migration failed 000_runner_baseline.sql: SQLSTATE[42000]: Syntax error or access violation: 1064 You have an error in your SQL syntax; check the manual that corresponds to your MariaDB server version for the right syntax to use near 'الترحيلات يع?
ل؛ لا يغيّر بيانات.
SET @orange_schem...' at line 1
[20-Apr-2026 23:32:45 Asia/Kuwait] PHP Fatal error:  Uncaught TypeError: htmlspecialchars(): Argument #1 ($string) must be of type string, int given in C:\inetpub\vhosts\clickstorekw.com\orangeshoppro.com\includes\storefront_phone_country_select.php:29
Stack trace:
#0 C:\inetpub\vhosts\clickstorekw.com\orangeshoppro.com\includes\storefront_phone_country_select.php(29): htmlspecialchars()
#1 C:\inetpub\vhosts\clickstorekw.com\orangeshoppro.com\pages\register.php(111): orange_storefront_render_phone_country_select()
#2 {main}
  thrown in C:\inetpub\vhosts\clickstorekw.com\orangeshoppro.com\includes\storefront_phone_country_select.php on line 29
[20-Apr-2026 23:32:47 Asia/Kuwait] [orange] migration failed 000_runner_baseline.sql: SQLSTATE[42000]: Syntax error or access violation: 1064 You have an error in your SQL syntax; check the manual that corresponds to your MariaDB server version for the right syntax to use near 'الترحيلات يع?
ل؛ لا يغيّر بيانات.
SET @orange_schem...' at line 1
[20-Apr-2026 23:32:48 Asia/Kuwait] [orange] migration failed 000_runner_baseline.sql: SQLSTATE[42000]: Syntax error or access violation: 1064 You have an error in your SQL syntax; check the manual that corresponds to your MariaDB server version for the right syntax to use near 'الترحيلات يع?
ل؛ لا يغيّر بيانات.
SET @orange_schem...' at line 1
[20-Apr-2026 23:33:04 Asia/Kuwait] [orange] migration failed 000_runner_baseline.sql: SQLSTATE[42000]: Syntax error or access violation: 1064 You have an error in your SQL syntax; check the manual that corresponds to your MariaDB server version for the right syntax to use near 'الترحيلات يع?
ل؛ لا يغيّر بيانات.
SET @orange_schem...' at line 1
[20-Apr-2026 23:33:04 Asia/Kuwait] [orange] migration failed 000_runner_baseline.sql: SQLSTATE[42000]: Syntax error or access violation: 1064 You have an error in your SQL syntax; check the manual that corresponds to your MariaDB server version for the right syntax to use near 'الترحيلات يع?
ل؛ لا يغيّر بيانات.
SET @orange_schem...' at line 1
[20-Apr-2026 23:33:14 Asia/Kuwait] [orange] migration failed 000_runner_baseline.sql: SQLSTATE[42000]: Syntax error or access violation: 1064 You have an error in your SQL syntax; check the manual that corresponds to your MariaDB server version for the right syntax to use near 'الترحيلات يع?
ل؛ لا يغيّر بيانات.
SET @orange_schem...' at line 1
[20-Apr-2026 23:33:15 Asia/Kuwait] [orange] migration failed 000_runner_baseline.sql: SQLSTATE[42000]: Syntax error or access violation: 1064 You have an error in your SQL syntax; check the manual that corresponds to your MariaDB server version for the right syntax to use near 'الترحيلات يع?
ل؛ لا يغيّر بيانات.
SET @orange_schem...' at line 1
[20-Apr-2026 23:33:23 Asia/Kuwait] [orange] migration failed 000_runner_baseline.sql: SQLSTATE[42000]: Syntax error or access violation: 1064 You have an error in your SQL syntax; check the manual that corresponds to your MariaDB server version for the right syntax to use near 'الترحيلات يع?
ل؛ لا يغيّر بيانات.
SET @orange_schem...' at line 1
[20-Apr-2026 23:33:24 Asia/Kuwait] [orange] migration failed 000_runner_baseline.sql: SQLSTATE[42000]: Syntax error or access violation: 1064 You have an error in your SQL syntax; check the manual that corresponds to your MariaDB server version for the right syntax to use near 'الترحيلات يع?
ل؛ لا يغيّر بيانات.
SET @orange_schem...' at line 1
[20-Apr-2026 23:33:29 Asia/Kuwait] [orange] migration failed 000_runner_baseline.sql: SQLSTATE[42000]: Syntax error or access violation: 1064 You have an error in your SQL syntax; check the manual that corresponds to your MariaDB server version for the right syntax to use near 'الترحيلات يع?
ل؛ لا يغيّر بيانات.
SET @orange_schem...' at line 1
[20-Apr-2026 23:33:30 Asia/Kuwait] [orange] migration failed 000_runner_baseline.sql: SQLSTATE[42000]: Syntax error or access violation: 1064 You have an error in your SQL syntax; check the manual that corresponds to your MariaDB server version for the right syntax to use near 'الترحيلات يع?
ل؛ لا يغيّر بيانات.
SET @orange_schem...' at line 1
[20-Apr-2026 23:33:36 Asia/Kuwait] [orange] migration failed 000_runner_baseline.sql: SQLSTATE[42000]: Syntax error or access violation: 1064 You have an error in your SQL syntax; check the manual that corresponds to your MariaDB server version for the right syntax to use near 'الترحيلات يع?
ل؛ لا يغيّر بيانات.
SET @orange_schem...' at line 1
[20-Apr-2026 23:33:38 Asia/Kuwait] [orange] migration failed 000_runner_baseline.sql: SQLSTATE[42000]: Syntax error or access violation: 1064 You have an error in your SQL syntax; check the manual that corresponds to your MariaDB server version for the right syntax to use near 'الترحيلات يع?
ل؛ لا يغيّر بيانات.
SET @orange_schem...' at line 1
[20-Apr-2026 23:33:42 Asia/Kuwait] [orange] migration failed 000_runner_baseline.sql: SQLSTATE[42000]: Syntax error or access violation: 1064 You have an error in your SQL syntax; check the manual that corresponds to your MariaDB server version for the right syntax to use near 'الترحيلات يع?
ل؛ لا يغيّر بيانات.
SET @orange_schem...' at line 1
[20-Apr-2026 23:33:43 Asia/Kuwait] [orange] migration failed 000_runner_baseline.sql: SQLSTATE[42000]: Syntax error or access violation: 1064 You have an error in your SQL syntax; check the manual that corresponds to your MariaDB server version for the right syntax to use near 'الترحيلات يع?
ل؛ لا يغيّر بيانات.
SET @orange_schem...' at line 1
[20-Apr-2026 23:33:52 Asia/Kuwait] [orange] migration failed 000_runner_baseline.sql: SQLSTATE[42000]: Syntax error or access violation: 1064 You have an error in your SQL syntax; check the manual that corresponds to your MariaDB server version for the right syntax to use near 'الترحيلات يع?
ل؛ لا يغيّر بيانات.
SET @orange_schem...' at line 1
[20-Apr-2026 23:33:52 Asia/Kuwait] [orange] migration failed 000_runner_baseline.sql: SQLSTATE[42000]: Syntax error or access violation: 1064 You have an error in your SQL syntax; check the manual that corresponds to your MariaDB server version for the right syntax to use near 'الترحيلات يع?
ل؛ لا يغيّر بيانات.
SET @orange_schem...' at line 1
[20-Apr-2026 23:34:37 Asia/Kuwait] [orange] migration failed 000_runner_baseline.sql: SQLSTATE[42000]: Syntax error or access violation: 1064 You have an error in your SQL syntax; check the manual that corresponds to your MariaDB server version for the right syntax to use near 'الترحيلات يع?
ل؛ لا يغيّر بيانات.
SET @orange_schem...' at line 1
[20-Apr-2026 23:34:38 Asia/Kuwait] [orange] migration failed 000_runner_baseline.sql: SQLSTATE[42000]: Syntax error or access violation: 1064 You have an error in your SQL syntax; check the manual that corresponds to your MariaDB server version for the right syntax to use near 'الترحيلات يع?
ل؛ لا يغيّر بيانات.
SET @orange_schem...' at line 1
[20-Apr-2026 23:34:38 Asia/Kuwait] [orange] migration failed 000_runner_baseline.sql: SQLSTATE[42000]: Syntax error or access violation: 1064 You have an error in your SQL syntax; check the manual that corresponds to your MariaDB server version for the right syntax to use near 'الترحيلات يع?
ل؛ لا يغيّر بيانات.
SET @orange_schem...' at line 1
[20-Apr-2026 23:34:39 Asia/Kuwait] [orange] migration failed 000_runner_baseline.sql: SQLSTATE[42000]: Syntax error or access violation: 1064 You have an error in your SQL syntax; check the manual that corresponds to your MariaDB server version for the right syntax to use near 'الترحيلات يع?
ل؛ لا يغيّر بيانات.
SET @orange_schem...' at line 1
[20-Apr-2026 23:34:40 Asia/Kuwait] [orange] migration failed 000_runner_baseline.sql: SQLSTATE[42000]: Syntax error or access violation: 1064 You have an error in your SQL syntax; check the manual that corresponds to your MariaDB server version for the right syntax to use near 'الترحيلات يع?
ل؛ لا يغيّر بيانات.
SET @orange_schem...' at line 1
[20-Apr-2026 23:35:00 Asia/Kuwait] [orange] migration failed 000_runner_baseline.sql: SQLSTATE[42000]: Syntax error or access violation: 1064 You have an error in your SQL syntax; check the manual that corresponds to your MariaDB server version for the right syntax to use near 'الترحيلات يع?
ل؛ لا يغيّر بيانات.
SET @orange_schem...' at line 1
[20-Apr-2026 23:35:01 Asia/Kuwait] [orange] migration failed 000_runner_baseline.sql: SQLSTATE[42000]: Syntax error or access violation: 1064 You have an error in your SQL syntax; check the manual that corresponds to your MariaDB server version for the right syntax to use near 'الترحيلات يع?
ل؛ لا يغيّر بيانات.
SET @orange_schem...' at line 1
[20-Apr-2026 23:35:43 Asia/Kuwait] [orange] migration failed 000_runner_baseline.sql: SQLSTATE[42000]: Syntax error or access violation: 1064 You have an error in your SQL syntax; check the manual that corresponds to your MariaDB server version for the right syntax to use near 'الترحيلات يع?
ل؛ لا يغيّر بيانات.
SET @orange_schem...' at line 1
[20-Apr-2026 23:35:44 Asia/Kuwait] [orange] migration failed 000_runner_baseline.sql: SQLSTATE[42000]: Syntax error or access violation: 1064 You have an error in your SQL syntax; check the manual that corresponds to your MariaDB server version for the right syntax to use near 'الترحيلات يع?
ل؛ لا يغيّر بيانات.
SET @orange_schem...' at line 1
[20-Apr-2026 23:35:46 Asia/Kuwait] [orange] migration failed 000_runner_baseline.sql: SQLSTATE[42000]: Syntax error or access violation: 1064 You have an error in your SQL syntax; check the manual that corresponds to your MariaDB server version for the right syntax to use near 'الترحيلات يع?
ل؛ لا يغيّر بيانات.
SET @orange_schem...' at line 1
[20-Apr-2026 23:35:47 Asia/Kuwait] [orange] migration failed 000_runner_baseline.sql: SQLSTATE[42000]: Syntax error or access violation: 1064 You have an error in your SQL syntax; check the manual that corresponds to your MariaDB server version for the right syntax to use near 'الترحيلات يع?
ل؛ لا يغيّر بيانات.
SET @orange_schem...' at line 1
[20-Apr-2026 23:35:48 Asia/Kuwait] [orange] migration failed 000_runner_baseline.sql: SQLSTATE[42000]: Syntax error or access violation: 1064 You have an error in your SQL syntax; check the manual that corresponds to your MariaDB server version for the right syntax to use near 'الترحيلات يع?
ل؛ لا يغيّر بيانات.
SET @orange_schem...' at line 1
[20-Apr-2026 23:35:49 Asia/Kuwait] [orange] migration failed 000_runner_baseline.sql: SQLSTATE[42000]: Syntax error or access violation: 1064 You have an error in your SQL syntax; check the manual that corresponds to your MariaDB server version for the right syntax to use near 'الترحيلات يع?
ل؛ لا يغيّر بيانات.
SET @orange_schem...' at line 1
[20-Apr-2026 23:35:51 Asia/Kuwait] [orange] migration failed 000_runner_baseline.sql: SQLSTATE[42000]: Syntax error or access violation: 1064 You have an error in your SQL syntax; check the manual that corresponds to your MariaDB server version for the right syntax to use near 'الترحيلات يع?
ل؛ لا يغيّر بيانات.
SET @orange_schem...' at line 1
[20-Apr-2026 23:35:52 Asia/Kuwait] [orange] migration failed 000_runner_baseline.sql: SQLSTATE[42000]: Syntax error or access violation: 1064 You have an error in your SQL syntax; check the manual that corresponds to your MariaDB server version for the right syntax to use near 'الترحيلات يع?
ل؛ لا يغيّر بيانات.
SET @orange_schem...' at line 1
[20-Apr-2026 23:36:02 Asia/Kuwait] [orange] migration failed 000_runner_baseline.sql: SQLSTATE[42000]: Syntax error or access violation: 1064 You have an error in your SQL syntax; check the manual that corresponds to your MariaDB server version for the right syntax to use near 'الترحيلات يع?
ل؛ لا يغيّر بيانات.
SET @orange_schem...' at line 1
[20-Apr-2026 23:36:13 Asia/Kuwait] [orange] migration failed 000_runner_baseline.sql: SQLSTATE[42000]: Syntax error or access violation: 1064 You have an error in your SQL syntax; check the manual that corresponds to your MariaDB server version for the right syntax to use near 'الترحيلات يع?
ل؛ لا يغيّر بيانات.
SET @orange_schem...' at line 1
[20-Apr-2026 23:36:14 Asia/Kuwait] [orange] migration failed 000_runner_baseline.sql: SQLSTATE[42000]: Syntax error or access violation: 1064 You have an error in your SQL syntax; check the manual that corresponds to your MariaDB server version for the right syntax to use near 'الترحيلات يع?
ل؛ لا يغيّر بيانات.
SET @orange_schem...' at line 1
[20-Apr-2026 23:36:15 Asia/Kuwait] [orange] migration failed 000_runner_baseline.sql: SQLSTATE[42000]: Syntax error or access violation: 1064 You have an error in your SQL syntax; check the manual that corresponds to your MariaDB server version for the right syntax to use near 'الترحيلات يع?
ل؛ لا يغيّر بيانات.
SET @orange_schem...' at line 1
[20-Apr-2026 23:36:31 Asia/Kuwait] [orange] migration failed 000_runner_baseline.sql: SQLSTATE[42000]: Syntax error or access violation: 1064 You have an error in your SQL syntax; check the manual that corresponds to your MariaDB server version for the right syntax to use near 'الترحيلات يع?
ل؛ لا يغيّر بيانات.
SET @orange_schem...' at line 1
[20-Apr-2026 23:36:32 Asia/Kuwait] [orange] migration failed 000_runner_baseline.sql: SQLSTATE[42000]: Syntax error or access violation: 1064 You have an error in your SQL syntax; check the manual that corresponds to your MariaDB server version for the right syntax to use near 'الترحيلات يع?
ل؛ لا يغيّر بيانات.
SET @orange_schem...' at line 1
[20-Apr-2026 23:36:33 Asia/Kuwait] [orange] migration failed 000_runner_baseline.sql: SQLSTATE[42000]: Syntax error or access violation: 1064 You have an error in your SQL syntax; check the manual that corresponds to your MariaDB server version for the right syntax to use near 'الترحيلات يع?
ل؛ لا يغيّر بيانات.
SET @orange_schem...' at line 1
[20-Apr-2026 23:36:33 Asia/Kuwait] [orange] migration failed 000_runner_baseline.sql: SQLSTATE[42000]: Syntax error or access violation: 1064 You have an error in your SQL syntax; check the manual that corresponds to your MariaDB server version for the right syntax to use near 'الترحيلات يع?
ل؛ لا يغيّر بيانات.
SET @orange_schem...' at line 1
[20-Apr-2026 23:36:37 Asia/Kuwait] [orange] migration failed 000_runner_baseline.sql: SQLSTATE[42000]: Syntax error or access violation: 1064 You have an error in your SQL syntax; check the manual that corresponds to your MariaDB server version for the right syntax to use near 'الترحيلات يع?
ل؛ لا يغيّر بيانات.
SET @orange_schem...' at line 1
[20-Apr-2026 23:36:38 Asia/Kuwait] [orange] migration failed 000_runner_baseline.sql: SQLSTATE[42000]: Syntax error or access violation: 1064 You have an error in your SQL syntax; check the manual that corresponds to your MariaDB server version for the right syntax to use near 'الترحيلات يع?
ل؛ لا يغيّر بيانات.
SET @orange_schem...' at line 1
[20-Apr-2026 23:37:03 Asia/Kuwait] [orange] migration failed 000_runner_baseline.sql: SQLSTATE[42000]: Syntax error or access violation: 1064 You have an error in your SQL syntax; check the manual that corresponds to your MariaDB server version for the right syntax to use near 'الترحيلات يع?
ل؛ لا يغيّر بيانات.
SET @orange_schem...' at line 1
[20-Apr-2026 23:37:04 Asia/Kuwait] [orange] migration failed 000_runner_baseline.sql: SQLSTATE[42000]: Syntax error or access violation: 1064 You have an error in your SQL syntax; check the manual that corresponds to your MariaDB server version for the right syntax to use near 'الترحيلات يع?
ل؛ لا يغيّر بيانات.
SET @orange_schem...' at line 1
[20-Apr-2026 23:37:06 Asia/Kuwait] [orange] migration failed 000_runner_baseline.sql: SQLSTATE[42000]: Syntax error or access violation: 1064 You have an error in your SQL syntax; check the manual that corresponds to your MariaDB server version for the right syntax to use near 'الترحيلات يع?
ل؛ لا يغيّر بيانات.
SET @orange_schem...' at line 1
[20-Apr-2026 23:37:07 Asia/Kuwait] [orange] migration failed 000_runner_baseline.sql: SQLSTATE[42000]: Syntax error or access violation: 1064 You have an error in your SQL syntax; check the manual that corresponds to your MariaDB server version for the right syntax to use near 'الترحيلات يع?
ل؛ لا يغيّر بيانات.
SET @orange_schem...' at line 1
[20-Apr-2026 23:37:08 Asia/Kuwait] [orange] migration failed 000_runner_baseline.sql: SQLSTATE[42000]: Syntax error or access violation: 1064 You have an error in your SQL syntax; check the manual that corresponds to your MariaDB server version for the right syntax to use near 'الترحيلات يع?
ل؛ لا يغيّر بيانات.
SET @orange_schem...' at line 1
[20-Apr-2026 23:37:09 Asia/Kuwait] [orange] migration failed 000_runner_baseline.sql: SQLSTATE[42000]: Syntax error or access violation: 1064 You have an error in your SQL syntax; check the manual that corresponds to your MariaDB server version for the right syntax to use near 'الترحيلات يع?
ل؛ لا يغيّر بيانات.
SET @orange_schem...' at line 1
[20-Apr-2026 23:37:11 Asia/Kuwait] [orange] migration failed 000_runner_baseline.sql: SQLSTATE[42000]: Syntax error or access violation: 1064 You have an error in your SQL syntax; check the manual that corresponds to your MariaDB server version for the right syntax to use near 'الترحيلات يع?
ل؛ لا يغيّر بيانات.
SET @orange_schem...' at line 1
[20-Apr-2026 23:37:11 Asia/Kuwait] [orange] migration failed 000_runner_baseline.sql: SQLSTATE[42000]: Syntax error or access violation: 1064 You have an error in your SQL syntax; check the manual that corresponds to your MariaDB server version for the right syntax to use near 'الترحيلات يع?
ل؛ لا يغيّر بيانات.
SET @orange_schem...' at line 1
[20-Apr-2026 23:37:13 Asia/Kuwait] [orange] migration failed 000_runner_baseline.sql: SQLSTATE[42000]: Syntax error or access violation: 1064 You have an error in your SQL syntax; check the manual that corresponds to your MariaDB server version for the right syntax to use near 'الترحيلات يع?
ل؛ لا يغيّر بيانات.
SET @orange_schem...' at line 1
[20-Apr-2026 23:37:13 Asia/Kuwait] PHP Fatal error:  Uncaught TypeError: htmlspecialchars(): Argument #1 ($string) must be of type string, int given in C:\inetpub\vhosts\clickstorekw.com\orangeshoppro.com\includes\storefront_phone_country_select.php:29
Stack trace:
#0 C:\inetpub\vhosts\clickstorekw.com\orangeshoppro.com\includes\storefront_phone_country_select.php(29): htmlspecialchars()
#1 C:\inetpub\vhosts\clickstorekw.com\orangeshoppro.com\pages\track.php(63): orange_storefront_render_phone_country_select()
#2 C:\inetpub\vhosts\clickstorekw.com\orangeshoppro.com\storefront-dispatch.php(105): require('...')
#3 {main}
  thrown in C:\inetpub\vhosts\clickstorekw.com\orangeshoppro.com\includes\storefront_phone_country_select.php on line 29
[20-Apr-2026 23:37:14 Asia/Kuwait] [orange] migration failed 000_runner_baseline.sql: SQLSTATE[42000]: Syntax error or access violation: 1064 You have an error in your SQL syntax; check the manual that corresponds to your MariaDB server version for the right syntax to use near 'الترحيلات يع?
ل؛ لا يغيّر بيانات.
SET @orange_schem...' at line 1
[20-Apr-2026 23:37:17 Asia/Kuwait] [orange] migration failed 000_runner_baseline.sql: SQLSTATE[42000]: Syntax error or access violation: 1064 You have an error in your SQL syntax; check the manual that corresponds to your MariaDB server version for the right syntax to use near 'الترحيلات يع?
ل؛ لا يغيّر بيانات.
SET @orange_schem...' at line 1
[20-Apr-2026 23:37:18 Asia/Kuwait] [orange] migration failed 000_runner_baseline.sql: SQLSTATE[42000]: Syntax error or access violation: 1064 You have an error in your SQL syntax; check the manual that corresponds to your MariaDB server version for the right syntax to use near 'الترحيلات يع?
ل؛ لا يغيّر بيانات.
SET @orange_schem...' at line 1
[20-Apr-2026 23:37:24 Asia/Kuwait] [orange] migration failed 000_runner_baseline.sql: SQLSTATE[42000]: Syntax error or access violation: 1064 You have an error in your SQL syntax; check the manual that corresponds to your MariaDB server version for the right syntax to use near 'الترحيلات يع?
ل؛ لا يغيّر بيانات.
SET @orange_schem...' at line 1
[20-Apr-2026 23:37:24 Asia/Kuwait] PHP Fatal error:  Uncaught TypeError: htmlspecialchars(): Argument #1 ($string) must be of type string, int given in C:\inetpub\vhosts\clickstorekw.com\orangeshoppro.com\includes\storefront_phone_country_select.php:29
Stack trace:
#0 C:\inetpub\vhosts\clickstorekw.com\orangeshoppro.com\includes\storefront_phone_country_select.php(29): htmlspecialchars()
#1 C:\inetpub\vhosts\clickstorekw.com\orangeshoppro.com\pages\track.php(63): orange_storefront_render_phone_country_select()
#2 C:\inetpub\vhosts\clickstorekw.com\orangeshoppro.com\storefront-dispatch.php(105): require('...')
#3 {main}
  thrown in C:\inetpub\vhosts\clickstorekw.com\orangeshoppro.com\includes\storefront_phone_country_select.php on line 29
[20-Apr-2026 23:37:24 Asia/Kuwait] [orange] migration failed 000_runner_baseline.sql: SQLSTATE[42000]: Syntax error or access violation: 1064 You have an error in your SQL syntax; check the manual that corresponds to your MariaDB server version for the right syntax to use near 'الترحيلات يع?
ل؛ لا يغيّر بيانات.
SET @orange_schem...' at line 1
[20-Apr-2026 23:37:33 Asia/Kuwait] [orange] migration failed 000_runner_baseline.sql: SQLSTATE[42000]: Syntax error or access violation: 1064 You have an error in your SQL syntax; check the manual that corresponds to your MariaDB server version for the right syntax to use near 'الترحيلات يع?
ل؛ لا يغيّر بيانات.
SET @orange_schem...' at line 1
[20-Apr-2026 23:37:34 Asia/Kuwait] [orange] migration failed 000_runner_baseline.sql: SQLSTATE[42000]: Syntax error or access violation: 1064 You have an error in your SQL syntax; check the manual that corresponds to your MariaDB server version for the right syntax to use near 'الترحيلات يع?
ل؛ لا يغيّر بيانات.
SET @orange_schem...' at line 1
[20-Apr-2026 23:37:36 Asia/Kuwait] [orange] migration failed 000_runner_baseline.sql: SQLSTATE[42000]: Syntax error or access violation: 1064 You have an error in your SQL syntax; check the manual that corresponds to your MariaDB server version for the right syntax to use near 'الترحيلات يع?
ل؛ لا يغيّر بيانات.
SET @orange_schem...' at line 1
[20-Apr-2026 23:37:36 Asia/Kuwait] PHP Fatal error:  Uncaught TypeError: htmlspecialchars(): Argument #1 ($string) must be of type string, int given in C:\inetpub\vhosts\clickstorekw.com\orangeshoppro.com\includes\storefront_phone_country_select.php:29
Stack trace:
#0 C:\inetpub\vhosts\clickstorekw.com\orangeshoppro.com\includes\storefront_phone_country_select.php(29): htmlspecialchars()
#1 C:\inetpub\vhosts\clickstorekw.com\orangeshoppro.com\pages\track.php(63): orange_storefront_render_phone_country_select()
#2 C:\inetpub\vhosts\clickstorekw.com\orangeshoppro.com\storefront-dispatch.php(105): require('...')
#3 {main}
  thrown in C:\inetpub\vhosts\clickstorekw.com\orangeshoppro.com\includes\storefront_phone_country_select.php on line 29
[20-Apr-2026 23:37:36 Asia/Kuwait] [orange] migration failed 000_runner_baseline.sql: SQLSTATE[42000]: Syntax error or access violation: 1064 You have an error in your SQL syntax; check the manual that corresponds to your MariaDB server version for the right syntax to use near 'الترحيلات يع?
ل؛ لا يغيّر بيانات.
SET @orange_schem...' at line 1
[20-Apr-2026 23:37:39 Asia/Kuwait] [orange] migration failed 000_runner_baseline.sql: SQLSTATE[42000]: Syntax error or access violation: 1064 You have an error in your SQL syntax; check the manual that corresponds to your MariaDB server version for the right syntax to use near 'الترحيلات يع?
ل؛ لا يغيّر بيانات.
SET @orange_schem...' at line 1
[20-Apr-2026 23:37:40 Asia/Kuwait] [orange] migration failed 000_runner_baseline.sql: SQLSTATE[42000]: Syntax error or access violation: 1064 You have an error in your SQL syntax; check the manual that corresponds to your MariaDB server version for the right syntax to use near 'الترحيلات يع?
ل؛ لا يغيّر بيانات.
SET @orange_schem...' at line 1
[20-Apr-2026 23:37:43 Asia/Kuwait] [orange] migration failed 000_runner_baseline.sql: SQLSTATE[42000]: Syntax error or access violation: 1064 You have an error in your SQL syntax; check the manual that corresponds to your MariaDB server version for the right syntax to use near 'الترحيلات يع?
ل؛ لا يغيّر بيانات.
SET @orange_schem...' at line 1
[20-Apr-2026 23:37:43 Asia/Kuwait] PHP Fatal error:  Uncaught TypeError: htmlspecialchars(): Argument #1 ($string) must be of type string, int given in C:\inetpub\vhosts\clickstorekw.com\orangeshoppro.com\includes\storefront_phone_country_select.php:29
Stack trace:
#0 C:\inetpub\vhosts\clickstorekw.com\orangeshoppro.com\includes\storefront_phone_country_select.php(29): htmlspecialchars()
#1 C:\inetpub\vhosts\clickstorekw.com\orangeshoppro.com\pages\register.php(111): orange_storefront_render_phone_country_select()
#2 C:\inetpub\vhosts\clickstorekw.com\orangeshoppro.com\storefront-dispatch.php(110): require('...')
#3 {main}
  thrown in C:\inetpub\vhosts\clickstorekw.com\orangeshoppro.com\includes\storefront_phone_country_select.php on line 29
[20-Apr-2026 23:37:44 Asia/Kuwait] [orange] migration failed 000_runner_baseline.sql: SQLSTATE[42000]: Syntax error or access violation: 1064 You have an error in your SQL syntax; check the manual that corresponds to your MariaDB server version for the right syntax to use near 'الترحيلات يع?
ل؛ لا يغيّر بيانات.
SET @orange_schem...' at line 1
[20-Apr-2026 23:38:10 Asia/Kuwait] [orange] migration failed 000_runner_baseline.sql: SQLSTATE[42000]: Syntax error or access violation: 1064 You have an error in your SQL syntax; check the manual that corresponds to your MariaDB server version for the right syntax to use near 'الترحيلات يع?
ل؛ لا يغيّر بيانات.
SET @orange_schem...' at line 1
[20-Apr-2026 23:38:11 Asia/Kuwait] [orange] migration failed 000_runner_baseline.sql: SQLSTATE[42000]: Syntax error or access violation: 1064 You have an error in your SQL syntax; check the manual that corresponds to your MariaDB server version for the right syntax to use near 'الترحيلات يع?
ل؛ لا يغيّر بيانات.
SET @orange_schem...' at line 1
[20-Apr-2026 23:38:13 Asia/Kuwait] [orange] migration failed 000_runner_baseline.sql: SQLSTATE[42000]: Syntax error or access violation: 1064 You have an error in your SQL syntax; check the manual that corresponds to your MariaDB server version for the right syntax to use near 'الترحيلات يع?
ل؛ لا يغيّر بيانات.
SET @orange_schem...' at line 1
[20-Apr-2026 23:38:13 Asia/Kuwait] PHP Fatal error:  Uncaught TypeError: htmlspecialchars(): Argument #1 ($string) must be of type string, int given in C:\inetpub\vhosts\clickstorekw.com\orangeshoppro.com\includes\storefront_phone_country_select.php:29
Stack trace:
#0 C:\inetpub\vhosts\clickstorekw.com\orangeshoppro.com\includes\storefront_phone_country_select.php(29): htmlspecialchars()
#1 C:\inetpub\vhosts\clickstorekw.com\orangeshoppro.com\pages\cart.php(56): orange_storefront_render_phone_country_select()
#2 C:\inetpub\vhosts\clickstorekw.com\orangeshoppro.com\storefront-dispatch.php(100): require('...')
#3 {main}
  thrown in C:\inetpub\vhosts\clickstorekw.com\orangeshoppro.com\includes\storefront_phone_country_select.php on line 29
[20-Apr-2026 23:38:14 Asia/Kuwait] [orange] migration failed 000_runner_baseline.sql: SQLSTATE[42000]: Syntax error or access violation: 1064 You have an error in your SQL syntax; check the manual that corresponds to your MariaDB server version for the right syntax to use near 'الترحيلات يع?
ل؛ لا يغيّر بيانات.
SET @orange_schem...' at line 1
[20-Apr-2026 23:38:18 Asia/Kuwait] [orange] migration failed 000_runner_baseline.sql: SQLSTATE[42000]: Syntax error or access violation: 1064 You have an error in your SQL syntax; check the manual that corresponds to your MariaDB server version for the right syntax to use near 'الترحيلات يع?
ل؛ لا يغيّر بيانات.
SET @orange_schem...' at line 1
[20-Apr-2026 23:38:18 Asia/Kuwait] [orange] migration failed 000_runner_baseline.sql: SQLSTATE[42000]: Syntax error or access violation: 1064 You have an error in your SQL syntax; check the manual that corresponds to your MariaDB server version for the right syntax to use near 'الترحيلات يع?
ل؛ لا يغيّر بيانات.
SET @orange_schem...' at line 1
[20-Apr-2026 23:46:41 Asia/Kuwait] [orange] migration failed 000_runner_baseline.sql: SQLSTATE[42000]: Syntax error or access violation: 1064 You have an error in your SQL syntax; check the manual that corresponds to your MariaDB server version for the right syntax to use near 'الترحيلات يع?
ل؛ لا يغيّر بيانات.
SET @orange_schem...' at line 1
[20-Apr-2026 23:46:42 Asia/Kuwait] [orange] migration failed 000_runner_baseline.sql: SQLSTATE[42000]: Syntax error or access violation: 1064 You have an error in your SQL syntax; check the manual that corresponds to your MariaDB server version for the right syntax to use near 'الترحيلات يع?
ل؛ لا يغيّر بيانات.
SET @orange_schem...' at line 1
[20-Apr-2026 23:46:43 Asia/Kuwait] [orange] migration failed 000_runner_baseline.sql: SQLSTATE[42000]: Syntax error or access violation: 1064 You have an error in your SQL syntax; check the manual that corresponds to your MariaDB server version for the right syntax to use near 'الترحيلات يع?
ل؛ لا يغيّر بيانات.
SET @orange_schem...' at line 1
[20-Apr-2026 23:46:43 Asia/Kuwait] [orange] migration failed 000_runner_baseline.sql: SQLSTATE[42000]: Syntax error or access violation: 1064 You have an error in your SQL syntax; check the manual that corresponds to your MariaDB server version for the right syntax to use near 'الترحيلات يع?
ل؛ لا يغيّر بيانات.
SET @orange_schem...' at line 1
[20-Apr-2026 23:46:44 Asia/Kuwait] [orange] migration failed 000_runner_baseline.sql: SQLSTATE[42000]: Syntax error or access violation: 1064 You have an error in your SQL syntax; check the manual that corresponds to your MariaDB server version for the right syntax to use near 'الترحيلات يع?
ل؛ لا يغيّر بيانات.
SET @orange_schem...' at line 1
[20-Apr-2026 23:46:44 Asia/Kuwait] [orange] migration failed 000_runner_baseline.sql: SQLSTATE[42000]: Syntax error or access violation: 1064 You have an error in your SQL syntax; check the manual that corresponds to your MariaDB server version for the right syntax to use near 'الترحيلات يع?
ل؛ لا يغيّر بيانات.
SET @orange_schem...' at line 1
[20-Apr-2026 23:46:45 Asia/Kuwait] [orange] migration failed 000_runner_baseline.sql: SQLSTATE[42000]: Syntax error or access violation: 1064 You have an error in your SQL syntax; check the manual that corresponds to your MariaDB server version for the right syntax to use near 'الترحيلات يع?
ل؛ لا يغيّر بيانات.
SET @orange_schem...' at line 1
[20-Apr-2026 23:46:45 Asia/Kuwait] [orange] migration failed 000_runner_baseline.sql: SQLSTATE[42000]: Syntax error or access violation: 1064 You have an error in your SQL syntax; check the manual that corresponds to your MariaDB server version for the right syntax to use near 'الترحيلات يع?
ل؛ لا يغيّر بيانات.
SET @orange_schem...' at line 1
[20-Apr-2026 23:46:46 Asia/Kuwait] [orange] migration failed 000_runner_baseline.sql: SQLSTATE[42000]: Syntax error or access violation: 1064 You have an error in your SQL syntax; check the manual that corresponds to your MariaDB server version for the right syntax to use near 'الترحيلات يع?
ل؛ لا يغيّر بيانات.
SET @orange_schem...' at line 1
[20-Apr-2026 23:46:46 Asia/Kuwait] [orange] migration failed 000_runner_baseline.sql: SQLSTATE[42000]: Syntax error or access violation: 1064 You have an error in your SQL syntax; check the manual that corresponds to your MariaDB server version for the right syntax to use near 'الترحيلات يع?
ل؛ لا يغيّر بيانات.
SET @orange_schem...' at line 1
[20-Apr-2026 23:46:47 Asia/Kuwait] [orange] migration failed 000_runner_baseline.sql: SQLSTATE[42000]: Syntax error or access violation: 1064 You have an error in your SQL syntax; check the manual that corresponds to your MariaDB server version for the right syntax to use near 'الترحيلات يع?
ل؛ لا يغيّر بيانات.
SET @orange_schem...' at line 1
[20-Apr-2026 23:46:48 Asia/Kuwait] [orange] migration failed 000_runner_baseline.sql: SQLSTATE[42000]: Syntax error or access violation: 1064 You have an error in your SQL syntax; check the manual that corresponds to your MariaDB server version for the right syntax to use near 'الترحيلات يع?
ل؛ لا يغيّر بيانات.
SET @orange_schem...' at line 1
[20-Apr-2026 23:46:49 Asia/Kuwait] [orange] migration failed 000_runner_baseline.sql: SQLSTATE[42000]: Syntax error or access violation: 1064 You have an error in your SQL syntax; check the manual that corresponds to your MariaDB server version for the right syntax to use near 'الترحيلات يع?
ل؛ لا يغيّر بيانات.
SET @orange_schem...' at line 1
[20-Apr-2026 23:46:49 Asia/Kuwait] [orange] migration failed 000_runner_baseline.sql: SQLSTATE[42000]: Syntax error or access violation: 1064 You have an error in your SQL syntax; check the manual that corresponds to your MariaDB server version for the right syntax to use near 'الترحيلات يع?
ل؛ لا يغيّر بيانات.
SET @orange_schem...' at line 1
[20-Apr-2026 23:46:50 Asia/Kuwait] [orange] migration failed 000_runner_baseline.sql: SQLSTATE[42000]: Syntax error or access violation: 1064 You have an error in your SQL syntax; check the manual that corresponds to your MariaDB server version for the right syntax to use near 'الترحيلات يع?
ل؛ لا يغيّر بيانات.
SET @orange_schem...' at line 1
[20-Apr-2026 23:46:50 Asia/Kuwait] [orange] migration failed 000_runner_baseline.sql: SQLSTATE[42000]: Syntax error or access violation: 1064 You have an error in your SQL syntax; check the manual that corresponds to your MariaDB server version for the right syntax to use near 'الترحيلات يع?
ل؛ لا يغيّر بيانات.
SET @orange_schem...' at line 1
[20-Apr-2026 23:46:51 Asia/Kuwait] [orange] migration failed 000_runner_baseline.sql: SQLSTATE[42000]: Syntax error or access violation: 1064 You have an error in your SQL syntax; check the manual that corresponds to your MariaDB server version for the right syntax to use near 'الترحيلات يع?
ل؛ لا يغيّر بيانات.
SET @orange_schem...' at line 1
[20-Apr-2026 23:46:51 Asia/Kuwait] [orange] migration failed 000_runner_baseline.sql: SQLSTATE[42000]: Syntax error or access violation: 1064 You have an error in your SQL syntax; check the manual that corresponds to your MariaDB server version for the right syntax to use near 'الترحيلات يع?
ل؛ لا يغيّر بيانات.
SET @orange_schem...' at line 1
[20-Apr-2026 23:46:52 Asia/Kuwait] [orange] migration failed 000_runner_baseline.sql: SQLSTATE[42000]: Syntax error or access violation: 1064 You have an error in your SQL syntax; check the manual that corresponds to your MariaDB server version for the right syntax to use near 'الترحيلات يع?
ل؛ لا يغيّر بيانات.
SET @orange_schem...' at line 1
[20-Apr-2026 23:46:52 Asia/Kuwait] [orange] migration failed 000_runner_baseline.sql: SQLSTATE[42000]: Syntax error or access violation: 1064 You have an error in your SQL syntax; check the manual that corresponds to your MariaDB server version for the right syntax to use near 'الترحيلات يع?
ل؛ لا يغيّر بيانات.
SET @orange_schem...' at line 1
[20-Apr-2026 23:50:35 Asia/Kuwait] [orange] migration failed 000_runner_baseline.sql: SQLSTATE[42000]: Syntax error or access violation: 1064 You have an error in your SQL syntax; check the manual that corresponds to your MariaDB server version for the right syntax to use near 'الترحيلات يع?
ل؛ لا يغيّر بيانات.
SET @orange_schem...' at line 1
[20-Apr-2026 23:50:36 Asia/Kuwait] [orange] migration failed 000_runner_baseline.sql: SQLSTATE[42000]: Syntax error or access violation: 1064 You have an error in your SQL syntax; check the manual that corresponds to your MariaDB server version for the right syntax to use near 'الترحيلات يع?
ل؛ لا يغيّر بيانات.
SET @orange_schem...' at line 1
[20-Apr-2026 23:50:37 Asia/Kuwait] [orange] migration failed 000_runner_baseline.sql: SQLSTATE[42000]: Syntax error or access violation: 1064 You have an error in your SQL syntax; check the manual that corresponds to your MariaDB server version for the right syntax to use near 'الترحيلات يع?
ل؛ لا يغيّر بيانات.
SET @orange_schem...' at line 1
[20-Apr-2026 23:50:39 Asia/Kuwait] [orange] migration failed 000_runner_baseline.sql: SQLSTATE[42000]: Syntax error or access violation: 1064 You have an error in your SQL syntax; check the manual that corresponds to your MariaDB server version for the right syntax to use near 'الترحيلات يع?
ل؛ لا يغيّر بيانات.
SET @orange_schem...' at line 1
[20-Apr-2026 23:53:44 Asia/Kuwait] [orange] migration failed 000_runner_baseline.sql: SQLSTATE[42000]: Syntax error or access violation: 1064 You have an error in your SQL syntax; check the manual that corresponds to your MariaDB server version for the right syntax to use near 'الترحيلات يع?
ل؛ لا يغيّر بيانات.
SET @orange_schem...' at line 1
[20-Apr-2026 23:53:45 Asia/Kuwait] [orange] migration failed 000_runner_baseline.sql: SQLSTATE[42000]: Syntax error or access violation: 1064 You have an error in your SQL syntax; check the manual that corresponds to your MariaDB server version for the right syntax to use near 'الترحيلات يع?
ل؛ لا يغيّر بيانات.
SET @orange_schem...' at line 1
[20-Apr-2026 23:54:31 Asia/Kuwait] [orange] migration failed 000_runner_baseline.sql: SQLSTATE[42000]: Syntax error or access violation: 1064 You have an error in your SQL syntax; check the manual that corresponds to your MariaDB server version for the right syntax to use near 'الترحيلات يع?
ل؛ لا يغيّر بيانات.
SET @orange_schem...' at line 1
[20-Apr-2026 23:54:31 Asia/Kuwait] [orange] migration failed 000_runner_baseline.sql: SQLSTATE[42000]: Syntax error or access violation: 1064 You have an error in your SQL syntax; check the manual that corresponds to your MariaDB server version for the right syntax to use near 'الترحيلات يع?
ل؛ لا يغيّر بيانات.
SET @orange_schem...' at line 1
[20-Apr-2026 23:54:33 Asia/Kuwait] [orange] migration failed 000_runner_baseline.sql: SQLSTATE[42000]: Syntax error or access violation: 1064 You have an error in your SQL syntax; check the manual that corresponds to your MariaDB server version for the right syntax to use near 'الترحيلات يع?
ل؛ لا يغيّر بيانات.
SET @orange_schem...' at line 1
[20-Apr-2026 23:54:46 Asia/Kuwait] [orange] migration failed 000_runner_baseline.sql: SQLSTATE[42000]: Syntax error or access violation: 1064 You have an error in your SQL syntax; check the manual that corresponds to your MariaDB server version for the right syntax to use near 'الترحيلات يع?
ل؛ لا يغيّر بيانات.
SET @orange_schem...' at line 1
[20-Apr-2026 23:55:00 Asia/Kuwait] [orange] migration failed 000_runner_baseline.sql: SQLSTATE[42000]: Syntax error or access violation: 1064 You have an error in your SQL syntax; check the manual that corresponds to your MariaDB server version for the right syntax to use near 'الترحيلات يع?
ل؛ لا يغيّر بيانات.
SET @orange_schem...' at line 1
[20-Apr-2026 23:55:14 Asia/Kuwait] [orange] migration failed 000_runner_baseline.sql: SQLSTATE[42000]: Syntax error or access violation: 1064 You have an error in your SQL syntax; check the manual that corresponds to your MariaDB server version for the right syntax to use near 'الترحيلات يع?
ل؛ لا يغيّر بيانات.
SET @orange_schem...' at line 1
[20-Apr-2026 23:55:14 Asia/Kuwait] PHP Fatal error:  Uncaught TypeError: htmlspecialchars(): Argument #1 ($string) must be of type string, int given in C:\inetpub\vhosts\clickstorekw.com\orangeshoppro.com\includes\storefront_phone_country_select.php:29
Stack trace:
#0 C:\inetpub\vhosts\clickstorekw.com\orangeshoppro.com\includes\storefront_phone_country_select.php(29): htmlspecialchars()
#1 C:\inetpub\vhosts\clickstorekw.com\orangeshoppro.com\pages\cart.php(56): orange_storefront_render_phone_country_select()
#2 C:\inetpub\vhosts\clickstorekw.com\orangeshoppro.com\storefront-dispatch.php(103): require('...')
#3 {main}
  thrown in C:\inetpub\vhosts\clickstorekw.com\orangeshoppro.com\includes\storefront_phone_country_select.php on line 29
[20-Apr-2026 23:55:16 Asia/Kuwait] [orange] migration failed 000_runner_baseline.sql: SQLSTATE[42000]: Syntax error or access violation: 1064 You have an error in your SQL syntax; check the manual that corresponds to your MariaDB server version for the right syntax to use near 'الترحيلات يع?
ل؛ لا يغيّر بيانات.
SET @orange_schem...' at line 1
[20-Apr-2026 23:55:17 Asia/Kuwait] [orange] migration failed 000_runner_baseline.sql: SQLSTATE[42000]: Syntax error or access violation: 1064 You have an error in your SQL syntax; check the manual that corresponds to your MariaDB server version for the right syntax to use near 'الترحيلات يع?
ل؛ لا يغيّر بيانات.
SET @orange_schem...' at line 1
[20-Apr-2026 23:55:17 Asia/Kuwait] PHP Fatal error:  Uncaught TypeError: htmlspecialchars(): Argument #1 ($string) must be of type string, int given in C:\inetpub\vhosts\clickstorekw.com\orangeshoppro.com\includes\storefront_phone_country_select.php:29
Stack trace:
#0 C:\inetpub\vhosts\clickstorekw.com\orangeshoppro.com\includes\storefront_phone_country_select.php(29): htmlspecialchars()
#1 C:\inetpub\vhosts\clickstorekw.com\orangeshoppro.com\pages\register.php(111): orange_storefront_render_phone_country_select()
#2 C:\inetpub\vhosts\clickstorekw.com\orangeshoppro.com\storefront-dispatch.php(113): require('...')
#3 {main}
  thrown in C:\inetpub\vhosts\clickstorekw.com\orangeshoppro.com\includes\storefront_phone_country_select.php on line 29
[20-Apr-2026 23:55:18 Asia/Kuwait] [orange] migration failed 000_runner_baseline.sql: SQLSTATE[42000]: Syntax error or access violation: 1064 You have an error in your SQL syntax; check the manual that corresponds to your MariaDB server version for the right syntax to use near 'الترحيلات يع?
ل؛ لا يغيّر بيانات.
SET @orange_schem...' at line 1
[20-Apr-2026 23:55:19 Asia/Kuwait] [orange] migration failed 000_runner_baseline.sql: SQLSTATE[42000]: Syntax error or access violation: 1064 You have an error in your SQL syntax; check the manual that corresponds to your MariaDB server version for the right syntax to use near 'الترحيلات يع?
ل؛ لا يغيّر بيانات.
SET @orange_schem...' at line 1
[20-Apr-2026 23:55:21 Asia/Kuwait] [orange] migration failed 000_runner_baseline.sql: SQLSTATE[42000]: Syntax error or access violation: 1064 You have an error in your SQL syntax; check the manual that corresponds to your MariaDB server version for the right syntax to use near 'الترحيلات يع?
ل؛ لا يغيّر بيانات.
SET @orange_schem...' at line 1
[20-Apr-2026 23:55:21 Asia/Kuwait] PHP Fatal error:  Uncaught TypeError: htmlspecialchars(): Argument #1 ($string) must be of type string, int given in C:\inetpub\vhosts\clickstorekw.com\orangeshoppro.com\includes\storefront_phone_country_select.php:29
Stack trace:
#0 C:\inetpub\vhosts\clickstorekw.com\orangeshoppro.com\includes\storefront_phone_country_select.php(29): htmlspecialchars()
#1 C:\inetpub\vhosts\clickstorekw.com\orangeshoppro.com\pages\cart.php(56): orange_storefront_render_phone_country_select()
#2 C:\inetpub\vhosts\clickstorekw.com\orangeshoppro.com\storefront-dispatch.php(103): require('...')
#3 {main}
  thrown in C:\inetpub\vhosts\clickstorekw.com\orangeshoppro.com\includes\storefront_phone_country_select.php on line 29
[20-Apr-2026 23:55:22 Asia/Kuwait] [orange] migration failed 000_runner_baseline.sql: SQLSTATE[42000]: Syntax error or access violation: 1064 You have an error in your SQL syntax; check the manual that corresponds to your MariaDB server version for the right syntax to use near 'الترحيلات يع?
ل؛ لا يغيّر بيانات.
SET @orange_schem...' at line 1
[20-Apr-2026 23:55:25 Asia/Kuwait] [orange] migration failed 000_runner_baseline.sql: SQLSTATE[42000]: Syntax error or access violation: 1064 You have an error in your SQL syntax; check the manual that corresponds to your MariaDB server version for the right syntax to use near 'الترحيلات يع?
ل؛ لا يغيّر بيانات.
SET @orange_schem...' at line 1
[20-Apr-2026 23:55:28 Asia/Kuwait] [orange] migration failed 000_runner_baseline.sql: SQLSTATE[42000]: Syntax error or access violation: 1064 You have an error in your SQL syntax; check the manual that corresponds to your MariaDB server version for the right syntax to use near 'الترحيلات يع?
ل؛ لا يغيّر بيانات.
SET @orange_schem...' at line 1
[20-Apr-2026 23:55:33 Asia/Kuwait] [orange] migration failed 000_runner_baseline.sql: SQLSTATE[42000]: Syntax error or access violation: 1064 You have an error in your SQL syntax; check the manual that corresponds to your MariaDB server version for the right syntax to use near 'الترحيلات يع?
ل؛ لا يغيّر بيانات.
SET @orange_schem...' at line 1
[20-Apr-2026 23:55:37 Asia/Kuwait] [orange] migration failed 000_runner_baseline.sql: SQLSTATE[42000]: Syntax error or access violation: 1064 You have an error in your SQL syntax; check the manual that corresponds to your MariaDB server version for the right syntax to use near 'الترحيلات يع?
ل؛ لا يغيّر بيانات.
SET @orange_schem...' at line 1
[20-Apr-2026 23:55:39 Asia/Kuwait] [orange] migration failed 000_runner_baseline.sql: SQLSTATE[42000]: Syntax error or access violation: 1064 You have an error in your SQL syntax; check the manual that corresponds to your MariaDB server version for the right syntax to use near 'الترحيلات يع?
ل؛ لا يغيّر بيانات.
SET @orange_schem...' at line 1
[20-Apr-2026 23:55:42 Asia/Kuwait] [orange] migration failed 000_runner_baseline.sql: SQLSTATE[42000]: Syntax error or access violation: 1064 You have an error in your SQL syntax; check the manual that corresponds to your MariaDB server version for the right syntax to use near 'الترحيلات يع?
ل؛ لا يغيّر بيانات.
SET @orange_schem...' at line 1
[20-Apr-2026 23:55:42 Asia/Kuwait] PHP Fatal error:  Uncaught TypeError: htmlspecialchars(): Argument #1 ($string) must be of type string, int given in C:\inetpub\vhosts\clickstorekw.com\orangeshoppro.com\includes\storefront_phone_country_select.php:29
Stack trace:
#0 C:\inetpub\vhosts\clickstorekw.com\orangeshoppro.com\includes\storefront_phone_country_select.php(29): htmlspecialchars()
#1 C:\inetpub\vhosts\clickstorekw.com\orangeshoppro.com\pages\cart.php(56): orange_storefront_render_phone_country_select()
#2 C:\inetpub\vhosts\clickstorekw.com\orangeshoppro.com\storefront-dispatch.php(103): require('...')
#3 {main}
  thrown in C:\inetpub\vhosts\clickstorekw.com\orangeshoppro.com\includes\storefront_phone_country_select.php on line 29
[20-Apr-2026 23:55:43 Asia/Kuwait] [orange] migration failed 000_runner_baseline.sql: SQLSTATE[42000]: Syntax error or access violation: 1064 You have an error in your SQL syntax; check the manual that corresponds to your MariaDB server version for the right syntax to use near 'الترحيلات يع?
ل؛ لا يغيّر بيانات.
SET @orange_schem...' at line 1
[20-Apr-2026 23:55:46 Asia/Kuwait] [orange] migration failed 000_runner_baseline.sql: SQLSTATE[42000]: Syntax error or access violation: 1064 You have an error in your SQL syntax; check the manual that corresponds to your MariaDB server version for the right syntax to use near 'الترحيلات يع?
ل؛ لا يغيّر بيانات.
SET @orange_schem...' at line 1
[20-Apr-2026 23:55:47 Asia/Kuwait] [orange] migration failed 000_runner_baseline.sql: SQLSTATE[42000]: Syntax error or access violation: 1064 You have an error in your SQL syntax; check the manual that corresponds to your MariaDB server version for the right syntax to use near 'الترحيلات يع?
ل؛ لا يغيّر بيانات.
SET @orange_schem...' at line 1
[21-Apr-2026 00:14:34 Asia/Kuwait] [orange] migration failed 000_runner_baseline.sql: SQLSTATE[42000]: Syntax error or access violation: 1064 You have an error in your SQL syntax; check the manual that corresponds to your MariaDB server version for the right syntax to use near 'الترحيلات يع?
ل؛ لا يغيّر بيانات.
SET @orange_schem...' at line 1
[21-Apr-2026 00:14:34 Asia/Kuwait] PHP Fatal error:  Uncaught TypeError: htmlspecialchars(): Argument #1 ($string) must be of type string, int given in C:\inetpub\vhosts\clickstorekw.com\orangeshoppro.com\includes\storefront_phone_country_select.php:29
Stack trace:
#0 C:\inetpub\vhosts\clickstorekw.com\orangeshoppro.com\includes\storefront_phone_country_select.php(29): htmlspecialchars()
#1 C:\inetpub\vhosts\clickstorekw.com\orangeshoppro.com\pages\register.php(111): orange_storefront_render_phone_country_select()
#2 C:\inetpub\vhosts\clickstorekw.com\orangeshoppro.com\storefront-dispatch.php(113): require('...')
#3 {main}
  thrown in C:\inetpub\vhosts\clickstorekw.com\orangeshoppro.com\includes\storefront_phone_country_select.php on line 29
[21-Apr-2026 00:14:35 Asia/Kuwait] [orange] migration failed 000_runner_baseline.sql: SQLSTATE[42000]: Syntax error or access violation: 1064 You have an error in your SQL syntax; check the manual that corresponds to your MariaDB server version for the right syntax to use near 'الترحيلات يع?
ل؛ لا يغيّر بيانات.
SET @orange_schem...' at line 1
[21-Apr-2026 00:14:37 Asia/Kuwait] [orange] migration failed 000_runner_baseline.sql: SQLSTATE[42000]: Syntax error or access violation: 1064 You have an error in your SQL syntax; check the manual that corresponds to your MariaDB server version for the right syntax to use near 'الترحيلات يع?
ل؛ لا يغيّر بيانات.
SET @orange_schem...' at line 1
[21-Apr-2026 00:14:38 Asia/Kuwait] [orange] migration failed 000_runner_baseline.sql: SQLSTATE[42000]: Syntax error or access violation: 1064 You have an error in your SQL syntax; check the manual that corresponds to your MariaDB server version for the right syntax to use near 'الترحيلات يع?
ل؛ لا يغيّر بيانات.
SET @orange_schem...' at line 1
[21-Apr-2026 00:19:06 Asia/Kuwait] [orange] migration failed 000_runner_baseline.sql: SQLSTATE[42000]: Syntax error or access violation: 1064 You have an error in your SQL syntax; check the manual that corresponds to your MariaDB server version for the right syntax to use near 'الترحيلات يع?
ل؛ لا يغيّر بيانات.
SET @orange_schem...' at line 1
[21-Apr-2026 00:19:07 Asia/Kuwait] [orange] migration failed 000_runner_baseline.sql: SQLSTATE[42000]: Syntax error or access violation: 1064 You have an error in your SQL syntax; check the manual that corresponds to your MariaDB server version for the right syntax to use near 'الترحيلات يع?
ل؛ لا يغيّر بيانات.
SET @orange_schem...' at line 1
[21-Apr-2026 00:19:09 Asia/Kuwait] [orange] migration failed 000_runner_baseline.sql: SQLSTATE[42000]: Syntax error or access violation: 1064 You have an error in your SQL syntax; check the manual that corresponds to your MariaDB server version for the right syntax to use near 'الترحيلات يع?
ل؛ لا يغيّر بيانات.
SET @orange_schem...' at line 1
[21-Apr-2026 00:19:10 Asia/Kuwait] [orange] migration failed 000_runner_baseline.sql: SQLSTATE[42000]: Syntax error or access violation: 1064 You have an error in your SQL syntax; check the manual that corresponds to your MariaDB server version for the right syntax to use near 'الترحيلات يع?
ل؛ لا يغيّر بيانات.
SET @orange_schem...' at line 1
[21-Apr-2026 00:19:12 Asia/Kuwait] [orange] migration failed 000_runner_baseline.sql: SQLSTATE[42000]: Syntax error or access violation: 1064 You have an error in your SQL syntax; check the manual that corresponds to your MariaDB server version for the right syntax to use near 'الترحيلات يع?
ل؛ لا يغيّر بيانات.
SET @orange_schem...' at line 1
[21-Apr-2026 00:19:13 Asia/Kuwait] [orange] migration failed 000_runner_baseline.sql: SQLSTATE[42000]: Syntax error or access violation: 1064 You have an error in your SQL syntax; check the manual that corresponds to your MariaDB server version for the right syntax to use near 'الترحيلات يع?
ل؛ لا يغيّر بيانات.
SET @orange_schem...' at line 1
[21-Apr-2026 00:19:15 Asia/Kuwait] [orange] migration failed 000_runner_baseline.sql: SQLSTATE[42000]: Syntax error or access violation: 1064 You have an error in your SQL syntax; check the manual that corresponds to your MariaDB server version for the right syntax to use near 'الترحيلات يع?
ل؛ لا يغيّر بيانات.
SET @orange_schem...' at line 1
[21-Apr-2026 00:19:15 Asia/Kuwait] PHP Fatal error:  Uncaught TypeError: htmlspecialchars(): Argument #1 ($string) must be of type string, int given in C:\inetpub\vhosts\clickstorekw.com\orangeshoppro.com\includes\storefront_phone_country_select.php:29
Stack trace:
#0 C:\inetpub\vhosts\clickstorekw.com\orangeshoppro.com\includes\storefront_phone_country_select.php(29): htmlspecialchars()
#1 C:\inetpub\vhosts\clickstorekw.com\orangeshoppro.com\pages\cart.php(56): orange_storefront_render_phone_country_select()
#2 C:\inetpub\vhosts\clickstorekw.com\orangeshoppro.com\storefront-dispatch.php(103): require('...')
#3 {main}
  thrown in C:\inetpub\vhosts\clickstorekw.com\orangeshoppro.com\includes\storefront_phone_country_select.php on line 29
[21-Apr-2026 00:19:16 Asia/Kuwait] [orange] migration failed 000_runner_baseline.sql: SQLSTATE[42000]: Syntax error or access violation: 1064 You have an error in your SQL syntax; check the manual that corresponds to your MariaDB server version for the right syntax to use near 'الترحيلات يع?
ل؛ لا يغيّر بيانات.
SET @orange_schem...' at line 1
[21-Apr-2026 00:19:19 Asia/Kuwait] [orange] migration failed 000_runner_baseline.sql: SQLSTATE[42000]: Syntax error or access violation: 1064 You have an error in your SQL syntax; check the manual that corresponds to your MariaDB server version for the right syntax to use near 'الترحيلات يع?
ل؛ لا يغيّر بيانات.
SET @orange_schem...' at line 1
[21-Apr-2026 00:19:20 Asia/Kuwait] [orange] migration failed 000_runner_baseline.sql: SQLSTATE[42000]: Syntax error or access violation: 1064 You have an error in your SQL syntax; check the manual that corresponds to your MariaDB server version for the right syntax to use near 'الترحيلات يع?
ل؛ لا يغيّر بيانات.
SET @orange_schem...' at line 1
[21-Apr-2026 00:19:26 Asia/Kuwait] [orange] migration failed 000_runner_baseline.sql: SQLSTATE[42000]: Syntax error or access violation: 1064 You have an error in your SQL syntax; check the manual that corresponds to your MariaDB server version for the right syntax to use near 'الترحيلات يع?
ل؛ لا يغيّر بيانات.
SET @orange_schem...' at line 1
[21-Apr-2026 00:19:27 Asia/Kuwait] [orange] migration failed 000_runner_baseline.sql: SQLSTATE[42000]: Syntax error or access violation: 1064 You have an error in your SQL syntax; check the manual that corresponds to your MariaDB server version for the right syntax to use near 'الترحيلات يع?
ل؛ لا يغيّر بيانات.
SET @orange_schem...' at line 1
[21-Apr-2026 00:19:29 Asia/Kuwait] [orange] migration failed 000_runner_baseline.sql: SQLSTATE[42000]: Syntax error or access violation: 1064 You have an error in your SQL syntax; check the manual that corresponds to your MariaDB server version for the right syntax to use near 'الترحيلات يع?
ل؛ لا يغيّر بيانات.
SET @orange_schem...' at line 1
[21-Apr-2026 00:19:29 Asia/Kuwait] PHP Fatal error:  Uncaught TypeError: htmlspecialchars(): Argument #1 ($string) must be of type string, int given in C:\inetpub\vhosts\clickstorekw.com\orangeshoppro.com\includes\storefront_phone_country_select.php:29
Stack trace:
#0 C:\inetpub\vhosts\clickstorekw.com\orangeshoppro.com\includes\storefront_phone_country_select.php(29): htmlspecialchars()
#1 C:\inetpub\vhosts\clickstorekw.com\orangeshoppro.com\pages\cart.php(56): orange_storefront_render_phone_country_select()
#2 C:\inetpub\vhosts\clickstorekw.com\orangeshoppro.com\storefront-dispatch.php(103): require('...')
#3 {main}
  thrown in C:\inetpub\vhosts\clickstorekw.com\orangeshoppro.com\includes\storefront_phone_country_select.php on line 29
[21-Apr-2026 00:19:29 Asia/Kuwait] [orange] migration failed 000_runner_baseline.sql: SQLSTATE[42000]: Syntax error or access violation: 1064 You have an error in your SQL syntax; check the manual that corresponds to your MariaDB server version for the right syntax to use near 'الترحيلات يع?
ل؛ لا يغيّر بيانات.
SET @orange_schem...' at line 1
[21-Apr-2026 00:19:34 Asia/Kuwait] [orange] migration failed 000_runner_baseline.sql: SQLSTATE[42000]: Syntax error or access violation: 1064 You have an error in your SQL syntax; check the manual that corresponds to your MariaDB server version for the right syntax to use near 'الترحيلات يع?
ل؛ لا يغيّر بيانات.
SET @orange_schem...' at line 1
[21-Apr-2026 00:19:35 Asia/Kuwait] [orange] migration failed 000_runner_baseline.sql: SQLSTATE[42000]: Syntax error or access violation: 1064 You have an error in your SQL syntax; check the manual that corresponds to your MariaDB server version for the right syntax to use near 'الترحيلات يع?
ل؛ لا يغيّر بيانات.
SET @orange_schem...' at line 1
[21-Apr-2026 00:19:38 Asia/Kuwait] [orange] migration failed 000_runner_baseline.sql: SQLSTATE[42000]: Syntax error or access violation: 1064 You have an error in your SQL syntax; check the manual that corresponds to your MariaDB server version for the right syntax to use near 'الترحيلات يع?
ل؛ لا يغيّر بيانات.
SET @orange_schem...' at line 1
[21-Apr-2026 00:19:38 Asia/Kuwait] PHP Fatal error:  Uncaught TypeError: htmlspecialchars(): Argument #1 ($string) must be of type string, int given in C:\inetpub\vhosts\clickstorekw.com\orangeshoppro.com\includes\storefront_phone_country_select.php:29
Stack trace:
#0 C:\inetpub\vhosts\clickstorekw.com\orangeshoppro.com\includes\storefront_phone_country_select.php(29): htmlspecialchars()
#1 C:\inetpub\vhosts\clickstorekw.com\orangeshoppro.com\pages\track.php(63): orange_storefront_render_phone_country_select()
#2 C:\inetpub\vhosts\clickstorekw.com\orangeshoppro.com\storefront-dispatch.php(108): require('...')
#3 {main}
  thrown in C:\inetpub\vhosts\clickstorekw.com\orangeshoppro.com\includes\storefront_phone_country_select.php on line 29
[21-Apr-2026 00:19:39 Asia/Kuwait] [orange] migration failed 000_runner_baseline.sql: SQLSTATE[42000]: Syntax error or access violation: 1064 You have an error in your SQL syntax; check the manual that corresponds to your MariaDB server version for the right syntax to use near 'الترحيلات يع?
ل؛ لا يغيّر بيانات.
SET @orange_schem...' at line 1
[21-Apr-2026 00:19:43 Asia/Kuwait] [orange] migration failed 000_runner_baseline.sql: SQLSTATE[42000]: Syntax error or access violation: 1064 You have an error in your SQL syntax; check the manual that corresponds to your MariaDB server version for the right syntax to use near 'الترحيلات يع?
ل؛ لا يغيّر بيانات.
SET @orange_schem...' at line 1
[21-Apr-2026 00:19:44 Asia/Kuwait] [orange] migration failed 000_runner_baseline.sql: SQLSTATE[42000]: Syntax error or access violation: 1064 You have an error in your SQL syntax; check the manual that corresponds to your MariaDB server version for the right syntax to use near 'الترحيلات يع?
ل؛ لا يغيّر بيانات.
SET @orange_schem...' at line 1
[21-Apr-2026 00:20:11 Asia/Kuwait] [orange] migration failed 000_runner_baseline.sql: SQLSTATE[42000]: Syntax error or access violation: 1064 You have an error in your SQL syntax; check the manual that corresponds to your MariaDB server version for the right syntax to use near 'الترحيلات يع?
ل؛ لا يغيّر بيانات.
SET @orange_schem...' at line 1
[21-Apr-2026 00:20:11 Asia/Kuwait] PHP Fatal error:  Uncaught TypeError: htmlspecialchars(): Argument #1 ($string) must be of type string, int given in C:\inetpub\vhosts\clickstorekw.com\orangeshoppro.com\includes\storefront_phone_country_select.php:29
Stack trace:
#0 C:\inetpub\vhosts\clickstorekw.com\orangeshoppro.com\includes\storefront_phone_country_select.php(29): htmlspecialchars()
#1 C:\inetpub\vhosts\clickstorekw.com\orangeshoppro.com\pages\cart.php(56): orange_storefront_render_phone_country_select()
#2 C:\inetpub\vhosts\clickstorekw.com\orangeshoppro.com\storefront-dispatch.php(103): require('...')
#3 {main}
  thrown in C:\inetpub\vhosts\clickstorekw.com\orangeshoppro.com\includes\storefront_phone_country_select.php on line 29
[21-Apr-2026 00:20:13 Asia/Kuwait] [orange] migration failed 000_runner_baseline.sql: SQLSTATE[42000]: Syntax error or access violation: 1064 You have an error in your SQL syntax; check the manual that corresponds to your MariaDB server version for the right syntax to use near 'الترحيلات يع?
ل؛ لا يغيّر بيانات.
SET @orange_schem...' at line 1
[21-Apr-2026 00:20:13 Asia/Kuwait] [orange] migration failed 000_runner_baseline.sql: SQLSTATE[42000]: Syntax error or access violation: 1064 You have an error in your SQL syntax; check the manual that corresponds to your MariaDB server version for the right syntax to use near 'الترحيلات يع?
ل؛ لا يغيّر بيانات.
SET @orange_schem...' at line 1
[21-Apr-2026 00:20:16 Asia/Kuwait] [orange] migration failed 000_runner_baseline.sql: SQLSTATE[42000]: Syntax error or access violation: 1064 You have an error in your SQL syntax; check the manual that corresponds to your MariaDB server version for the right syntax to use near 'الترحيلات يع?
ل؛ لا يغيّر بيانات.
SET @orange_schem...' at line 1
[21-Apr-2026 00:20:17 Asia/Kuwait] [orange] migration failed 000_runner_baseline.sql: SQLSTATE[42000]: Syntax error or access violation: 1064 You have an error in your SQL syntax; check the manual that corresponds to your MariaDB server version for the right syntax to use near 'الترحيلات يع?
ل؛ لا يغيّر بيانات.
SET @orange_schem...' at line 1
[21-Apr-2026 00:20:19 Asia/Kuwait] [orange] migration failed 000_runner_baseline.sql: SQLSTATE[42000]: Syntax error or access violation: 1064 You have an error in your SQL syntax; check the manual that corresponds to your MariaDB server version for the right syntax to use near 'الترحيلات يع?
ل؛ لا يغيّر بيانات.
SET @orange_schem...' at line 1
[21-Apr-2026 00:20:19 Asia/Kuwait] PHP Fatal error:  Uncaught TypeError: htmlspecialchars(): Argument #1 ($string) must be of type string, int given in C:\inetpub\vhosts\clickstorekw.com\orangeshoppro.com\includes\storefront_phone_country_select.php:29
Stack trace:
#0 C:\inetpub\vhosts\clickstorekw.com\orangeshoppro.com\includes\storefront_phone_country_select.php(29): htmlspecialchars()
#1 C:\inetpub\vhosts\clickstorekw.com\orangeshoppro.com\pages\track.php(63): orange_storefront_render_phone_country_select()
#2 C:\inetpub\vhosts\clickstorekw.com\orangeshoppro.com\storefront-dispatch.php(108): require('...')
#3 {main}
  thrown in C:\inetpub\vhosts\clickstorekw.com\orangeshoppro.com\includes\storefront_phone_country_select.php on line 29
[21-Apr-2026 00:20:20 Asia/Kuwait] [orange] migration failed 000_runner_baseline.sql: SQLSTATE[42000]: Syntax error or access violation: 1064 You have an error in your SQL syntax; check the manual that corresponds to your MariaDB server version for the right syntax to use near 'الترحيلات يع?
ل؛ لا يغيّر بيانات.
SET @orange_schem...' at line 1
[21-Apr-2026 00:20:31 Asia/Kuwait] [orange] migration failed 000_runner_baseline.sql: SQLSTATE[42000]: Syntax error or access violation: 1064 You have an error in your SQL syntax; check the manual that corresponds to your MariaDB server version for the right syntax to use near 'الترحيلات يع?
ل؛ لا يغيّر بيانات.
SET @orange_schem...' at line 1
[21-Apr-2026 00:20:32 Asia/Kuwait] [orange] migration failed 000_runner_baseline.sql: SQLSTATE[42000]: Syntax error or access violation: 1064 You have an error in your SQL syntax; check the manual that corresponds to your MariaDB server version for the right syntax to use near 'الترحيلات يع?
ل؛ لا يغيّر بيانات.
SET @orange_schem...' at line 1
[21-Apr-2026 00:20:35 Asia/Kuwait] [orange] migration failed 000_runner_baseline.sql: SQLSTATE[42000]: Syntax error or access violation: 1064 You have an error in your SQL syntax; check the manual that corresponds to your MariaDB server version for the right syntax to use near 'الترحيلات يع?
ل؛ لا يغيّر بيانات.
SET @orange_schem...' at line 1
[21-Apr-2026 00:20:35 Asia/Kuwait] PHP Fatal error:  Uncaught TypeError: htmlspecialchars(): Argument #1 ($string) must be of type string, int given in C:\inetpub\vhosts\clickstorekw.com\orangeshoppro.com\includes\storefront_phone_country_select.php:29
Stack trace:
#0 C:\inetpub\vhosts\clickstorekw.com\orangeshoppro.com\includes\storefront_phone_country_select.php(29): htmlspecialchars()
#1 C:\inetpub\vhosts\clickstorekw.com\orangeshoppro.com\pages\register.php(111): orange_storefront_render_phone_country_select()
#2 C:\inetpub\vhosts\clickstorekw.com\orangeshoppro.com\storefront-dispatch.php(113): require('...')
#3 {main}
  thrown in C:\inetpub\vhosts\clickstorekw.com\orangeshoppro.com\includes\storefront_phone_country_select.php on line 29
[21-Apr-2026 00:20:36 Asia/Kuwait] [orange] migration failed 000_runner_baseline.sql: SQLSTATE[42000]: Syntax error or access violation: 1064 You have an error in your SQL syntax; check the manual that corresponds to your MariaDB server version for the right syntax to use near 'الترحيلات يع?
ل؛ لا يغيّر بيانات.
SET @orange_schem...' at line 1
[21-Apr-2026 00:20:38 Asia/Kuwait] [orange] migration failed 000_runner_baseline.sql: SQLSTATE[42000]: Syntax error or access violation: 1064 You have an error in your SQL syntax; check the manual that corresponds to your MariaDB server version for the right syntax to use near 'الترحيلات يع?
ل؛ لا يغيّر بيانات.
SET @orange_schem...' at line 1
[21-Apr-2026 00:20:39 Asia/Kuwait] [orange] migration failed 000_runner_baseline.sql: SQLSTATE[42000]: Syntax error or access violation: 1064 You have an error in your SQL syntax; check the manual that corresponds to your MariaDB server version for the right syntax to use near 'الترحيلات يع?
ل؛ لا يغيّر بيانات.
SET @orange_schem...' at line 1
[21-Apr-2026 00:20:41 Asia/Kuwait] [orange] migration failed 000_runner_baseline.sql: SQLSTATE[42000]: Syntax error or access violation: 1064 You have an error in your SQL syntax; check the manual that corresponds to your MariaDB server version for the right syntax to use near 'الترحيلات يع?
ل؛ لا يغيّر بيانات.
SET @orange_schem...' at line 1
[21-Apr-2026 00:20:41 Asia/Kuwait] PHP Fatal error:  Uncaught TypeError: htmlspecialchars(): Argument #1 ($string) must be of type string, int given in C:\inetpub\vhosts\clickstorekw.com\orangeshoppro.com\includes\storefront_phone_country_select.php:29
Stack trace:
#0 C:\inetpub\vhosts\clickstorekw.com\orangeshoppro.com\includes\storefront_phone_country_select.php(29): htmlspecialchars()
#1 C:\inetpub\vhosts\clickstorekw.com\orangeshoppro.com\pages\track.php(63): orange_storefront_render_phone_country_select()
#2 C:\inetpub\vhosts\clickstorekw.com\orangeshoppro.com\storefront-dispatch.php(108): require('...')
#3 {main}
  thrown in C:\inetpub\vhosts\clickstorekw.com\orangeshoppro.com\includes\storefront_phone_country_select.php on line 29
[21-Apr-2026 00:20:42 Asia/Kuwait] [orange] migration failed 000_runner_baseline.sql: SQLSTATE[42000]: Syntax error or access violation: 1064 You have an error in your SQL syntax; check the manual that corresponds to your MariaDB server version for the right syntax to use near 'الترحيلات يع?
ل؛ لا يغيّر بيانات.
SET @orange_schem...' at line 1
[21-Apr-2026 00:20:49 Asia/Kuwait] [orange] migration failed 000_runner_baseline.sql: SQLSTATE[42000]: Syntax error or access violation: 1064 You have an error in your SQL syntax; check the manual that corresponds to your MariaDB server version for the right syntax to use near 'الترحيلات يع?
ل؛ لا يغيّر بيانات.
SET @orange_schem...' at line 1
[21-Apr-2026 00:20:50 Asia/Kuwait] [orange] migration failed 000_runner_baseline.sql: SQLSTATE[42000]: Syntax error or access violation: 1064 You have an error in your SQL syntax; check the manual that corresponds to your MariaDB server version for the right syntax to use near 'الترحيلات يع?
ل؛ لا يغيّر بيانات.
SET @orange_schem...' at line 1
[21-Apr-2026 00:21:05 Asia/Kuwait] [orange] migration failed 000_runner_baseline.sql: SQLSTATE[42000]: Syntax error or access violation: 1064 You have an error in your SQL syntax; check the manual that corresponds to your MariaDB server version for the right syntax to use near 'الترحيلات يع?
ل؛ لا يغيّر بيانات.
SET @orange_schem...' at line 1
[21-Apr-2026 00:21:05 Asia/Kuwait] PHP Fatal error:  Uncaught TypeError: htmlspecialchars(): Argument #1 ($string) must be of type string, int given in C:\inetpub\vhosts\clickstorekw.com\orangeshoppro.com\includes\storefront_phone_country_select.php:29
Stack trace:
#0 C:\inetpub\vhosts\clickstorekw.com\orangeshoppro.com\includes\storefront_phone_country_select.php(29): htmlspecialchars()
#1 C:\inetpub\vhosts\clickstorekw.com\orangeshoppro.com\pages\cart.php(56): orange_storefront_render_phone_country_select()
#2 C:\inetpub\vhosts\clickstorekw.com\orangeshoppro.com\storefront-dispatch.php(103): require('...')
#3 {main}
  thrown in C:\inetpub\vhosts\clickstorekw.com\orangeshoppro.com\includes\storefront_phone_country_select.php on line 29
[21-Apr-2026 00:21:06 Asia/Kuwait] [orange] migration failed 000_runner_baseline.sql: SQLSTATE[42000]: Syntax error or access violation: 1064 You have an error in your SQL syntax; check the manual that corresponds to your MariaDB server version for the right syntax to use near 'الترحيلات يع?
ل؛ لا يغيّر بيانات.
SET @orange_schem...' at line 1
[21-Apr-2026 00:21:12 Asia/Kuwait] [orange] migration failed 000_runner_baseline.sql: SQLSTATE[42000]: Syntax error or access violation: 1064 You have an error in your SQL syntax; check the manual that corresponds to your MariaDB server version for the right syntax to use near 'الترحيلات يع?
ل؛ لا يغيّر بيانات.
SET @orange_schem...' at line 1
[21-Apr-2026 00:21:13 Asia/Kuwait] [orange] migration failed 000_runner_baseline.sql: SQLSTATE[42000]: Syntax error or access violation: 1064 You have an error in your SQL syntax; check the manual that corresponds to your MariaDB server version for the right syntax to use near 'الترحيلات يع?
ل؛ لا يغيّر بيانات.
SET @orange_schem...' at line 1
[21-Apr-2026 00:21:23 Asia/Kuwait] [orange] migration failed 000_runner_baseline.sql: SQLSTATE[42000]: Syntax error or access violation: 1064 You have an error in your SQL syntax; check the manual that corresponds to your MariaDB server version for the right syntax to use near 'الترحيلات يع?
ل؛ لا يغيّر بيانات.
SET @orange_schem...' at line 1
[21-Apr-2026 00:21:23 Asia/Kuwait] PHP Fatal error:  Uncaught TypeError: htmlspecialchars(): Argument #1 ($string) must be of type string, int given in C:\inetpub\vhosts\clickstorekw.com\orangeshoppro.com\includes\storefront_phone_country_select.php:29
Stack trace:
#0 C:\inetpub\vhosts\clickstorekw.com\orangeshoppro.com\includes\storefront_phone_country_select.php(29): htmlspecialchars()
#1 C:\inetpub\vhosts\clickstorekw.com\orangeshoppro.com\pages\cart.php(56): orange_storefront_render_phone_country_select()
#2 C:\inetpub\vhosts\clickstorekw.com\orangeshoppro.com\storefront-dispatch.php(103): require('...')
#3 {main}
  thrown in C:\inetpub\vhosts\clickstorekw.com\orangeshoppro.com\includes\storefront_phone_country_select.php on line 29
[21-Apr-2026 00:21:25 Asia/Kuwait] [orange] migration failed 000_runner_baseline.sql: SQLSTATE[42000]: Syntax error or access violation: 1064 You have an error in your SQL syntax; check the manual that corresponds to your MariaDB server version for the right syntax to use near 'الترحيلات يع?
ل؛ لا يغيّر بيانات.
SET @orange_schem...' at line 1
[21-Apr-2026 00:21:27 Asia/Kuwait] [orange] migration failed 000_runner_baseline.sql: SQLSTATE[42000]: Syntax error or access violation: 1064 You have an error in your SQL syntax; check the manual that corresponds to your MariaDB server version for the right syntax to use near 'الترحيلات يع?
ل؛ لا يغيّر بيانات.
SET @orange_schem...' at line 1
[21-Apr-2026 00:21:29 Asia/Kuwait] [orange] migration failed 000_runner_baseline.sql: SQLSTATE[42000]: Syntax error or access violation: 1064 You have an error in your SQL syntax; check the manual that corresponds to your MariaDB server version for the right syntax to use near 'الترحيلات يع?
ل؛ لا يغيّر بيانات.
SET @orange_schem...' at line 1
[21-Apr-2026 00:22:59 Asia/Kuwait] [orange] migration failed 000_runner_baseline.sql: SQLSTATE[42000]: Syntax error or access violation: 1064 You have an error in your SQL syntax; check the manual that corresponds to your MariaDB server version for the right syntax to use near 'الترحيلات يع?
ل؛ لا يغيّر بيانات.
SET @orange_schem...' at line 1
[21-Apr-2026 00:22:59 Asia/Kuwait] PHP Fatal error:  Uncaught TypeError: htmlspecialchars(): Argument #1 ($string) must be of type string, int given in C:\inetpub\vhosts\clickstorekw.com\orangeshoppro.com\includes\storefront_phone_country_select.php:29
Stack trace:
#0 C:\inetpub\vhosts\clickstorekw.com\orangeshoppro.com\includes\storefront_phone_country_select.php(29): htmlspecialchars()
#1 C:\inetpub\vhosts\clickstorekw.com\orangeshoppro.com\pages\cart.php(56): orange_storefront_render_phone_country_select()
#2 C:\inetpub\vhosts\clickstorekw.com\orangeshoppro.com\storefront-dispatch.php(103): require('...')
#3 {main}
  thrown in C:\inetpub\vhosts\clickstorekw.com\orangeshoppro.com\includes\storefront_phone_country_select.php on line 29
[21-Apr-2026 00:23:00 Asia/Kuwait] [orange] migration failed 000_runner_baseline.sql: SQLSTATE[42000]: Syntax error or access violation: 1064 You have an error in your SQL syntax; check the manual that corresponds to your MariaDB server version for the right syntax to use near 'الترحيلات يع?
ل؛ لا يغيّر بيانات.
SET @orange_schem...' at line 1
[21-Apr-2026 00:23:06 Asia/Kuwait] [orange] migration failed 000_runner_baseline.sql: SQLSTATE[42000]: Syntax error or access violation: 1064 You have an error in your SQL syntax; check the manual that corresponds to your MariaDB server version for the right syntax to use near 'الترحيلات يع?
ل؛ لا يغيّر بيانات.
SET @orange_schem...' at line 1
[21-Apr-2026 00:23:07 Asia/Kuwait] [orange] migration failed 000_runner_baseline.sql: SQLSTATE[42000]: Syntax error or access violation: 1064 You have an error in your SQL syntax; check the manual that corresponds to your MariaDB server version for the right syntax to use near 'الترحيلات يع?
ل؛ لا يغيّر بيانات.
SET @orange_schem...' at line 1
[21-Apr-2026 00:25:58 Asia/Kuwait] [orange] migration failed 000_runner_baseline.sql: SQLSTATE[42000]: Syntax error or access violation: 1064 You have an error in your SQL syntax; check the manual that corresponds to your MariaDB server version for the right syntax to use near 'الترحيلات يع?
ل؛ لا يغيّر بيانات.
SET @orange_schem...' at line 1
[21-Apr-2026 00:25:58 Asia/Kuwait] PHP Fatal error:  Uncaught TypeError: htmlspecialchars(): Argument #1 ($string) must be of type string, int given in C:\inetpub\vhosts\clickstorekw.com\orangeshoppro.com\includes\storefront_phone_country_select.php:29
Stack trace:
#0 C:\inetpub\vhosts\clickstorekw.com\orangeshoppro.com\includes\storefront_phone_country_select.php(29): htmlspecialchars()
#1 C:\inetpub\vhosts\clickstorekw.com\orangeshoppro.com\pages\track.php(63): orange_storefront_render_phone_country_select()
#2 C:\inetpub\vhosts\clickstorekw.com\orangeshoppro.com\storefront-dispatch.php(108): require('...')
#3 {main}
  thrown in C:\inetpub\vhosts\clickstorekw.com\orangeshoppro.com\includes\storefront_phone_country_select.php on line 29
[21-Apr-2026 00:25:59 Asia/Kuwait] [orange] migration failed 000_runner_baseline.sql: SQLSTATE[42000]: Syntax error or access violation: 1064 You have an error in your SQL syntax; check the manual that corresponds to your MariaDB server version for the right syntax to use near 'الترحيلات يع?
ل؛ لا يغيّر بيانات.
SET @orange_schem...' at line 1
[21-Apr-2026 00:26:02 Asia/Kuwait] [orange] migration failed 000_runner_baseline.sql: SQLSTATE[42000]: Syntax error or access violation: 1064 You have an error in your SQL syntax; check the manual that corresponds to your MariaDB server version for the right syntax to use near 'الترحيلات يع?
ل؛ لا يغيّر بيانات.
SET @orange_schem...' at line 1
[21-Apr-2026 00:26:02 Asia/Kuwait] [orange] migration failed 000_runner_baseline.sql: SQLSTATE[42000]: Syntax error or access violation: 1064 You have an error in your SQL syntax; check the manual that corresponds to your MariaDB server version for the right syntax to use near 'الترحيلات يع?
ل؛ لا يغيّر بيانات.
SET @orange_schem...' at line 1
[21-Apr-2026 00:26:03 Asia/Kuwait] [orange] migration failed 000_runner_baseline.sql: SQLSTATE[42000]: Syntax error or access violation: 1064 You have an error in your SQL syntax; check the manual that corresponds to your MariaDB server version for the right syntax to use near 'الترحيلات يع?
ل؛ لا يغيّر بيانات.
SET @orange_schem...' at line 1
[21-Apr-2026 00:26:07 Asia/Kuwait] [orange] migration failed 000_runner_baseline.sql: SQLSTATE[42000]: Syntax error or access violation: 1064 You have an error in your SQL syntax; check the manual that corresponds to your MariaDB server version for the right syntax to use near 'الترحيلات يع?
ل؛ لا يغيّر بيانات.
SET @orange_schem...' at line 1
[21-Apr-2026 00:26:08 Asia/Kuwait] [orange] migration failed 000_runner_baseline.sql: SQLSTATE[42000]: Syntax error or access violation: 1064 You have an error in your SQL syntax; check the manual that corresponds to your MariaDB server version for the right syntax to use near 'الترحيلات يع?
ل؛ لا يغيّر بيانات.
SET @orange_schem...' at line 1
[21-Apr-2026 00:26:09 Asia/Kuwait] [orange] migration failed 000_runner_baseline.sql: SQLSTATE[42000]: Syntax error or access violation: 1064 You have an error in your SQL syntax; check the manual that corresponds to your MariaDB server version for the right syntax to use near 'الترحيلات يع?
ل؛ لا يغيّر بيانات.
SET @orange_schem...' at line 1
[21-Apr-2026 00:26:09 Asia/Kuwait] [orange] migration failed 000_runner_baseline.sql: SQLSTATE[42000]: Syntax error or access violation: 1064 You have an error in your SQL syntax; check the manual that corresponds to your MariaDB server version for the right syntax to use near 'الترحيلات يع?
ل؛ لا يغيّر بيانات.
SET @orange_schem...' at line 1
[21-Apr-2026 00:26:11 Asia/Kuwait] [orange] migration failed 000_runner_baseline.sql: SQLSTATE[42000]: Syntax error or access violation: 1064 You have an error in your SQL syntax; check the manual that corresponds to your MariaDB server version for the right syntax to use near 'الترحيلات يع?
ل؛ لا يغيّر بيانات.
SET @orange_schem...' at line 1
[21-Apr-2026 00:26:11 Asia/Kuwait] PHP Fatal error:  Uncaught TypeError: htmlspecialchars(): Argument #1 ($string) must be of type string, int given in C:\inetpub\vhosts\clickstorekw.com\orangeshoppro.com\includes\storefront_phone_country_select.php:29
Stack trace:
#0 C:\inetpub\vhosts\clickstorekw.com\orangeshoppro.com\includes\storefront_phone_country_select.php(29): htmlspecialchars()
#1 C:\inetpub\vhosts\clickstorekw.com\orangeshoppro.com\pages\register.php(111): orange_storefront_render_phone_country_select()
#2 C:\inetpub\vhosts\clickstorekw.com\orangeshoppro.com\storefront-dispatch.php(113): require('...')
#3 {main}
  thrown in C:\inetpub\vhosts\clickstorekw.com\orangeshoppro.com\includes\storefront_phone_country_select.php on line 29
[21-Apr-2026 00:26:11 Asia/Kuwait] [orange] migration failed 000_runner_baseline.sql: SQLSTATE[42000]: Syntax error or access violation: 1064 You have an error in your SQL syntax; check the manual that corresponds to your MariaDB server version for the right syntax to use near 'الترحيلات يع?
ل؛ لا يغيّر بيانات.
SET @orange_schem...' at line 1
[21-Apr-2026 00:26:19 Asia/Kuwait] [orange] migration failed 000_runner_baseline.sql: SQLSTATE[42000]: Syntax error or access violation: 1064 You have an error in your SQL syntax; check the manual that corresponds to your MariaDB server version for the right syntax to use near 'الترحيلات يع?
ل؛ لا يغيّر بيانات.
SET @orange_schem...' at line 1
[21-Apr-2026 00:26:20 Asia/Kuwait] [orange] migration failed 000_runner_baseline.sql: SQLSTATE[42000]: Syntax error or access violation: 1064 You have an error in your SQL syntax; check the manual that corresponds to your MariaDB server version for the right syntax to use near 'الترحيلات يع?
ل؛ لا يغيّر بيانات.
SET @orange_schem...' at line 1
[21-Apr-2026 00:27:33 Asia/Kuwait] [orange] migration failed 000_runner_baseline.sql: SQLSTATE[42000]: Syntax error or access violation: 1064 You have an error in your SQL syntax; check the manual that corresponds to your MariaDB server version for the right syntax to use near 'الترحيلات يع?
ل؛ لا يغيّر بيانات.
SET @orange_schem...' at line 1
[21-Apr-2026 00:27:33 Asia/Kuwait] PHP Fatal error:  Uncaught TypeError: htmlspecialchars(): Argument #1 ($string) must be of type string, int given in C:\inetpub\vhosts\clickstorekw.com\orangeshoppro.com\includes\storefront_phone_country_select.php:29
Stack trace:
#0 C:\inetpub\vhosts\clickstorekw.com\orangeshoppro.com\includes\storefront_phone_country_select.php(29): htmlspecialchars()
#1 C:\inetpub\vhosts\clickstorekw.com\orangeshoppro.com\admin\pages\customers.php(71): orange_storefront_render_phone_country_select()
#2 C:\inetpub\vhosts\clickstorekw.com\orangeshoppro.com\admin\index.php(56): include('...')
#3 {main}
  thrown in C:\inetpub\vhosts\clickstorekw.com\orangeshoppro.com\includes\storefront_phone_country_select.php on line 29
[21-Apr-2026 00:27:54 Asia/Kuwait] [orange] migration failed 000_runner_baseline.sql: SQLSTATE[42000]: Syntax error or access violation: 1064 You have an error in your SQL syntax; check the manual that corresponds to your MariaDB server version for the right syntax to use near 'الترحيلات يع?
ل؛ لا يغيّر بيانات.
SET @orange_schem...' at line 1
[21-Apr-2026 00:27:54 Asia/Kuwait] PHP Fatal error:  Uncaught TypeError: htmlspecialchars(): Argument #1 ($string) must be of type string, int given in C:\inetpub\vhosts\clickstorekw.com\orangeshoppro.com\includes\storefront_phone_country_select.php:29
Stack trace:
#0 C:\inetpub\vhosts\clickstorekw.com\orangeshoppro.com\includes\storefront_phone_country_select.php(29): htmlspecialchars()
#1 C:\inetpub\vhosts\clickstorekw.com\orangeshoppro.com\admin\pages\customers.php(71): orange_storefront_render_phone_country_select()
#2 C:\inetpub\vhosts\clickstorekw.com\orangeshoppro.com\admin\index.php(56): include('...')
#3 {main}
  thrown in C:\inetpub\vhosts\clickstorekw.com\orangeshoppro.com\includes\storefront_phone_country_select.php on line 29
[21-Apr-2026 00:28:11 Asia/Kuwait] [orange] migration failed 000_runner_baseline.sql: SQLSTATE[42000]: Syntax error or access violation: 1064 You have an error in your SQL syntax; check the manual that corresponds to your MariaDB server version for the right syntax to use near 'الترحيلات يع?
ل؛ لا يغيّر بيانات.
SET @orange_schem...' at line 1
[21-Apr-2026 00:28:13 Asia/Kuwait] [orange] migration failed 000_runner_baseline.sql: SQLSTATE[42000]: Syntax error or access violation: 1064 You have an error in your SQL syntax; check the manual that corresponds to your MariaDB server version for the right syntax to use near 'الترحيلات يع?
ل؛ لا يغيّر بيانات.
SET @orange_schem...' at line 1
[21-Apr-2026 00:28:52 Asia/Kuwait] [orange] migration failed 000_runner_baseline.sql: SQLSTATE[42000]: Syntax error or access violation: 1064 You have an error in your SQL syntax; check the manual that corresponds to your MariaDB server version for the right syntax to use near 'الترحيلات يع?
ل؛ لا يغيّر بيانات.
SET @orange_schem...' at line 1
[21-Apr-2026 00:28:53 Asia/Kuwait] [orange] migration failed 000_runner_baseline.sql: SQLSTATE[42000]: Syntax error or access violation: 1064 You have an error in your SQL syntax; check the manual that corresponds to your MariaDB server version for the right syntax to use near 'الترحيلات يع?
ل؛ لا يغيّر بيانات.
SET @orange_schem...' at line 1
[21-Apr-2026 00:28:55 Asia/Kuwait] [orange] migration failed 000_runner_baseline.sql: SQLSTATE[42000]: Syntax error or access violation: 1064 You have an error in your SQL syntax; check the manual that corresponds to your MariaDB server version for the right syntax to use near 'الترحيلات يع?
ل؛ لا يغيّر بيانات.
SET @orange_schem...' at line 1
[21-Apr-2026 00:28:55 Asia/Kuwait] PHP Fatal error:  Uncaught TypeError: htmlspecialchars(): Argument #1 ($string) must be of type string, int given in C:\inetpub\vhosts\clickstorekw.com\orangeshoppro.com\includes\storefront_phone_country_select.php:29
Stack trace:
#0 C:\inetpub\vhosts\clickstorekw.com\orangeshoppro.com\includes\storefront_phone_country_select.php(29): htmlspecialchars()
#1 C:\inetpub\vhosts\clickstorekw.com\orangeshoppro.com\pages\register.php(111): orange_storefront_render_phone_country_select()
#2 C:\inetpub\vhosts\clickstorekw.com\orangeshoppro.com\storefront-dispatch.php(113): require('...')
#3 {main}
  thrown in C:\inetpub\vhosts\clickstorekw.com\orangeshoppro.com\includes\storefront_phone_country_select.php on line 29
[21-Apr-2026 00:28:55 Asia/Kuwait] [orange] migration failed 000_runner_baseline.sql: SQLSTATE[42000]: Syntax error or access violation: 1064 You have an error in your SQL syntax; check the manual that corresponds to your MariaDB server version for the right syntax to use near 'الترحيلات يع?
ل؛ لا يغيّر بيانات.
SET @orange_schem...' at line 1
[21-Apr-2026 00:28:58 Asia/Kuwait] [orange] migration failed 000_runner_baseline.sql: SQLSTATE[42000]: Syntax error or access violation: 1064 You have an error in your SQL syntax; check the manual that corresponds to your MariaDB server version for the right syntax to use near 'الترحيلات يع?
ل؛ لا يغيّر بيانات.
SET @orange_schem...' at line 1
[21-Apr-2026 00:28:59 Asia/Kuwait] [orange] migration failed 000_runner_baseline.sql: SQLSTATE[42000]: Syntax error or access violation: 1064 You have an error in your SQL syntax; check the manual that corresponds to your MariaDB server version for the right syntax to use near 'الترحيلات يع?
ل؛ لا يغيّر بيانات.
SET @orange_schem...' at line 1
[21-Apr-2026 00:29:00 Asia/Kuwait] [orange] migration failed 000_runner_baseline.sql: SQLSTATE[42000]: Syntax error or access violation: 1064 You have an error in your SQL syntax; check the manual that corresponds to your MariaDB server version for the right syntax to use near 'الترحيلات يع?
ل؛ لا يغيّر بيانات.
SET @orange_schem...' at line 1
[21-Apr-2026 00:29:00 Asia/Kuwait] PHP Fatal error:  Uncaught TypeError: htmlspecialchars(): Argument #1 ($string) must be of type string, int given in C:\inetpub\vhosts\clickstorekw.com\orangeshoppro.com\includes\storefront_phone_country_select.php:29
Stack trace:
#0 C:\inetpub\vhosts\clickstorekw.com\orangeshoppro.com\includes\storefront_phone_country_select.php(29): htmlspecialchars()
#1 C:\inetpub\vhosts\clickstorekw.com\orangeshoppro.com\pages\cart.php(56): orange_storefront_render_phone_country_select()
#2 C:\inetpub\vhosts\clickstorekw.com\orangeshoppro.com\storefront-dispatch.php(103): require('...')
#3 {main}
  thrown in C:\inetpub\vhosts\clickstorekw.com\orangeshoppro.com\includes\storefront_phone_country_select.php on line 29
[21-Apr-2026 00:29:01 Asia/Kuwait] [orange] migration failed 000_runner_baseline.sql: SQLSTATE[42000]: Syntax error or access violation: 1064 You have an error in your SQL syntax; check the manual that corresponds to your MariaDB server version for the right syntax to use near 'الترحيلات يع?
ل؛ لا يغيّر بيانات.
SET @orange_schem...' at line 1
[21-Apr-2026 00:29:03 Asia/Kuwait] [orange] migration failed 000_runner_baseline.sql: SQLSTATE[42000]: Syntax error or access violation: 1064 You have an error in your SQL syntax; check the manual that corresponds to your MariaDB server version for the right syntax to use near 'الترحيلات يع?
ل؛ لا يغيّر بيانات.
SET @orange_schem...' at line 1
[21-Apr-2026 00:29:04 Asia/Kuwait] [orange] migration failed 000_runner_baseline.sql: SQLSTATE[42000]: Syntax error or access violation: 1064 You have an error in your SQL syntax; check the manual that corresponds to your MariaDB server version for the right syntax to use near 'الترحيلات يع?
ل؛ لا يغيّر بيانات.
SET @orange_schem...' at line 1
[21-Apr-2026 00:29:51 Asia/Kuwait] [orange] migration failed 000_runner_baseline.sql: SQLSTATE[42000]: Syntax error or access violation: 1064 You have an error in your SQL syntax; check the manual that corresponds to your MariaDB server version for the right syntax to use near 'الترحيلات يع?
ل؛ لا يغيّر بيانات.
SET @orange_schem...' at line 1
[21-Apr-2026 00:29:58 Asia/Kuwait] [orange] migration failed 000_runner_baseline.sql: SQLSTATE[42000]: Syntax error or access violation: 1064 You have an error in your SQL syntax; check the manual that corresponds to your MariaDB server version for the right syntax to use near 'الترحيلات يع?
ل؛ لا يغيّر بيانات.
SET @orange_schem...' at line 1
[21-Apr-2026 00:30:00 Asia/Kuwait] [orange] migration failed 000_runner_baseline.sql: SQLSTATE[42000]: Syntax error or access violation: 1064 You have an error in your SQL syntax; check the manual that corresponds to your MariaDB server version for the right syntax to use near 'الترحيلات يع?
ل؛ لا يغيّر بيانات.
SET @orange_schem...' at line 1
[21-Apr-2026 00:30:00 Asia/Kuwait] PHP Fatal error:  Uncaught TypeError: htmlspecialchars(): Argument #1 ($string) must be of type string, int given in C:\inetpub\vhosts\clickstorekw.com\orangeshoppro.com\includes\storefront_phone_country_select.php:29
Stack trace:
#0 C:\inetpub\vhosts\clickstorekw.com\orangeshoppro.com\includes\storefront_phone_country_select.php(29): htmlspecialchars()
#1 C:\inetpub\vhosts\clickstorekw.com\orangeshoppro.com\pages\cart.php(56): orange_storefront_render_phone_country_select()
#2 C:\inetpub\vhosts\clickstorekw.com\orangeshoppro.com\storefront-dispatch.php(103): require('...')
#3 {main}
  thrown in C:\inetpub\vhosts\clickstorekw.com\orangeshoppro.com\includes\storefront_phone_country_select.php on line 29
[21-Apr-2026 00:30:00 Asia/Kuwait] [orange] migration failed 000_runner_baseline.sql: SQLSTATE[42000]: Syntax error or access violation: 1064 You have an error in your SQL syntax; check the manual that corresponds to your MariaDB server version for the right syntax to use near 'الترحيلات يع?
ل؛ لا يغيّر بيانات.
SET @orange_schem...' at line 1
[21-Apr-2026 00:30:38 Asia/Kuwait] [orange] migration failed 000_runner_baseline.sql: SQLSTATE[42000]: Syntax error or access violation: 1064 You have an error in your SQL syntax; check the manual that corresponds to your MariaDB server version for the right syntax to use near 'الترحيلات يع?
ل؛ لا يغيّر بيانات.
SET @orange_schem...' at line 1
[21-Apr-2026 00:30:39 Asia/Kuwait] [orange] migration failed 000_runner_baseline.sql: SQLSTATE[42000]: Syntax error or access violation: 1064 You have an error in your SQL syntax; check the manual that corresponds to your MariaDB server version for the right syntax to use near 'الترحيلات يع?
ل؛ لا يغيّر بيانات.
SET @orange_schem...' at line 1
[21-Apr-2026 00:30:47 Asia/Kuwait] [orange] migration failed 000_runner_baseline.sql: SQLSTATE[42000]: Syntax error or access violation: 1064 You have an error in your SQL syntax; check the manual that corresponds to your MariaDB server version for the right syntax to use near 'الترحيلات يع?
ل؛ لا يغيّر بيانات.
SET @orange_schem...' at line 1
[21-Apr-2026 00:30:47 Asia/Kuwait] PHP Fatal error:  Uncaught TypeError: htmlspecialchars(): Argument #1 ($string) must be of type string, int given in C:\inetpub\vhosts\clickstorekw.com\orangeshoppro.com\includes\storefront_phone_country_select.php:29
Stack trace:
#0 C:\inetpub\vhosts\clickstorekw.com\orangeshoppro.com\includes\storefront_phone_country_select.php(29): htmlspecialchars()
#1 C:\inetpub\vhosts\clickstorekw.com\orangeshoppro.com\pages\register.php(111): orange_storefront_render_phone_country_select()
#2 C:\inetpub\vhosts\clickstorekw.com\orangeshoppro.com\storefront-dispatch.php(113): require('...')
#3 {main}
  thrown in C:\inetpub\vhosts\clickstorekw.com\orangeshoppro.com\includes\storefront_phone_country_select.php on line 29
[21-Apr-2026 00:30:48 Asia/Kuwait] [orange] migration failed 000_runner_baseline.sql: SQLSTATE[42000]: Syntax error or access violation: 1064 You have an error in your SQL syntax; check the manual that corresponds to your MariaDB server version for the right syntax to use near 'الترحيلات يع?
ل؛ لا يغيّر بيانات.
SET @orange_schem...' at line 1
[21-Apr-2026 00:30:52 Asia/Kuwait] [orange] migration failed 000_runner_baseline.sql: SQLSTATE[42000]: Syntax error or access violation: 1064 You have an error in your SQL syntax; check the manual that corresponds to your MariaDB server version for the right syntax to use near 'الترحيلات يع?
ل؛ لا يغيّر بيانات.
SET @orange_schem...' at line 1
[21-Apr-2026 00:30:53 Asia/Kuwait] [orange] migration failed 000_runner_baseline.sql: SQLSTATE[42000]: Syntax error or access violation: 1064 You have an error in your SQL syntax; check the manual that corresponds to your MariaDB server version for the right syntax to use near 'الترحيلات يع?
ل؛ لا يغيّر بيانات.
SET @orange_schem...' at line 1
[21-Apr-2026 00:30:57 Asia/Kuwait] [orange] migration failed 000_runner_baseline.sql: SQLSTATE[42000]: Syntax error or access violation: 1064 You have an error in your SQL syntax; check the manual that corresponds to your MariaDB server version for the right syntax to use near 'الترحيلات يع?
ل؛ لا يغيّر بيانات.
SET @orange_schem...' at line 1
[21-Apr-2026 00:30:58 Asia/Kuwait] [orange] migration failed 000_runner_baseline.sql: SQLSTATE[42000]: Syntax error or access violation: 1064 You have an error in your SQL syntax; check the manual that corresponds to your MariaDB server version for the right syntax to use near 'الترحيلات يع?
ل؛ لا يغيّر بيانات.
SET @orange_schem...' at line 1
[21-Apr-2026 00:31:01 Asia/Kuwait] [orange] migration failed 000_runner_baseline.sql: SQLSTATE[42000]: Syntax error or access violation: 1064 You have an error in your SQL syntax; check the manual that corresponds to your MariaDB server version for the right syntax to use near 'الترحيلات يع?
ل؛ لا يغيّر بيانات.
SET @orange_schem...' at line 1
[21-Apr-2026 00:31:01 Asia/Kuwait] PHP Fatal error:  Uncaught TypeError: htmlspecialchars(): Argument #1 ($string) must be of type string, int given in C:\inetpub\vhosts\clickstorekw.com\orangeshoppro.com\includes\storefront_phone_country_select.php:29
Stack trace:
#0 C:\inetpub\vhosts\clickstorekw.com\orangeshoppro.com\includes\storefront_phone_country_select.php(29): htmlspecialchars()
#1 C:\inetpub\vhosts\clickstorekw.com\orangeshoppro.com\pages\track.php(63): orange_storefront_render_phone_country_select()
#2 C:\inetpub\vhosts\clickstorekw.com\orangeshoppro.com\storefront-dispatch.php(108): require('...')
#3 {main}
  thrown in C:\inetpub\vhosts\clickstorekw.com\orangeshoppro.com\includes\storefront_phone_country_select.php on line 29
[21-Apr-2026 00:31:02 Asia/Kuwait] [orange] migration failed 000_runner_baseline.sql: SQLSTATE[42000]: Syntax error or access violation: 1064 You have an error in your SQL syntax; check the manual that corresponds to your MariaDB server version for the right syntax to use near 'الترحيلات يع?
ل؛ لا يغيّر بيانات.
SET @orange_schem...' at line 1
[21-Apr-2026 00:31:10 Asia/Kuwait] [orange] migration failed 000_runner_baseline.sql: SQLSTATE[42000]: Syntax error or access violation: 1064 You have an error in your SQL syntax; check the manual that corresponds to your MariaDB server version for the right syntax to use near 'الترحيلات يع?
ل؛ لا يغيّر بيانات.
SET @orange_schem...' at line 1
[21-Apr-2026 00:31:11 Asia/Kuwait] [orange] migration failed 000_runner_baseline.sql: SQLSTATE[42000]: Syntax error or access violation: 1064 You have an error in your SQL syntax; check the manual that corresponds to your MariaDB server version for the right syntax to use near 'الترحيلات يع?
ل؛ لا يغيّر بيانات.
SET @orange_schem...' at line 1
[21-Apr-2026 00:31:15 Asia/Kuwait] [orange] migration failed 000_runner_baseline.sql: SQLSTATE[42000]: Syntax error or access violation: 1064 You have an error in your SQL syntax; check the manual that corresponds to your MariaDB server version for the right syntax to use near 'الترحيلات يع?
ل؛ لا يغيّر بيانات.
SET @orange_schem...' at line 1
[21-Apr-2026 00:31:16 Asia/Kuwait] PHP Fatal error:  Uncaught TypeError: htmlspecialchars(): Argument #1 ($string) must be of type string, int given in C:\inetpub\vhosts\clickstorekw.com\orangeshoppro.com\includes\storefront_phone_country_select.php:29
Stack trace:
#0 C:\inetpub\vhosts\clickstorekw.com\orangeshoppro.com\includes\storefront_phone_country_select.php(29): htmlspecialchars()
#1 C:\inetpub\vhosts\clickstorekw.com\orangeshoppro.com\pages\cart.php(56): orange_storefront_render_phone_country_select()
#2 C:\inetpub\vhosts\clickstorekw.com\orangeshoppro.com\storefront-dispatch.php(103): require('...')
#3 {main}
  thrown in C:\inetpub\vhosts\clickstorekw.com\orangeshoppro.com\includes\storefront_phone_country_select.php on line 29
[21-Apr-2026 00:31:16 Asia/Kuwait] [orange] migration failed 000_runner_baseline.sql: SQLSTATE[42000]: Syntax error or access violation: 1064 You have an error in your SQL syntax; check the manual that corresponds to your MariaDB server version for the right syntax to use near 'الترحيلات يع?
ل؛ لا يغيّر بيانات.
SET @orange_schem...' at line 1
[21-Apr-2026 00:31:19 Asia/Kuwait] [orange] migration failed 000_runner_baseline.sql: SQLSTATE[42000]: Syntax error or access violation: 1064 You have an error in your SQL syntax; check the manual that corresponds to your MariaDB server version for the right syntax to use near 'الترحيلات يع?
ل؛ لا يغيّر بيانات.
SET @orange_schem...' at line 1
[21-Apr-2026 00:31:20 Asia/Kuwait] [orange] migration failed 000_runner_baseline.sql: SQLSTATE[42000]: Syntax error or access violation: 1064 You have an error in your SQL syntax; check the manual that corresponds to your MariaDB server version for the right syntax to use near 'الترحيلات يع?
ل؛ لا يغيّر بيانات.
SET @orange_schem...' at line 1
[21-Apr-2026 00:31:23 Asia/Kuwait] [orange] migration failed 000_runner_baseline.sql: SQLSTATE[42000]: Syntax error or access violation: 1064 You have an error in your SQL syntax; check the manual that corresponds to your MariaDB server version for the right syntax to use near 'الترحيلات يع?
ل؛ لا يغيّر بيانات.
SET @orange_schem...' at line 1
[21-Apr-2026 00:31:23 Asia/Kuwait] PHP Fatal error:  Uncaught TypeError: htmlspecialchars(): Argument #1 ($string) must be of type string, int given in C:\inetpub\vhosts\clickstorekw.com\orangeshoppro.com\includes\storefront_phone_country_select.php:29
Stack trace:
#0 C:\inetpub\vhosts\clickstorekw.com\orangeshoppro.com\includes\storefront_phone_country_select.php(29): htmlspecialchars()
#1 C:\inetpub\vhosts\clickstorekw.com\orangeshoppro.com\pages\track.php(63): orange_storefront_render_phone_country_select()
#2 C:\inetpub\vhosts\clickstorekw.com\orangeshoppro.com\storefront-dispatch.php(108): require('...')
#3 {main}
  thrown in C:\inetpub\vhosts\clickstorekw.com\orangeshoppro.com\includes\storefront_phone_country_select.php on line 29
[21-Apr-2026 00:31:23 Asia/Kuwait] [orange] migration failed 000_runner_baseline.sql: SQLSTATE[42000]: Syntax error or access violation: 1064 You have an error in your SQL syntax; check the manual that corresponds to your MariaDB server version for the right syntax to use near 'الترحيلات يع?
ل؛ لا يغيّر بيانات.
SET @orange_schem...' at line 1
[21-Apr-2026 00:31:25 Asia/Kuwait] [orange] migration failed 000_runner_baseline.sql: SQLSTATE[42000]: Syntax error or access violation: 1064 You have an error in your SQL syntax; check the manual that corresponds to your MariaDB server version for the right syntax to use near 'الترحيلات يع?
ل؛ لا يغيّر بيانات.
SET @orange_schem...' at line 1
[21-Apr-2026 00:31:26 Asia/Kuwait] [orange] migration failed 000_runner_baseline.sql: SQLSTATE[42000]: Syntax error or access violation: 1064 You have an error in your SQL syntax; check the manual that corresponds to your MariaDB server version for the right syntax to use near 'الترحيلات يع?
ل؛ لا يغيّر بيانات.
SET @orange_schem...' at line 1
[21-Apr-2026 00:31:27 Asia/Kuwait] [orange] migration failed 000_runner_baseline.sql: SQLSTATE[42000]: Syntax error or access violation: 1064 You have an error in your SQL syntax; check the manual that corresponds to your MariaDB server version for the right syntax to use near 'الترحيلات يع?
ل؛ لا يغيّر بيانات.
SET @orange_schem...' at line 1
[21-Apr-2026 00:31:27 Asia/Kuwait] PHP Fatal error:  Uncaught TypeError: htmlspecialchars(): Argument #1 ($string) must be of type string, int given in C:\inetpub\vhosts\clickstorekw.com\orangeshoppro.com\includes\storefront_phone_country_select.php:29
Stack trace:
#0 C:\inetpub\vhosts\clickstorekw.com\orangeshoppro.com\includes\storefront_phone_country_select.php(29): htmlspecialchars()
#1 C:\inetpub\vhosts\clickstorekw.com\orangeshoppro.com\pages\register.php(111): orange_storefront_render_phone_country_select()
#2 C:\inetpub\vhosts\clickstorekw.com\orangeshoppro.com\storefront-dispatch.php(113): require('...')
#3 {main}
  thrown in C:\inetpub\vhosts\clickstorekw.com\orangeshoppro.com\includes\storefront_phone_country_select.php on line 29
[21-Apr-2026 00:31:28 Asia/Kuwait] [orange] migration failed 000_runner_baseline.sql: SQLSTATE[42000]: Syntax error or access violation: 1064 You have an error in your SQL syntax; check the manual that corresponds to your MariaDB server version for the right syntax to use near 'الترحيلات يع?
ل؛ لا يغيّر بيانات.
SET @orange_schem...' at line 1
[21-Apr-2026 00:31:32 Asia/Kuwait] [orange] migration failed 000_runner_baseline.sql: SQLSTATE[42000]: Syntax error or access violation: 1064 You have an error in your SQL syntax; check the manual that corresponds to your MariaDB server version for the right syntax to use near 'الترحيلات يع?
ل؛ لا يغيّر بيانات.
SET @orange_schem...' at line 1
[21-Apr-2026 00:31:33 Asia/Kuwait] [orange] migration failed 000_runner_baseline.sql: SQLSTATE[42000]: Syntax error or access violation: 1064 You have an error in your SQL syntax; check the manual that corresponds to your MariaDB server version for the right syntax to use near 'الترحيلات يع?
ل؛ لا يغيّر بيانات.
SET @orange_schem...' at line 1
[21-Apr-2026 00:32:47 Asia/Kuwait] [orange] migration failed 000_runner_baseline.sql: SQLSTATE[42000]: Syntax error or access violation: 1064 You have an error in your SQL syntax; check the manual that corresponds to your MariaDB server version for the right syntax to use near 'الترحيلات يع?
ل؛ لا يغيّر بيانات.
SET @orange_schem...' at line 1
[21-Apr-2026 00:32:47 Asia/Kuwait] PHP Fatal error:  Uncaught TypeError: htmlspecialchars(): Argument #1 ($string) must be of type string, int given in C:\inetpub\vhosts\clickstorekw.com\orangeshoppro.com\includes\storefront_phone_country_select.php:29
Stack trace:
#0 C:\inetpub\vhosts\clickstorekw.com\orangeshoppro.com\includes\storefront_phone_country_select.php(29): htmlspecialchars()
#1 C:\inetpub\vhosts\clickstorekw.com\orangeshoppro.com\pages\register.php(111): orange_storefront_render_phone_country_select()
#2 C:\inetpub\vhosts\clickstorekw.com\orangeshoppro.com\storefront-dispatch.php(113): require('...')
#3 {main}
  thrown in C:\inetpub\vhosts\clickstorekw.com\orangeshoppro.com\includes\storefront_phone_country_select.php on line 29
[21-Apr-2026 00:32:48 Asia/Kuwait] [orange] migration failed 000_runner_baseline.sql: SQLSTATE[42000]: Syntax error or access violation: 1064 You have an error in your SQL syntax; check the manual that corresponds to your MariaDB server version for the right syntax to use near 'الترحيلات يع?
ل؛ لا يغيّر بيانات.
SET @orange_schem...' at line 1
[21-Apr-2026 00:32:51 Asia/Kuwait] [orange] migration failed 000_runner_baseline.sql: SQLSTATE[42000]: Syntax error or access violation: 1064 You have an error in your SQL syntax; check the manual that corresponds to your MariaDB server version for the right syntax to use near 'الترحيلات يع?
ل؛ لا يغيّر بيانات.
SET @orange_schem...' at line 1
[21-Apr-2026 00:32:52 Asia/Kuwait] [orange] migration failed 000_runner_baseline.sql: SQLSTATE[42000]: Syntax error or access violation: 1064 You have an error in your SQL syntax; check the manual that corresponds to your MariaDB server version for the right syntax to use near 'الترحيلات يع?
ل؛ لا يغيّر بيانات.
SET @orange_schem...' at line 1
[21-Apr-2026 00:33:36 Asia/Kuwait] [orange] migration failed 000_runner_baseline.sql: SQLSTATE[42000]: Syntax error or access violation: 1064 You have an error in your SQL syntax; check the manual that corresponds to your MariaDB server version for the right syntax to use near 'الترحيلات يع?
ل؛ لا يغيّر بيانات.
SET @orange_schem...' at line 1
[21-Apr-2026 00:33:36 Asia/Kuwait] PHP Fatal error:  Uncaught TypeError: htmlspecialchars(): Argument #1 ($string) must be of type string, int given in C:\inetpub\vhosts\clickstorekw.com\orangeshoppro.com\includes\storefront_phone_country_select.php:29
Stack trace:
#0 C:\inetpub\vhosts\clickstorekw.com\orangeshoppro.com\includes\storefront_phone_country_select.php(29): htmlspecialchars()
#1 C:\inetpub\vhosts\clickstorekw.com\orangeshoppro.com\pages\track.php(63): orange_storefront_render_phone_country_select()
#2 C:\inetpub\vhosts\clickstorekw.com\orangeshoppro.com\storefront-dispatch.php(108): require('...')
#3 {main}
  thrown in C:\inetpub\vhosts\clickstorekw.com\orangeshoppro.com\includes\storefront_phone_country_select.php on line 29
[21-Apr-2026 00:33:37 Asia/Kuwait] [orange] migration failed 000_runner_baseline.sql: SQLSTATE[42000]: Syntax error or access violation: 1064 You have an error in your SQL syntax; check the manual that corresponds to your MariaDB server version for the right syntax to use near 'الترحيلات يع?
ل؛ لا يغيّر بيانات.
SET @orange_schem...' at line 1
[21-Apr-2026 00:33:39 Asia/Kuwait] [orange] migration failed 000_runner_baseline.sql: SQLSTATE[42000]: Syntax error or access violation: 1064 You have an error in your SQL syntax; check the manual that corresponds to your MariaDB server version for the right syntax to use near 'الترحيلات يع?
ل؛ لا يغيّر بيانات.
SET @orange_schem...' at line 1
[21-Apr-2026 00:33:39 Asia/Kuwait] [orange] migration failed 000_runner_baseline.sql: SQLSTATE[42000]: Syntax error or access violation: 1064 You have an error in your SQL syntax; check the manual that corresponds to your MariaDB server version for the right syntax to use near 'الترحيلات يع?
ل؛ لا يغيّر بيانات.
SET @orange_schem...' at line 1
[21-Apr-2026 00:35:37 Asia/Kuwait] [orange] migration failed 000_runner_baseline.sql: SQLSTATE[42000]: Syntax error or access violation: 1064 You have an error in your SQL syntax; check the manual that corresponds to your MariaDB server version for the right syntax to use near 'الترحيلات يع?
ل؛ لا يغيّر بيانات.
SET @orange_schem...' at line 1
[21-Apr-2026 00:35:37 Asia/Kuwait] PHP Fatal error:  Uncaught TypeError: htmlspecialchars(): Argument #1 ($string) must be of type string, int given in C:\inetpub\vhosts\clickstorekw.com\orangeshoppro.com\includes\storefront_phone_country_select.php:29
Stack trace:
#0 C:\inetpub\vhosts\clickstorekw.com\orangeshoppro.com\includes\storefront_phone_country_select.php(29): htmlspecialchars()
#1 C:\inetpub\vhosts\clickstorekw.com\orangeshoppro.com\pages\track.php(63): orange_storefront_render_phone_country_select()
#2 C:\inetpub\vhosts\clickstorekw.com\orangeshoppro.com\storefront-dispatch.php(108): require('...')
#3 {main}
  thrown in C:\inetpub\vhosts\clickstorekw.com\orangeshoppro.com\includes\storefront_phone_country_select.php on line 29
[21-Apr-2026 00:35:38 Asia/Kuwait] [orange] migration failed 000_runner_baseline.sql: SQLSTATE[42000]: Syntax error or access violation: 1064 You have an error in your SQL syntax; check the manual that corresponds to your MariaDB server version for the right syntax to use near 'الترحيلات يع?
ل؛ لا يغيّر بيانات.
SET @orange_schem...' at line 1
[21-Apr-2026 00:36:44 Asia/Kuwait] [orange] migration failed 000_runner_baseline.sql: SQLSTATE[42000]: Syntax error or access violation: 1064 You have an error in your SQL syntax; check the manual that corresponds to your MariaDB server version for the right syntax to use near 'الترحيلات يع?
ل؛ لا يغيّر بيانات.
SET @orange_schem...' at line 1
[21-Apr-2026 00:36:44 Asia/Kuwait] [orange] migration failed 000_runner_baseline.sql: SQLSTATE[42000]: Syntax error or access violation: 1064 You have an error in your SQL syntax; check the manual that corresponds to your MariaDB server version for the right syntax to use near 'الترحيلات يع?
ل؛ لا يغيّر بيانات.
SET @orange_schem...' at line 1
[21-Apr-2026 00:36:45 Asia/Kuwait] [orange] migration failed 000_runner_baseline.sql: SQLSTATE[42000]: Syntax error or access violation: 1064 You have an error in your SQL syntax; check the manual that corresponds to your MariaDB server version for the right syntax to use near 'الترحيلات يع?
ل؛ لا يغيّر بيانات.
SET @orange_schem...' at line 1
[21-Apr-2026 00:38:50 Asia/Kuwait] [orange] migration failed 000_runner_baseline.sql: SQLSTATE[42000]: Syntax error or access violation: 1064 You have an error in your SQL syntax; check the manual that corresponds to your MariaDB server version for the right syntax to use near 'الترحيلات يع?
ل؛ لا يغيّر بيانات.
SET @orange_schem...' at line 1
[21-Apr-2026 00:38:51 Asia/Kuwait] [orange] migration failed 000_runner_baseline.sql: SQLSTATE[42000]: Syntax error or access violation: 1064 You have an error in your SQL syntax; check the manual that corresponds to your MariaDB server version for the right syntax to use near 'الترحيلات يع?
ل؛ لا يغيّر بيانات.
SET @orange_schem...' at line 1
[21-Apr-2026 00:38:53 Asia/Kuwait] [orange] migration failed 000_runner_baseline.sql: SQLSTATE[42000]: Syntax error or access violation: 1064 You have an error in your SQL syntax; check the manual that corresponds to your MariaDB server version for the right syntax to use near 'الترحيلات يع?
ل؛ لا يغيّر بيانات.
SET @orange_schem...' at line 1
[21-Apr-2026 00:38:53 Asia/Kuwait] PHP Fatal error:  Uncaught TypeError: htmlspecialchars(): Argument #1 ($string) must be of type string, int given in C:\inetpub\vhosts\clickstorekw.com\orangeshoppro.com\includes\storefront_phone_country_select.php:29
Stack trace:
#0 C:\inetpub\vhosts\clickstorekw.com\orangeshoppro.com\includes\storefront_phone_country_select.php(29): htmlspecialchars()
#1 C:\inetpub\vhosts\clickstorekw.com\orangeshoppro.com\pages\register.php(111): orange_storefront_render_phone_country_select()
#2 C:\inetpub\vhosts\clickstorekw.com\orangeshoppro.com\storefront-dispatch.php(113): require('...')
#3 {main}
  thrown in C:\inetpub\vhosts\clickstorekw.com\orangeshoppro.com\includes\storefront_phone_country_select.php on line 29
[21-Apr-2026 00:38:54 Asia/Kuwait] [orange] migration failed 000_runner_baseline.sql: SQLSTATE[42000]: Syntax error or access violation: 1064 You have an error in your SQL syntax; check the manual that corresponds to your MariaDB server version for the right syntax to use near 'الترحيلات يع?
ل؛ لا يغيّر بيانات.
SET @orange_schem...' at line 1
[21-Apr-2026 00:38:58 Asia/Kuwait] [orange] migration failed 000_runner_baseline.sql: SQLSTATE[42000]: Syntax error or access violation: 1064 You have an error in your SQL syntax; check the manual that corresponds to your MariaDB server version for the right syntax to use near 'الترحيلات يع?
ل؛ لا يغيّر بيانات.
SET @orange_schem...' at line 1
[21-Apr-2026 00:38:59 Asia/Kuwait] [orange] migration failed 000_runner_baseline.sql: SQLSTATE[42000]: Syntax error or access violation: 1064 You have an error in your SQL syntax; check the manual that corresponds to your MariaDB server version for the right syntax to use near 'الترحيلات يع?
ل؛ لا يغيّر بيانات.
SET @orange_schem...' at line 1
[21-Apr-2026 00:39:05 Asia/Kuwait] [orange] migration failed 000_runner_baseline.sql: SQLSTATE[42000]: Syntax error or access violation: 1064 You have an error in your SQL syntax; check the manual that corresponds to your MariaDB server version for the right syntax to use near 'الترحيلات يع?
ل؛ لا يغيّر بيانات.
SET @orange_schem...' at line 1
[21-Apr-2026 00:39:05 Asia/Kuwait] PHP Fatal error:  Uncaught TypeError: htmlspecialchars(): Argument #1 ($string) must be of type string, int given in C:\inetpub\vhosts\clickstorekw.com\orangeshoppro.com\includes\storefront_phone_country_select.php:29
Stack trace:
#0 C:\inetpub\vhosts\clickstorekw.com\orangeshoppro.com\includes\storefront_phone_country_select.php(29): htmlspecialchars()
#1 C:\inetpub\vhosts\clickstorekw.com\orangeshoppro.com\pages\register.php(111): orange_storefront_render_phone_country_select()
#2 C:\inetpub\vhosts\clickstorekw.com\orangeshoppro.com\storefront-dispatch.php(113): require('...')
#3 {main}
  thrown in C:\inetpub\vhosts\clickstorekw.com\orangeshoppro.com\includes\storefront_phone_country_select.php on line 29
[21-Apr-2026 00:39:06 Asia/Kuwait] [orange] migration failed 000_runner_baseline.sql: SQLSTATE[42000]: Syntax error or access violation: 1064 You have an error in your SQL syntax; check the manual that corresponds to your MariaDB server version for the right syntax to use near 'الترحيلات يع?
ل؛ لا يغيّر بيانات.
SET @orange_schem...' at line 1
[21-Apr-2026 00:39:10 Asia/Kuwait] [orange] migration failed 000_runner_baseline.sql: SQLSTATE[42000]: Syntax error or access violation: 1064 You have an error in your SQL syntax; check the manual that corresponds to your MariaDB server version for the right syntax to use near 'الترحيلات يع?
ل؛ لا يغيّر بيانات.
SET @orange_schem...' at line 1
[21-Apr-2026 00:39:11 Asia/Kuwait] [orange] migration failed 000_runner_baseline.sql: SQLSTATE[42000]: Syntax error or access violation: 1064 You have an error in your SQL syntax; check the manual that corresponds to your MariaDB server version for the right syntax to use near 'الترحيلات يع?
ل؛ لا يغيّر بيانات.
SET @orange_schem...' at line 1
[21-Apr-2026 00:39:14 Asia/Kuwait] [orange] migration failed 000_runner_baseline.sql: SQLSTATE[42000]: Syntax error or access violation: 1064 You have an error in your SQL syntax; check the manual that corresponds to your MariaDB server version for the right syntax to use near 'الترحيلات يع?
ل؛ لا يغيّر بيانات.
SET @orange_schem...' at line 1
[21-Apr-2026 00:39:14 Asia/Kuwait] PHP Fatal error:  Uncaught TypeError: htmlspecialchars(): Argument #1 ($string) must be of type string, int given in C:\inetpub\vhosts\clickstorekw.com\orangeshoppro.com\includes\storefront_phone_country_select.php:29
Stack trace:
#0 C:\inetpub\vhosts\clickstorekw.com\orangeshoppro.com\includes\storefront_phone_country_select.php(29): htmlspecialchars()
#1 C:\inetpub\vhosts\clickstorekw.com\orangeshoppro.com\pages\cart.php(56): orange_storefront_render_phone_country_select()
#2 C:\inetpub\vhosts\clickstorekw.com\orangeshoppro.com\storefront-dispatch.php(103): require('...')
#3 {main}
  thrown in C:\inetpub\vhosts\clickstorekw.com\orangeshoppro.com\includes\storefront_phone_country_select.php on line 29
[21-Apr-2026 00:39:14 Asia/Kuwait] [orange] migration failed 000_runner_baseline.sql: SQLSTATE[42000]: Syntax error or access violation: 1064 You have an error in your SQL syntax; check the manual that corresponds to your MariaDB server version for the right syntax to use near 'الترحيلات يع?
ل؛ لا يغيّر بيانات.
SET @orange_schem...' at line 1
[21-Apr-2026 00:39:18 Asia/Kuwait] [orange] migration failed 000_runner_baseline.sql: SQLSTATE[42000]: Syntax error or access violation: 1064 You have an error in your SQL syntax; check the manual that corresponds to your MariaDB server version for the right syntax to use near 'الترحيلات يع?
ل؛ لا يغيّر بيانات.
SET @orange_schem...' at line 1
[21-Apr-2026 00:39:19 Asia/Kuwait] [orange] migration failed 000_runner_baseline.sql: SQLSTATE[42000]: Syntax error or access violation: 1064 You have an error in your SQL syntax; check the manual that corresponds to your MariaDB server version for the right syntax to use near 'الترحيلات يع?
ل؛ لا يغيّر بيانات.
SET @orange_schem...' at line 1
[21-Apr-2026 00:39:21 Asia/Kuwait] [orange] migration failed 000_runner_baseline.sql: SQLSTATE[42000]: Syntax error or access violation: 1064 You have an error in your SQL syntax; check the manual that corresponds to your MariaDB server version for the right syntax to use near 'الترحيلات يع?
ل؛ لا يغيّر بيانات.
SET @orange_schem...' at line 1
[21-Apr-2026 00:39:21 Asia/Kuwait] PHP Fatal error:  Uncaught TypeError: htmlspecialchars(): Argument #1 ($string) must be of type string, int given in C:\inetpub\vhosts\clickstorekw.com\orangeshoppro.com\includes\storefront_phone_country_select.php:29
Stack trace:
#0 C:\inetpub\vhosts\clickstorekw.com\orangeshoppro.com\includes\storefront_phone_country_select.php(29): htmlspecialchars()
#1 C:\inetpub\vhosts\clickstorekw.com\orangeshoppro.com\pages\track.php(63): orange_storefront_render_phone_country_select()
#2 C:\inetpub\vhosts\clickstorekw.com\orangeshoppro.com\storefront-dispatch.php(108): require('...')
#3 {main}
  thrown in C:\inetpub\vhosts\clickstorekw.com\orangeshoppro.com\includes\storefront_phone_country_select.php on line 29
[21-Apr-2026 00:39:22 Asia/Kuwait] [orange] migration failed 000_runner_baseline.sql: SQLSTATE[42000]: Syntax error or access violation: 1064 You have an error in your SQL syntax; check the manual that corresponds to your MariaDB server version for the right syntax to use near 'الترحيلات يع?
ل؛ لا يغيّر بيانات.
SET @orange_schem...' at line 1
[21-Apr-2026 00:39:25 Asia/Kuwait] [orange] migration failed 000_runner_baseline.sql: SQLSTATE[42000]: Syntax error or access violation: 1064 You have an error in your SQL syntax; check the manual that corresponds to your MariaDB server version for the right syntax to use near 'الترحيلات يع?
ل؛ لا يغيّر بيانات.
SET @orange_schem...' at line 1
[21-Apr-2026 00:39:25 Asia/Kuwait] [orange] migration failed 000_runner_baseline.sql: SQLSTATE[42000]: Syntax error or access violation: 1064 You have an error in your SQL syntax; check the manual that corresponds to your MariaDB server version for the right syntax to use near 'الترحيلات يع?
ل؛ لا يغيّر بيانات.
SET @orange_schem...' at line 1
[21-Apr-2026 00:41:46 Asia/Kuwait] [orange] migration failed 000_runner_baseline.sql: SQLSTATE[42000]: Syntax error or access violation: 1064 You have an error in your SQL syntax; check the manual that corresponds to your MariaDB server version for the right syntax to use near 'الترحيلات يع?
ل؛ لا يغيّر بيانات.
SET @orange_schem...' at line 1
[21-Apr-2026 00:41:46 Asia/Kuwait] [orange] migration failed 000_runner_baseline.sql: SQLSTATE[42000]: Syntax error or access violation: 1064 You have an error in your SQL syntax; check the manual that corresponds to your MariaDB server version for the right syntax to use near 'الترحيلات يع?
ل؛ لا يغيّر بيانات.
SET @orange_schem...' at line 1
[21-Apr-2026 00:41:47 Asia/Kuwait] [orange] migration failed 000_runner_baseline.sql: SQLSTATE[42000]: Syntax error or access violation: 1064 You have an error in your SQL syntax; check the manual that corresponds to your MariaDB server version for the right syntax to use near 'الترحيلات يع?
ل؛ لا يغيّر بيانات.
SET @orange_schem...' at line 1
[21-Apr-2026 00:41:47 Asia/Kuwait] PHP Fatal error:  Uncaught TypeError: htmlspecialchars(): Argument #1 ($string) must be of type string, int given in C:\inetpub\vhosts\clickstorekw.com\orangeshoppro.com\includes\storefront_phone_country_select.php:29
Stack trace:
#0 C:\inetpub\vhosts\clickstorekw.com\orangeshoppro.com\includes\storefront_phone_country_select.php(29): htmlspecialchars()
#1 C:\inetpub\vhosts\clickstorekw.com\orangeshoppro.com\pages\register.php(111): orange_storefront_render_phone_country_select()
#2 C:\inetpub\vhosts\clickstorekw.com\orangeshoppro.com\storefront-dispatch.php(113): require('...')
#3 {main}
  thrown in C:\inetpub\vhosts\clickstorekw.com\orangeshoppro.com\includes\storefront_phone_country_select.php on line 29
[21-Apr-2026 00:41:48 Asia/Kuwait] [orange] migration failed 000_runner_baseline.sql: SQLSTATE[42000]: Syntax error or access violation: 1064 You have an error in your SQL syntax; check the manual that corresponds to your MariaDB server version for the right syntax to use near 'الترحيلات يع?
ل؛ لا يغيّر بيانات.
SET @orange_schem...' at line 1
[21-Apr-2026 00:42:02 Asia/Kuwait] [orange] migration failed 000_runner_baseline.sql: SQLSTATE[42000]: Syntax error or access violation: 1064 You have an error in your SQL syntax; check the manual that corresponds to your MariaDB server version for the right syntax to use near 'الترحيلات يع?
ل؛ لا يغيّر بيانات.
SET @orange_schem...' at line 1
[21-Apr-2026 00:42:02 Asia/Kuwait] PHP Fatal error:  Uncaught TypeError: htmlspecialchars(): Argument #1 ($string) must be of type string, int given in C:\inetpub\vhosts\clickstorekw.com\orangeshoppro.com\includes\storefront_phone_country_select.php:29
Stack trace:
#0 C:\inetpub\vhosts\clickstorekw.com\orangeshoppro.com\includes\storefront_phone_country_select.php(29): htmlspecialchars()
#1 C:\inetpub\vhosts\clickstorekw.com\orangeshoppro.com\pages\register.php(111): orange_storefront_render_phone_country_select()
#2 C:\inetpub\vhosts\clickstorekw.com\orangeshoppro.com\storefront-dispatch.php(113): require('...')
#3 {main}
  thrown in C:\inetpub\vhosts\clickstorekw.com\orangeshoppro.com\includes\storefront_phone_country_select.php on line 29
[21-Apr-2026 00:42:23 Asia/Kuwait] [orange] migration failed 000_runner_baseline.sql: SQLSTATE[42000]: Syntax error or access violation: 1064 You have an error in your SQL syntax; check the manual that corresponds to your MariaDB server version for the right syntax to use near 'الترحيلات يع?
ل؛ لا يغيّر بيانات.
SET @orange_schem...' at line 1
[21-Apr-2026 00:42:23 Asia/Kuwait] [orange] migration failed 000_runner_baseline.sql: SQLSTATE[42000]: Syntax error or access violation: 1064 You have an error in your SQL syntax; check the manual that corresponds to your MariaDB server version for the right syntax to use near 'الترحيلات يع?
ل؛ لا يغيّر بيانات.
SET @orange_schem...' at line 1
[21-Apr-2026 00:42:24 Asia/Kuwait] [orange] migration failed 000_runner_baseline.sql: SQLSTATE[42000]: Syntax error or access violation: 1064 You have an error in your SQL syntax; check the manual that corresponds to your MariaDB server version for the right syntax to use near 'الترحيلات يع?
ل؛ لا يغيّر بيانات.
SET @orange_schem...' at line 1
[21-Apr-2026 00:42:25 Asia/Kuwait] [orange] migration failed 000_runner_baseline.sql: SQLSTATE[42000]: Syntax error or access violation: 1064 You have an error in your SQL syntax; check the manual that corresponds to your MariaDB server version for the right syntax to use near 'الترحيلات يع?
ل؛ لا يغيّر بيانات.
SET @orange_schem...' at line 1
[21-Apr-2026 00:49:00 Asia/Kuwait] [orange] migration failed 000_runner_baseline.sql: SQLSTATE[42000]: Syntax error or access violation: 1064 You have an error in your SQL syntax; check the manual that corresponds to your MariaDB server version for the right syntax to use near 'الترحيلات يع?
ل؛ لا يغيّر بيانات.
SET @orange_schem...' at line 1
[21-Apr-2026 00:49:00 Asia/Kuwait] PHP Fatal error:  Uncaught TypeError: htmlspecialchars(): Argument #1 ($string) must be of type string, int given in C:\inetpub\vhosts\clickstorekw.com\orangeshoppro.com\includes\storefront_phone_country_select.php:29
Stack trace:
#0 C:\inetpub\vhosts\clickstorekw.com\orangeshoppro.com\includes\storefront_phone_country_select.php(29): htmlspecialchars()
#1 C:\inetpub\vhosts\clickstorekw.com\orangeshoppro.com\pages\register.php(111): orange_storefront_render_phone_country_select()
#2 C:\inetpub\vhosts\clickstorekw.com\orangeshoppro.com\storefront-dispatch.php(113): require('...')
#3 {main}
  thrown in C:\inetpub\vhosts\clickstorekw.com\orangeshoppro.com\includes\storefront_phone_country_select.php on line 29
[21-Apr-2026 00:49:02 Asia/Kuwait] [orange] migration failed 000_runner_baseline.sql: SQLSTATE[42000]: Syntax error or access violation: 1064 You have an error in your SQL syntax; check the manual that corresponds to your MariaDB server version for the right syntax to use near 'الترحيلات يع?
ل؛ لا يغيّر بيانات.
SET @orange_schem...' at line 1
[21-Apr-2026 00:49:05 Asia/Kuwait] [orange] migration failed 000_runner_baseline.sql: SQLSTATE[42000]: Syntax error or access violation: 1064 You have an error in your SQL syntax; check the manual that corresponds to your MariaDB server version for the right syntax to use near 'الترحيلات يع?
ل؛ لا يغيّر بيانات.
SET @orange_schem...' at line 1
[21-Apr-2026 00:49:06 Asia/Kuwait] [orange] migration failed 000_runner_baseline.sql: SQLSTATE[42000]: Syntax error or access violation: 1064 You have an error in your SQL syntax; check the manual that corresponds to your MariaDB server version for the right syntax to use near 'الترحيلات يع?
ل؛ لا يغيّر بيانات.
SET @orange_schem...' at line 1
[21-Apr-2026 00:49:27 Asia/Kuwait] [orange] migration failed 000_runner_baseline.sql: SQLSTATE[42000]: Syntax error or access violation: 1064 You have an error in your SQL syntax; check the manual that corresponds to your MariaDB server version for the right syntax to use near 'الترحيلات يع?
ل؛ لا يغيّر بيانات.
SET @orange_schem...' at line 1
[21-Apr-2026 00:49:28 Asia/Kuwait] [orange] migration failed 000_runner_baseline.sql: SQLSTATE[42000]: Syntax error or access violation: 1064 You have an error in your SQL syntax; check the manual that corresponds to your MariaDB server version for the right syntax to use near 'الترحيلات يع?
ل؛ لا يغيّر بيانات.
SET @orange_schem...' at line 1
[21-Apr-2026 00:49:30 Asia/Kuwait] [orange] migration failed 000_runner_baseline.sql: SQLSTATE[42000]: Syntax error or access violation: 1064 You have an error in your SQL syntax; check the manual that corresponds to your MariaDB server version for the right syntax to use near 'الترحيلات يع?
ل؛ لا يغيّر بيانات.
SET @orange_schem...' at line 1
[21-Apr-2026 00:49:30 Asia/Kuwait] [orange] migration failed 000_runner_baseline.sql: SQLSTATE[42000]: Syntax error or access violation: 1064 You have an error in your SQL syntax; check the manual that corresponds to your MariaDB server version for the right syntax to use near 'الترحيلات يع?
ل؛ لا يغيّر بيانات.
SET @orange_schem...' at line 1
[21-Apr-2026 00:49:33 Asia/Kuwait] [orange] migration failed 000_runner_baseline.sql: SQLSTATE[42000]: Syntax error or access violation: 1064 You have an error in your SQL syntax; check the manual that corresponds to your MariaDB server version for the right syntax to use near 'الترحيلات يع?
ل؛ لا يغيّر بيانات.
SET @orange_schem...' at line 1
[21-Apr-2026 00:49:33 Asia/Kuwait] PHP Fatal error:  Uncaught TypeError: htmlspecialchars(): Argument #1 ($string) must be of type string, int given in C:\inetpub\vhosts\clickstorekw.com\orangeshoppro.com\includes\storefront_phone_country_select.php:29
Stack trace:
#0 C:\inetpub\vhosts\clickstorekw.com\orangeshoppro.com\includes\storefront_phone_country_select.php(29): htmlspecialchars()
#1 C:\inetpub\vhosts\clickstorekw.com\orangeshoppro.com\pages\track.php(63): orange_storefront_render_phone_country_select()
#2 C:\inetpub\vhosts\clickstorekw.com\orangeshoppro.com\storefront-dispatch.php(108): require('...')
#3 {main}
  thrown in C:\inetpub\vhosts\clickstorekw.com\orangeshoppro.com\includes\storefront_phone_country_select.php on line 29
[21-Apr-2026 00:49:34 Asia/Kuwait] [orange] migration failed 000_runner_baseline.sql: SQLSTATE[42000]: Syntax error or access violation: 1064 You have an error in your SQL syntax; check the manual that corresponds to your MariaDB server version for the right syntax to use near 'الترحيلات يع?
ل؛ لا يغيّر بيانات.
SET @orange_schem...' at line 1
[21-Apr-2026 00:49:36 Asia/Kuwait] [orange] migration failed 000_runner_baseline.sql: SQLSTATE[42000]: Syntax error or access violation: 1064 You have an error in your SQL syntax; check the manual that corresponds to your MariaDB server version for the right syntax to use near 'الترحيلات يع?
ل؛ لا يغيّر بيانات.
SET @orange_schem...' at line 1
[21-Apr-2026 00:49:36 Asia/Kuwait] PHP Fatal error:  Uncaught TypeError: htmlspecialchars(): Argument #1 ($string) must be of type string, int given in C:\inetpub\vhosts\clickstorekw.com\orangeshoppro.com\includes\storefront_phone_country_select.php:29
Stack trace:
#0 C:\inetpub\vhosts\clickstorekw.com\orangeshoppro.com\includes\storefront_phone_country_select.php(29): htmlspecialchars()
#1 C:\inetpub\vhosts\clickstorekw.com\orangeshoppro.com\pages\track.php(63): orange_storefront_render_phone_country_select()
#2 C:\inetpub\vhosts\clickstorekw.com\orangeshoppro.com\storefront-dispatch.php(108): require('...')
#3 {main}
  thrown in C:\inetpub\vhosts\clickstorekw.com\orangeshoppro.com\includes\storefront_phone_country_select.php on line 29
[21-Apr-2026 00:49:37 Asia/Kuwait] [orange] migration failed 000_runner_baseline.sql: SQLSTATE[42000]: Syntax error or access violation: 1064 You have an error in your SQL syntax; check the manual that corresponds to your MariaDB server version for the right syntax to use near 'الترحيلات يع?
ل؛ لا يغيّر بيانات.
SET @orange_schem...' at line 1
[21-Apr-2026 00:49:37 Asia/Kuwait] [orange] migration failed 000_runner_baseline.sql: SQLSTATE[42000]: Syntax error or access violation: 1064 You have an error in your SQL syntax; check the manual that corresponds to your MariaDB server version for the right syntax to use near 'الترحيلات يع?
ل؛ لا يغيّر بيانات.
SET @orange_schem...' at line 1
[21-Apr-2026 00:49:38 Asia/Kuwait] [orange] migration failed 000_runner_baseline.sql: SQLSTATE[42000]: Syntax error or access violation: 1064 You have an error in your SQL syntax; check the manual that corresponds to your MariaDB server version for the right syntax to use near 'الترحيلات يع?
ل؛ لا يغيّر بيانات.
SET @orange_schem...' at line 1
[21-Apr-2026 00:51:14 Asia/Kuwait] [orange] migration failed 000_runner_baseline.sql: SQLSTATE[42000]: Syntax error or access violation: 1064 You have an error in your SQL syntax; check the manual that corresponds to your MariaDB server version for the right syntax to use near 'الترحيلات يع?
ل؛ لا يغيّر بيانات.
SET @orange_schem...' at line 1
[21-Apr-2026 00:51:14 Asia/Kuwait] PHP Fatal error:  Uncaught TypeError: htmlspecialchars(): Argument #1 ($string) must be of type string, int given in C:\inetpub\vhosts\clickstorekw.com\orangeshoppro.com\includes\storefront_phone_country_select.php:29
Stack trace:
#0 C:\inetpub\vhosts\clickstorekw.com\orangeshoppro.com\includes\storefront_phone_country_select.php(29): htmlspecialchars()
#1 C:\inetpub\vhosts\clickstorekw.com\orangeshoppro.com\pages\register.php(111): orange_storefront_render_phone_country_select()
#2 C:\inetpub\vhosts\clickstorekw.com\orangeshoppro.com\storefront-dispatch.php(113): require('...')
#3 {main}
  thrown in C:\inetpub\vhosts\clickstorekw.com\orangeshoppro.com\includes\storefront_phone_country_select.php on line 29
[21-Apr-2026 00:51:15 Asia/Kuwait] [orange] migration failed 000_runner_baseline.sql: SQLSTATE[42000]: Syntax error or access violation: 1064 You have an error in your SQL syntax; check the manual that corresponds to your MariaDB server version for the right syntax to use near 'الترحيلات يع?
ل؛ لا يغيّر بيانات.
SET @orange_schem...' at line 1
[21-Apr-2026 00:51:36 Asia/Kuwait] [orange] migration failed 000_runner_baseline.sql: SQLSTATE[42000]: Syntax error or access violation: 1064 You have an error in your SQL syntax; check the manual that corresponds to your MariaDB server version for the right syntax to use near 'الترحيلات يع?
ل؛ لا يغيّر بيانات.
SET @orange_schem...' at line 1
[21-Apr-2026 00:51:37 Asia/Kuwait] [orange] migration failed 000_runner_baseline.sql: SQLSTATE[42000]: Syntax error or access violation: 1064 You have an error in your SQL syntax; check the manual that corresponds to your MariaDB server version for the right syntax to use near 'الترحيلات يع?
ل؛ لا يغيّر بيانات.
SET @orange_schem...' at line 1
[21-Apr-2026 00:52:13 Asia/Kuwait] [orange] migration failed 000_runner_baseline.sql: SQLSTATE[42000]: Syntax error or access violation: 1064 You have an error in your SQL syntax; check the manual that corresponds to your MariaDB server version for the right syntax to use near 'الترحيلات يع?
ل؛ لا يغيّر بيانات.
SET @orange_schem...' at line 1
[21-Apr-2026 00:52:13 Asia/Kuwait] PHP Fatal error:  Uncaught TypeError: htmlspecialchars(): Argument #1 ($string) must be of type string, int given in C:\inetpub\vhosts\clickstorekw.com\orangeshoppro.com\includes\storefront_phone_country_select.php:29
Stack trace:
#0 C:\inetpub\vhosts\clickstorekw.com\orangeshoppro.com\includes\storefront_phone_country_select.php(29): htmlspecialchars()
#1 C:\inetpub\vhosts\clickstorekw.com\orangeshoppro.com\pages\cart.php(56): orange_storefront_render_phone_country_select()
#2 C:\inetpub\vhosts\clickstorekw.com\orangeshoppro.com\storefront-dispatch.php(103): require('...')
#3 {main}
  thrown in C:\inetpub\vhosts\clickstorekw.com\orangeshoppro.com\includes\storefront_phone_country_select.php on line 29
[21-Apr-2026 00:52:14 Asia/Kuwait] [orange] migration failed 000_runner_baseline.sql: SQLSTATE[42000]: Syntax error or access violation: 1064 You have an error in your SQL syntax; check the manual that corresponds to your MariaDB server version for the right syntax to use near 'الترحيلات يع?
ل؛ لا يغيّر بيانات.
SET @orange_schem...' at line 1
[21-Apr-2026 00:52:16 Asia/Kuwait] [orange] migration failed 000_runner_baseline.sql: SQLSTATE[42000]: Syntax error or access violation: 1064 You have an error in your SQL syntax; check the manual that corresponds to your MariaDB server version for the right syntax to use near 'الترحيلات يع?
ل؛ لا يغيّر بيانات.
SET @orange_schem...' at line 1
[21-Apr-2026 00:52:16 Asia/Kuwait] [orange] migration failed 000_runner_baseline.sql: SQLSTATE[42000]: Syntax error or access violation: 1064 You have an error in your SQL syntax; check the manual that corresponds to your MariaDB server version for the right syntax to use near 'الترحيلات يع?
ل؛ لا يغيّر بيانات.
SET @orange_schem...' at line 1
[21-Apr-2026 01:06:20 Asia/Kuwait] [orange] migration failed 000_runner_baseline.sql: SQLSTATE[42000]: Syntax error or access violation: 1064 You have an error in your SQL syntax; check the manual that corresponds to your MariaDB server version for the right syntax to use near 'الترحيلات يع?
ل؛ لا يغيّر بيانات.
SET @orange_schem...' at line 1
[21-Apr-2026 01:06:20 Asia/Kuwait] PHP Fatal error:  Uncaught TypeError: htmlspecialchars(): Argument #1 ($string) must be of type string, int given in C:\inetpub\vhosts\clickstorekw.com\orangeshoppro.com\includes\storefront_phone_country_select.php:29
Stack trace:
#0 C:\inetpub\vhosts\clickstorekw.com\orangeshoppro.com\includes\storefront_phone_country_select.php(29): htmlspecialchars()
#1 C:\inetpub\vhosts\clickstorekw.com\orangeshoppro.com\pages\register.php(111): orange_storefront_render_phone_country_select()
#2 C:\inetpub\vhosts\clickstorekw.com\orangeshoppro.com\storefront-dispatch.php(113): require('...')
#3 {main}
  thrown in C:\inetpub\vhosts\clickstorekw.com\orangeshoppro.com\includes\storefront_phone_country_select.php on line 29
[21-Apr-2026 01:06:21 Asia/Kuwait] [orange] migration failed 000_runner_baseline.sql: SQLSTATE[42000]: Syntax error or access violation: 1064 You have an error in your SQL syntax; check the manual that corresponds to your MariaDB server version for the right syntax to use near 'الترحيلات يع?
ل؛ لا يغيّر بيانات.
SET @orange_schem...' at line 1
[21-Apr-2026 01:06:26 Asia/Kuwait] [orange] migration failed 000_runner_baseline.sql: SQLSTATE[42000]: Syntax error or access violation: 1064 You have an error in your SQL syntax; check the manual that corresponds to your MariaDB server version for the right syntax to use near 'الترحيلات يع?
ل؛ لا يغيّر بيانات.
SET @orange_schem...' at line 1
[21-Apr-2026 01:06:27 Asia/Kuwait] [orange] migration failed 000_runner_baseline.sql: SQLSTATE[42000]: Syntax error or access violation: 1064 You have an error in your SQL syntax; check the manual that corresponds to your MariaDB server version for the right syntax to use near 'الترحيلات يع?
ل؛ لا يغيّر بيانات.
SET @orange_schem...' at line 1
[21-Apr-2026 01:06:35 Asia/Kuwait] [orange] migration failed 000_runner_baseline.sql: SQLSTATE[42000]: Syntax error or access violation: 1064 You have an error in your SQL syntax; check the manual that corresponds to your MariaDB server version for the right syntax to use near 'الترحيلات يع?
ل؛ لا يغيّر بيانات.
SET @orange_schem...' at line 1
[21-Apr-2026 01:06:35 Asia/Kuwait] PHP Fatal error:  Uncaught TypeError: htmlspecialchars(): Argument #1 ($string) must be of type string, int given in C:\inetpub\vhosts\clickstorekw.com\orangeshoppro.com\includes\storefront_phone_country_select.php:29
Stack trace:
#0 C:\inetpub\vhosts\clickstorekw.com\orangeshoppro.com\includes\storefront_phone_country_select.php(29): htmlspecialchars()
#1 C:\inetpub\vhosts\clickstorekw.com\orangeshoppro.com\pages\track.php(63): orange_storefront_render_phone_country_select()
#2 C:\inetpub\vhosts\clickstorekw.com\orangeshoppro.com\storefront-dispatch.php(108): require('...')
#3 {main}
  thrown in C:\inetpub\vhosts\clickstorekw.com\orangeshoppro.com\includes\storefront_phone_country_select.php on line 29
[21-Apr-2026 01:06:36 Asia/Kuwait] [orange] migration failed 000_runner_baseline.sql: SQLSTATE[42000]: Syntax error or access violation: 1064 You have an error in your SQL syntax; check the manual that corresponds to your MariaDB server version for the right syntax to use near 'الترحيلات يع?
ل؛ لا يغيّر بيانات.
SET @orange_schem...' at line 1
[21-Apr-2026 01:06:38 Asia/Kuwait] [orange] migration failed 000_runner_baseline.sql: SQLSTATE[42000]: Syntax error or access violation: 1064 You have an error in your SQL syntax; check the manual that corresponds to your MariaDB server version for the right syntax to use near 'الترحيلات يع?
ل؛ لا يغيّر بيانات.
SET @orange_schem...' at line 1
[21-Apr-2026 01:06:39 Asia/Kuwait] [orange] migration failed 000_runner_baseline.sql: SQLSTATE[42000]: Syntax error or access violation: 1064 You have an error in your SQL syntax; check the manual that corresponds to your MariaDB server version for the right syntax to use near 'الترحيلات يع?
ل؛ لا يغيّر بيانات.
SET @orange_schem...' at line 1
[21-Apr-2026 01:08:07 Asia/Kuwait] [orange] migration failed 000_runner_baseline.sql: SQLSTATE[42000]: Syntax error or access violation: 1064 You have an error in your SQL syntax; check the manual that corresponds to your MariaDB server version for the right syntax to use near 'الترحيلات يع?
ل؛ لا يغيّر بيانات.
SET @orange_schem...' at line 1
[21-Apr-2026 01:08:07 Asia/Kuwait] [orange] migration failed 000_runner_baseline.sql: SQLSTATE[42000]: Syntax error or access violation: 1064 You have an error in your SQL syntax; check the manual that corresponds to your MariaDB server version for the right syntax to use near 'الترحيلات يع?
ل؛ لا يغيّر بيانات.
SET @orange_schem...' at line 1
[21-Apr-2026 01:09:10 Asia/Kuwait] [orange] migration failed 000_runner_baseline.sql: SQLSTATE[42000]: Syntax error or access violation: 1064 You have an error in your SQL syntax; check the manual that corresponds to your MariaDB server version for the right syntax to use near 'الترحيلات يع?
ل؛ لا يغيّر بيانات.
SET @orange_schem...' at line 1
[21-Apr-2026 01:09:11 Asia/Kuwait] [orange] migration failed 000_runner_baseline.sql: SQLSTATE[42000]: Syntax error or access violation: 1064 You have an error in your SQL syntax; check the manual that corresponds to your MariaDB server version for the right syntax to use near 'الترحيلات يع?
ل؛ لا يغيّر بيانات.
SET @orange_schem...' at line 1
[21-Apr-2026 01:09:14 Asia/Kuwait] [orange] migration failed 000_runner_baseline.sql: SQLSTATE[42000]: Syntax error or access violation: 1064 You have an error in your SQL syntax; check the manual that corresponds to your MariaDB server version for the right syntax to use near 'الترحيلات يع?
ل؛ لا يغيّر بيانات.
SET @orange_schem...' at line 1
[21-Apr-2026 01:09:14 Asia/Kuwait] PHP Fatal error:  Uncaught TypeError: htmlspecialchars(): Argument #1 ($string) must be of type string, int given in C:\inetpub\vhosts\clickstorekw.com\orangeshoppro.com\includes\storefront_phone_country_select.php:29
Stack trace:
#0 C:\inetpub\vhosts\clickstorekw.com\orangeshoppro.com\includes\storefront_phone_country_select.php(29): htmlspecialchars()
#1 C:\inetpub\vhosts\clickstorekw.com\orangeshoppro.com\pages\register.php(111): orange_storefront_render_phone_country_select()
#2 C:\inetpub\vhosts\clickstorekw.com\orangeshoppro.com\storefront-dispatch.php(113): require('...')
#3 {main}
  thrown in C:\inetpub\vhosts\clickstorekw.com\orangeshoppro.com\includes\storefront_phone_country_select.php on line 29
[21-Apr-2026 01:09:14 Asia/Kuwait] [orange] migration failed 000_runner_baseline.sql: SQLSTATE[42000]: Syntax error or access violation: 1064 You have an error in your SQL syntax; check the manual that corresponds to your MariaDB server version for the right syntax to use near 'الترحيلات يع?
ل؛ لا يغيّر بيانات.
SET @orange_schem...' at line 1
[21-Apr-2026 01:09:17 Asia/Kuwait] [orange] migration failed 000_runner_baseline.sql: SQLSTATE[42000]: Syntax error or access violation: 1064 You have an error in your SQL syntax; check the manual that corresponds to your MariaDB server version for the right syntax to use near 'الترحيلات يع?
ل؛ لا يغيّر بيانات.
SET @orange_schem...' at line 1
[21-Apr-2026 01:09:18 Asia/Kuwait] [orange] migration failed 000_runner_baseline.sql: SQLSTATE[42000]: Syntax error or access violation: 1064 You have an error in your SQL syntax; check the manual that corresponds to your MariaDB server version for the right syntax to use near 'الترحيلات يع?
ل؛ لا يغيّر بيانات.
SET @orange_schem...' at line 1
[21-Apr-2026 01:13:45 Asia/Kuwait] [orange] migration failed 000_runner_baseline.sql: SQLSTATE[42000]: Syntax error or access violation: 1064 You have an error in your SQL syntax; check the manual that corresponds to your MariaDB server version for the right syntax to use near 'الترحيلات يع?
ل؛ لا يغيّر بيانات.
SET @orange_schem...' at line 1
[21-Apr-2026 01:13:46 Asia/Kuwait] [orange] migration failed 000_runner_baseline.sql: SQLSTATE[42000]: Syntax error or access violation: 1064 You have an error in your SQL syntax; check the manual that corresponds to your MariaDB server version for the right syntax to use near 'الترحيلات يع?
ل؛ لا يغيّر بيانات.
SET @orange_schem...' at line 1
[21-Apr-2026 01:13:47 Asia/Kuwait] [orange] migration failed 000_runner_baseline.sql: SQLSTATE[42000]: Syntax error or access violation: 1064 You have an error in your SQL syntax; check the manual that corresponds to your MariaDB server version for the right syntax to use near 'الترحيلات يع?
ل؛ لا يغيّر بيانات.
SET @orange_schem...' at line 1
[21-Apr-2026 01:13:47 Asia/Kuwait] PHP Fatal error:  Uncaught TypeError: htmlspecialchars(): Argument #1 ($string) must be of type string, int given in C:\inetpub\vhosts\clickstorekw.com\orangeshoppro.com\includes\storefront_phone_country_select.php:29
Stack trace:
#0 C:\inetpub\vhosts\clickstorekw.com\orangeshoppro.com\includes\storefront_phone_country_select.php(29): htmlspecialchars()
#1 C:\inetpub\vhosts\clickstorekw.com\orangeshoppro.com\pages\track.php(63): orange_storefront_render_phone_country_select()
#2 C:\inetpub\vhosts\clickstorekw.com\orangeshoppro.com\storefront-dispatch.php(108): require('...')
#3 {main}
  thrown in C:\inetpub\vhosts\clickstorekw.com\orangeshoppro.com\includes\storefront_phone_country_select.php on line 29
[21-Apr-2026 01:13:48 Asia/Kuwait] [orange] migration failed 000_runner_baseline.sql: SQLSTATE[42000]: Syntax error or access violation: 1064 You have an error in your SQL syntax; check the manual that corresponds to your MariaDB server version for the right syntax to use near 'الترحيلات يع?
ل؛ لا يغيّر بيانات.
SET @orange_schem...' at line 1
[21-Apr-2026 01:13:50 Asia/Kuwait] [orange] migration failed 000_runner_baseline.sql: SQLSTATE[42000]: Syntax error or access violation: 1064 You have an error in your SQL syntax; check the manual that corresponds to your MariaDB server version for the right syntax to use near 'الترحيلات يع?
ل؛ لا يغيّر بيانات.
SET @orange_schem...' at line 1
[21-Apr-2026 01:13:51 Asia/Kuwait] [orange] migration failed 000_runner_baseline.sql: SQLSTATE[42000]: Syntax error or access violation: 1064 You have an error in your SQL syntax; check the manual that corresponds to your MariaDB server version for the right syntax to use near 'الترحيلات يع?
ل؛ لا يغيّر بيانات.
SET @orange_schem...' at line 1
[21-Apr-2026 01:13:54 Asia/Kuwait] [orange] migration failed 000_runner_baseline.sql: SQLSTATE[42000]: Syntax error or access violation: 1064 You have an error in your SQL syntax; check the manual that corresponds to your MariaDB server version for the right syntax to use near 'الترحيلات يع?
ل؛ لا يغيّر بيانات.
SET @orange_schem...' at line 1
[21-Apr-2026 01:13:54 Asia/Kuwait] PHP Fatal error:  Uncaught TypeError: htmlspecialchars(): Argument #1 ($string) must be of type string, int given in C:\inetpub\vhosts\clickstorekw.com\orangeshoppro.com\includes\storefront_phone_country_select.php:29
Stack trace:
#0 C:\inetpub\vhosts\clickstorekw.com\orangeshoppro.com\includes\storefront_phone_country_select.php(29): htmlspecialchars()
#1 C:\inetpub\vhosts\clickstorekw.com\orangeshoppro.com\pages\register.php(111): orange_storefront_render_phone_country_select()
#2 C:\inetpub\vhosts\clickstorekw.com\orangeshoppro.com\storefront-dispatch.php(113): require('...')
#3 {main}
  thrown in C:\inetpub\vhosts\clickstorekw.com\orangeshoppro.com\includes\storefront_phone_country_select.php on line 29
[21-Apr-2026 01:13:54 Asia/Kuwait] [orange] migration failed 000_runner_baseline.sql: SQLSTATE[42000]: Syntax error or access violation: 1064 You have an error in your SQL syntax; check the manual that corresponds to your MariaDB server version for the right syntax to use near 'الترحيلات يع?
ل؛ لا يغيّر بيانات.
SET @orange_schem...' at line 1
[21-Apr-2026 01:13:57 Asia/Kuwait] [orange] migration failed 000_runner_baseline.sql: SQLSTATE[42000]: Syntax error or access violation: 1064 You have an error in your SQL syntax; check the manual that corresponds to your MariaDB server version for the right syntax to use near 'الترحيلات يع?
ل؛ لا يغيّر بيانات.
SET @orange_schem...' at line 1
[21-Apr-2026 01:13:58 Asia/Kuwait] [orange] migration failed 000_runner_baseline.sql: SQLSTATE[42000]: Syntax error or access violation: 1064 You have an error in your SQL syntax; check the manual that corresponds to your MariaDB server version for the right syntax to use near 'الترحيلات يع?
ل؛ لا يغيّر بيانات.
SET @orange_schem...' at line 1
[21-Apr-2026 01:14:00 Asia/Kuwait] [orange] migration failed 000_runner_baseline.sql: SQLSTATE[42000]: Syntax error or access violation: 1064 You have an error in your SQL syntax; check the manual that corresponds to your MariaDB server version for the right syntax to use near 'الترحيلات يع?
ل؛ لا يغيّر بيانات.
SET @orange_schem...' at line 1
[21-Apr-2026 01:14:00 Asia/Kuwait] PHP Fatal error:  Uncaught TypeError: htmlspecialchars(): Argument #1 ($string) must be of type string, int given in C:\inetpub\vhosts\clickstorekw.com\orangeshoppro.com\includes\storefront_phone_country_select.php:29
Stack trace:
#0 C:\inetpub\vhosts\clickstorekw.com\orangeshoppro.com\includes\storefront_phone_country_select.php(29): htmlspecialchars()
#1 C:\inetpub\vhosts\clickstorekw.com\orangeshoppro.com\pages\register.php(111): orange_storefront_render_phone_country_select()
#2 C:\inetpub\vhosts\clickstorekw.com\orangeshoppro.com\storefront-dispatch.php(113): require('...')
#3 {main}
  thrown in C:\inetpub\vhosts\clickstorekw.com\orangeshoppro.com\includes\storefront_phone_country_select.php on line 29
[21-Apr-2026 01:14:01 Asia/Kuwait] [orange] migration failed 000_runner_baseline.sql: SQLSTATE[42000]: Syntax error or access violation: 1064 You have an error in your SQL syntax; check the manual that corresponds to your MariaDB server version for the right syntax to use near 'الترحيلات يع?
ل؛ لا يغيّر بيانات.
SET @orange_schem...' at line 1
[21-Apr-2026 01:14:05 Asia/Kuwait] [orange] migration failed 000_runner_baseline.sql: SQLSTATE[42000]: Syntax error or access violation: 1064 You have an error in your SQL syntax; check the manual that corresponds to your MariaDB server version for the right syntax to use near 'الترحيلات يع?
ل؛ لا يغيّر بيانات.
SET @orange_schem...' at line 1
[21-Apr-2026 01:14:06 Asia/Kuwait] [orange] migration failed 000_runner_baseline.sql: SQLSTATE[42000]: Syntax error or access violation: 1064 You have an error in your SQL syntax; check the manual that corresponds to your MariaDB server version for the right syntax to use near 'الترحيلات يع?
ل؛ لا يغيّر بيانات.
SET @orange_schem...' at line 1
[21-Apr-2026 01:14:39 Asia/Kuwait] [orange] migration failed 000_runner_baseline.sql: SQLSTATE[42000]: Syntax error or access violation: 1064 You have an error in your SQL syntax; check the manual that corresponds to your MariaDB server version for the right syntax to use near 'الترحيلات يع?
ل؛ لا يغيّر بيانات.
SET @orange_schem...' at line 1
[21-Apr-2026 01:14:39 Asia/Kuwait] PHP Fatal error:  Uncaught TypeError: htmlspecialchars(): Argument #1 ($string) must be of type string, int given in C:\inetpub\vhosts\clickstorekw.com\orangeshoppro.com\includes\storefront_phone_country_select.php:29
Stack trace:
#0 C:\inetpub\vhosts\clickstorekw.com\orangeshoppro.com\includes\storefront_phone_country_select.php(29): htmlspecialchars()
#1 C:\inetpub\vhosts\clickstorekw.com\orangeshoppro.com\pages\register.php(111): orange_storefront_render_phone_country_select()
#2 C:\inetpub\vhosts\clickstorekw.com\orangeshoppro.com\storefront-dispatch.php(113): require('...')
#3 {main}
  thrown in C:\inetpub\vhosts\clickstorekw.com\orangeshoppro.com\includes\storefront_phone_country_select.php on line 29
[21-Apr-2026 01:14:39 Asia/Kuwait] [orange] migration failed 000_runner_baseline.sql: SQLSTATE[42000]: Syntax error or access violation: 1064 You have an error in your SQL syntax; check the manual that corresponds to your MariaDB server version for the right syntax to use near 'الترحيلات يع?
ل؛ لا يغيّر بيانات.
SET @orange_schem...' at line 1
[21-Apr-2026 01:15:06 Asia/Kuwait] [orange] migration failed 000_runner_baseline.sql: SQLSTATE[42000]: Syntax error or access violation: 1064 You have an error in your SQL syntax; check the manual that corresponds to your MariaDB server version for the right syntax to use near 'الترحيلات يع?
ل؛ لا يغيّر بيانات.
SET @orange_schem...' at line 1
[21-Apr-2026 01:15:06 Asia/Kuwait] [orange] migration failed 000_runner_baseline.sql: SQLSTATE[42000]: Syntax error or access violation: 1064 You have an error in your SQL syntax; check the manual that corresponds to your MariaDB server version for the right syntax to use near 'الترحيلات يع?
ل؛ لا يغيّر بيانات.
SET @orange_schem...' at line 1
[21-Apr-2026 01:15:18 Asia/Kuwait] [orange] migration failed 000_runner_baseline.sql: SQLSTATE[42000]: Syntax error or access violation: 1064 You have an error in your SQL syntax; check the manual that corresponds to your MariaDB server version for the right syntax to use near 'الترحيلات يع?
ل؛ لا يغيّر بيانات.
SET @orange_schem...' at line 1
[21-Apr-2026 01:15:20 Asia/Kuwait] [orange] migration failed 000_runner_baseline.sql: SQLSTATE[42000]: Syntax error or access violation: 1064 You have an error in your SQL syntax; check the manual that corresponds to your MariaDB server version for the right syntax to use near 'الترحيلات يع?
ل؛ لا يغيّر بيانات.
SET @orange_schem...' at line 1
[21-Apr-2026 01:15:22 Asia/Kuwait] [orange] migration failed 000_runner_baseline.sql: SQLSTATE[42000]: Syntax error or access violation: 1064 You have an error in your SQL syntax; check the manual that corresponds to your MariaDB server version for the right syntax to use near 'الترحيلات يع?
ل؛ لا يغيّر بيانات.
SET @orange_schem...' at line 1
[21-Apr-2026 01:15:22 Asia/Kuwait] PHP Fatal error:  Uncaught TypeError: htmlspecialchars(): Argument #1 ($string) must be of type string, int given in C:\inetpub\vhosts\clickstorekw.com\orangeshoppro.com\includes\storefront_phone_country_select.php:29
Stack trace:
#0 C:\inetpub\vhosts\clickstorekw.com\orangeshoppro.com\includes\storefront_phone_country_select.php(29): htmlspecialchars()
#1 C:\inetpub\vhosts\clickstorekw.com\orangeshoppro.com\pages\cart.php(56): orange_storefront_render_phone_country_select()
#2 C:\inetpub\vhosts\clickstorekw.com\orangeshoppro.com\storefront-dispatch.php(103): require('...')
#3 {main}
  thrown in C:\inetpub\vhosts\clickstorekw.com\orangeshoppro.com\includes\storefront_phone_country_select.php on line 29
[21-Apr-2026 01:15:22 Asia/Kuwait] [orange] migration failed 000_runner_baseline.sql: SQLSTATE[42000]: Syntax error or access violation: 1064 You have an error in your SQL syntax; check the manual that corresponds to your MariaDB server version for the right syntax to use near 'الترحيلات يع?
ل؛ لا يغيّر بيانات.
SET @orange_schem...' at line 1
[21-Apr-2026 01:15:25 Asia/Kuwait] [orange] migration failed 000_runner_baseline.sql: SQLSTATE[42000]: Syntax error or access violation: 1064 You have an error in your SQL syntax; check the manual that corresponds to your MariaDB server version for the right syntax to use near 'الترحيلات يع?
ل؛ لا يغيّر بيانات.
SET @orange_schem...' at line 1
[21-Apr-2026 01:15:25 Asia/Kuwait] PHP Fatal error:  Uncaught TypeError: htmlspecialchars(): Argument #1 ($string) must be of type string, int given in C:\inetpub\vhosts\clickstorekw.com\orangeshoppro.com\includes\storefront_phone_country_select.php:29
Stack trace:
#0 C:\inetpub\vhosts\clickstorekw.com\orangeshoppro.com\includes\storefront_phone_country_select.php(29): htmlspecialchars()
#1 C:\inetpub\vhosts\clickstorekw.com\orangeshoppro.com\pages\track.php(63): orange_storefront_render_phone_country_select()
#2 C:\inetpub\vhosts\clickstorekw.com\orangeshoppro.com\storefront-dispatch.php(108): require('...')
#3 {main}
  thrown in C:\inetpub\vhosts\clickstorekw.com\orangeshoppro.com\includes\storefront_phone_country_select.php on line 29
[21-Apr-2026 01:15:26 Asia/Kuwait] [orange] migration failed 000_runner_baseline.sql: SQLSTATE[42000]: Syntax error or access violation: 1064 You have an error in your SQL syntax; check the manual that corresponds to your MariaDB server version for the right syntax to use near 'الترحيلات يع?
ل؛ لا يغيّر بيانات.
SET @orange_schem...' at line 1
[21-Apr-2026 01:15:28 Asia/Kuwait] [orange] migration failed 000_runner_baseline.sql: SQLSTATE[42000]: Syntax error or access violation: 1064 You have an error in your SQL syntax; check the manual that corresponds to your MariaDB server version for the right syntax to use near 'الترحيلات يع?
ل؛ لا يغيّر بيانات.
SET @orange_schem...' at line 1
[21-Apr-2026 01:15:28 Asia/Kuwait] PHP Fatal error:  Uncaught TypeError: htmlspecialchars(): Argument #1 ($string) must be of type string, int given in C:\inetpub\vhosts\clickstorekw.com\orangeshoppro.com\includes\storefront_phone_country_select.php:29
Stack trace:
#0 C:\inetpub\vhosts\clickstorekw.com\orangeshoppro.com\includes\storefront_phone_country_select.php(29): htmlspecialchars()
#1 C:\inetpub\vhosts\clickstorekw.com\orangeshoppro.com\pages\register.php(111): orange_storefront_render_phone_country_select()
#2 C:\inetpub\vhosts\clickstorekw.com\orangeshoppro.com\storefront-dispatch.php(113): require('...')
#3 {main}
  thrown in C:\inetpub\vhosts\clickstorekw.com\orangeshoppro.com\includes\storefront_phone_country_select.php on line 29
[21-Apr-2026 01:15:29 Asia/Kuwait] [orange] migration failed 000_runner_baseline.sql: SQLSTATE[42000]: Syntax error or access violation: 1064 You have an error in your SQL syntax; check the manual that corresponds to your MariaDB server version for the right syntax to use near 'الترحيلات يع?
ل؛ لا يغيّر بيانات.
SET @orange_schem...' at line 1
[21-Apr-2026 01:15:31 Asia/Kuwait] [orange] migration failed 000_runner_baseline.sql: SQLSTATE[42000]: Syntax error or access violation: 1064 You have an error in your SQL syntax; check the manual that corresponds to your MariaDB server version for the right syntax to use near 'الترحيلات يع?
ل؛ لا يغيّر بيانات.
SET @orange_schem...' at line 1
[21-Apr-2026 01:15:32 Asia/Kuwait] [orange] migration failed 000_runner_baseline.sql: SQLSTATE[42000]: Syntax error or access violation: 1064 You have an error in your SQL syntax; check the manual that corresponds to your MariaDB server version for the right syntax to use near 'الترحيلات يع?
ل؛ لا يغيّر بيانات.
SET @orange_schem...' at line 1
[21-Apr-2026 01:17:46 Asia/Kuwait] [orange] migration failed 000_runner_baseline.sql: SQLSTATE[42000]: Syntax error or access violation: 1064 You have an error in your SQL syntax; check the manual that corresponds to your MariaDB server version for the right syntax to use near 'الترحيلات يع?
ل؛ لا يغيّر بيانات.
SET @orange_schem...' at line 1
[21-Apr-2026 01:17:46 Asia/Kuwait] PHP Fatal error:  Uncaught TypeError: htmlspecialchars(): Argument #1 ($string) must be of type string, int given in C:\inetpub\vhosts\clickstorekw.com\orangeshoppro.com\includes\storefront_phone_country_select.php:29
Stack trace:
#0 C:\inetpub\vhosts\clickstorekw.com\orangeshoppro.com\includes\storefront_phone_country_select.php(29): htmlspecialchars()
#1 C:\inetpub\vhosts\clickstorekw.com\orangeshoppro.com\pages\register.php(111): orange_storefront_render_phone_country_select()
#2 C:\inetpub\vhosts\clickstorekw.com\orangeshoppro.com\storefront-dispatch.php(113): require('...')
#3 {main}
  thrown in C:\inetpub\vhosts\clickstorekw.com\orangeshoppro.com\includes\storefront_phone_country_select.php on line 29
[21-Apr-2026 01:17:47 Asia/Kuwait] [orange] migration failed 000_runner_baseline.sql: SQLSTATE[42000]: Syntax error or access violation: 1064 You have an error in your SQL syntax; check the manual that corresponds to your MariaDB server version for the right syntax to use near 'الترحيلات يع?
ل؛ لا يغيّر بيانات.
SET @orange_schem...' at line 1
[21-Apr-2026 01:17:49 Asia/Kuwait] [orange] migration failed 000_runner_baseline.sql: SQLSTATE[42000]: Syntax error or access violation: 1064 You have an error in your SQL syntax; check the manual that corresponds to your MariaDB server version for the right syntax to use near 'الترحيلات يع?
ل؛ لا يغيّر بيانات.
SET @orange_schem...' at line 1
[21-Apr-2026 01:17:49 Asia/Kuwait] [orange] migration failed 000_runner_baseline.sql: SQLSTATE[42000]: Syntax error or access violation: 1064 You have an error in your SQL syntax; check the manual that corresponds to your MariaDB server version for the right syntax to use near 'الترحيلات يع?
ل؛ لا يغيّر بيانات.
SET @orange_schem...' at line 1
[21-Apr-2026 01:18:22 Asia/Kuwait] [orange] migration failed 000_runner_baseline.sql: SQLSTATE[42000]: Syntax error or access violation: 1064 You have an error in your SQL syntax; check the manual that corresponds to your MariaDB server version for the right syntax to use near 'الترحيلات يع?
ل؛ لا يغيّر بيانات.
SET @orange_schem...' at line 1
[21-Apr-2026 01:18:22 Asia/Kuwait] PHP Fatal error:  Uncaught TypeError: htmlspecialchars(): Argument #1 ($string) must be of type string, int given in C:\inetpub\vhosts\clickstorekw.com\orangeshoppro.com\includes\storefront_phone_country_select.php:29
Stack trace:
#0 C:\inetpub\vhosts\clickstorekw.com\orangeshoppro.com\includes\storefront_phone_country_select.php(29): htmlspecialchars()
#1 C:\inetpub\vhosts\clickstorekw.com\orangeshoppro.com\pages\track.php(58): orange_storefront_render_phone_country_select()
#2 C:\inetpub\vhosts\clickstorekw.com\orangeshoppro.com\storefront-dispatch.php(108): require('...')
#3 {main}
  thrown in C:\inetpub\vhosts\clickstorekw.com\orangeshoppro.com\includes\storefront_phone_country_select.php on line 29
[21-Apr-2026 01:18:22 Asia/Kuwait] [orange] migration failed 000_runner_baseline.sql: SQLSTATE[42000]: Syntax error or access violation: 1064 You have an error in your SQL syntax; check the manual that corresponds to your MariaDB server version for the right syntax to use near 'الترحيلات يع?
ل؛ لا يغيّر بيانات.
SET @orange_schem...' at line 1
[21-Apr-2026 01:18:31 Asia/Kuwait] [orange] migration failed 000_runner_baseline.sql: SQLSTATE[42000]: Syntax error or access violation: 1064 You have an error in your SQL syntax; check the manual that corresponds to your MariaDB server version for the right syntax to use near 'الترحيلات يع?
ل؛ لا يغيّر بيانات.
SET @orange_schem...' at line 1
[21-Apr-2026 01:18:32 Asia/Kuwait] [orange] migration failed 000_runner_baseline.sql: SQLSTATE[42000]: Syntax error or access violation: 1064 You have an error in your SQL syntax; check the manual that corresponds to your MariaDB server version for the right syntax to use near 'الترحيلات يع?
ل؛ لا يغيّر بيانات.
SET @orange_schem...' at line 1
[21-Apr-2026 01:19:10 Asia/Kuwait] [orange] migration failed 000_runner_baseline.sql: SQLSTATE[42000]: Syntax error or access violation: 1064 You have an error in your SQL syntax; check the manual that corresponds to your MariaDB server version for the right syntax to use near 'الترحيلات يع?
ل؛ لا يغيّر بيانات.
SET @orange_schem...' at line 1
[21-Apr-2026 01:19:10 Asia/Kuwait] PHP Fatal error:  Uncaught TypeError: htmlspecialchars(): Argument #1 ($string) must be of type string, int given in C:\inetpub\vhosts\clickstorekw.com\orangeshoppro.com\includes\storefront_phone_country_select.php:29
Stack trace:
#0 C:\inetpub\vhosts\clickstorekw.com\orangeshoppro.com\includes\storefront_phone_country_select.php(29): htmlspecialchars()
#1 C:\inetpub\vhosts\clickstorekw.com\orangeshoppro.com\pages\track.php(58): orange_storefront_render_phone_country_select()
#2 C:\inetpub\vhosts\clickstorekw.com\orangeshoppro.com\storefront-dispatch.php(108): require('...')
#3 {main}
  thrown in C:\inetpub\vhosts\clickstorekw.com\orangeshoppro.com\includes\storefront_phone_country_select.php on line 29
[21-Apr-2026 01:19:11 Asia/Kuwait] [orange] migration failed 000_runner_baseline.sql: SQLSTATE[42000]: Syntax error or access violation: 1064 You have an error in your SQL syntax; check the manual that corresponds to your MariaDB server version for the right syntax to use near 'الترحيلات يع?
ل؛ لا يغيّر بيانات.
SET @orange_schem...' at line 1
[21-Apr-2026 01:19:19 Asia/Kuwait] [orange] migration failed 000_runner_baseline.sql: SQLSTATE[42000]: Syntax error or access violation: 1064 You have an error in your SQL syntax; check the manual that corresponds to your MariaDB server version for the right syntax to use near 'الترحيلات يع?
ل؛ لا يغيّر بيانات.
SET @orange_schem...' at line 1
[21-Apr-2026 01:19:20 Asia/Kuwait] [orange] migration failed 000_runner_baseline.sql: SQLSTATE[42000]: Syntax error or access violation: 1064 You have an error in your SQL syntax; check the manual that corresponds to your MariaDB server version for the right syntax to use near 'الترحيلات يع?
ل؛ لا يغيّر بيانات.
SET @orange_schem...' at line 1
[21-Apr-2026 01:19:22 Asia/Kuwait] [orange] migration failed 000_runner_baseline.sql: SQLSTATE[42000]: Syntax error or access violation: 1064 You have an error in your SQL syntax; check the manual that corresponds to your MariaDB server version for the right syntax to use near 'الترحيلات يع?
ل؛ لا يغيّر بيانات.
SET @orange_schem...' at line 1
[21-Apr-2026 01:19:22 Asia/Kuwait] PHP Fatal error:  Uncaught TypeError: htmlspecialchars(): Argument #1 ($string) must be of type string, int given in C:\inetpub\vhosts\clickstorekw.com\orangeshoppro.com\includes\storefront_phone_country_select.php:29
Stack trace:
#0 C:\inetpub\vhosts\clickstorekw.com\orangeshoppro.com\includes\storefront_phone_country_select.php(29): htmlspecialchars()
#1 C:\inetpub\vhosts\clickstorekw.com\orangeshoppro.com\pages\register.php(111): orange_storefront_render_phone_country_select()
#2 C:\inetpub\vhosts\clickstorekw.com\orangeshoppro.com\storefront-dispatch.php(113): require('...')
#3 {main}
  thrown in C:\inetpub\vhosts\clickstorekw.com\orangeshoppro.com\includes\storefront_phone_country_select.php on line 29
[21-Apr-2026 01:19:23 Asia/Kuwait] [orange] migration failed 000_runner_baseline.sql: SQLSTATE[42000]: Syntax error or access violation: 1064 You have an error in your SQL syntax; check the manual that corresponds to your MariaDB server version for the right syntax to use near 'الترحيلات يع?
ل؛ لا يغيّر بيانات.
SET @orange_schem...' at line 1
[21-Apr-2026 01:19:25 Asia/Kuwait] [orange] migration failed 000_runner_baseline.sql: SQLSTATE[42000]: Syntax error or access violation: 1064 You have an error in your SQL syntax; check the manual that corresponds to your MariaDB server version for the right syntax to use near 'الترحيلات يع?
ل؛ لا يغيّر بيانات.
SET @orange_schem...' at line 1
[21-Apr-2026 01:19:26 Asia/Kuwait] [orange] migration failed 000_runner_baseline.sql: SQLSTATE[42000]: Syntax error or access violation: 1064 You have an error in your SQL syntax; check the manual that corresponds to your MariaDB server version for the right syntax to use near 'الترحيلات يع?
ل؛ لا يغيّر بيانات.
SET @orange_schem...' at line 1
[21-Apr-2026 01:21:14 Asia/Kuwait] [orange] migration failed 000_runner_baseline.sql: SQLSTATE[42000]: Syntax error or access violation: 1064 You have an error in your SQL syntax; check the manual that corresponds to your MariaDB server version for the right syntax to use near 'الترحيلات يع?
ل؛ لا يغيّر بيانات.
SET @orange_schem...' at line 1
[21-Apr-2026 01:21:14 Asia/Kuwait] [orange] migration failed 000_runner_baseline.sql: SQLSTATE[42000]: Syntax error or access violation: 1064 You have an error in your SQL syntax; check the manual that corresponds to your MariaDB server version for the right syntax to use near 'الترحيلات يع?
ل؛ لا يغيّر بيانات.
SET @orange_schem...' at line 1
[21-Apr-2026 01:21:18 Asia/Kuwait] [orange] migration failed 000_runner_baseline.sql: SQLSTATE[42000]: Syntax error or access violation: 1064 You have an error in your SQL syntax; check the manual that corresponds to your MariaDB server version for the right syntax to use near 'الترحيلات يع?
ل؛ لا يغيّر بيانات.
SET @orange_schem...' at line 1
[21-Apr-2026 01:21:18 Asia/Kuwait] PHP Fatal error:  Uncaught TypeError: htmlspecialchars(): Argument #1 ($string) must be of type string, int given in C:\inetpub\vhosts\clickstorekw.com\orangeshoppro.com\includes\storefront_phone_country_select.php:29
Stack trace:
#0 C:\inetpub\vhosts\clickstorekw.com\orangeshoppro.com\includes\storefront_phone_country_select.php(29): htmlspecialchars()
#1 C:\inetpub\vhosts\clickstorekw.com\orangeshoppro.com\pages\register.php(111): orange_storefront_render_phone_country_select()
#2 C:\inetpub\vhosts\clickstorekw.com\orangeshoppro.com\storefront-dispatch.php(113): require('...')
#3 {main}
  thrown in C:\inetpub\vhosts\clickstorekw.com\orangeshoppro.com\includes\storefront_phone_country_select.php on line 29
[21-Apr-2026 01:21:19 Asia/Kuwait] [orange] migration failed 000_runner_baseline.sql: SQLSTATE[42000]: Syntax error or access violation: 1064 You have an error in your SQL syntax; check the manual that corresponds to your MariaDB server version for the right syntax to use near 'الترحيلات يع?
ل؛ لا يغيّر بيانات.
SET @orange_schem...' at line 1
[21-Apr-2026 01:21:21 Asia/Kuwait] [orange] migration failed 000_runner_baseline.sql: SQLSTATE[42000]: Syntax error or access violation: 1064 You have an error in your SQL syntax; check the manual that corresponds to your MariaDB server version for the right syntax to use near 'الترحيلات يع?
ل؛ لا يغيّر بيانات.
SET @orange_schem...' at line 1
[21-Apr-2026 01:21:22 Asia/Kuwait] [orange] migration failed 000_runner_baseline.sql: SQLSTATE[42000]: Syntax error or access violation: 1064 You have an error in your SQL syntax; check the manual that corresponds to your MariaDB server version for the right syntax to use near 'الترحيلات يع?
ل؛ لا يغيّر بيانات.
SET @orange_schem...' at line 1
[21-Apr-2026 01:21:23 Asia/Kuwait] [orange] migration failed 000_runner_baseline.sql: SQLSTATE[42000]: Syntax error or access violation: 1064 You have an error in your SQL syntax; check the manual that corresponds to your MariaDB server version for the right syntax to use near 'الترحيلات يع?
ل؛ لا يغيّر بيانات.
SET @orange_schem...' at line 1
[21-Apr-2026 01:21:23 Asia/Kuwait] PHP Fatal error:  Uncaught TypeError: htmlspecialchars(): Argument #1 ($string) must be of type string, int given in C:\inetpub\vhosts\clickstorekw.com\orangeshoppro.com\includes\storefront_phone_country_select.php:29
Stack trace:
#0 C:\inetpub\vhosts\clickstorekw.com\orangeshoppro.com\includes\storefront_phone_country_select.php(29): htmlspecialchars()
#1 C:\inetpub\vhosts\clickstorekw.com\orangeshoppro.com\pages\track.php(58): orange_storefront_render_phone_country_select()
#2 C:\inetpub\vhosts\clickstorekw.com\orangeshoppro.com\storefront-dispatch.php(108): require('...')
#3 {main}
  thrown in C:\inetpub\vhosts\clickstorekw.com\orangeshoppro.com\includes\storefront_phone_country_select.php on line 29
[21-Apr-2026 01:21:24 Asia/Kuwait] [orange] migration failed 000_runner_baseline.sql: SQLSTATE[42000]: Syntax error or access violation: 1064 You have an error in your SQL syntax; check the manual that corresponds to your MariaDB server version for the right syntax to use near 'الترحيلات يع?
ل؛ لا يغيّر بيانات.
SET @orange_schem...' at line 1
[21-Apr-2026 01:21:26 Asia/Kuwait] [orange] migration failed 000_runner_baseline.sql: SQLSTATE[42000]: Syntax error or access violation: 1064 You have an error in your SQL syntax; check the manual that corresponds to your MariaDB server version for the right syntax to use near 'الترحيلات يع?
ل؛ لا يغيّر بيانات.
SET @orange_schem...' at line 1
[21-Apr-2026 01:21:27 Asia/Kuwait] [orange] migration failed 000_runner_baseline.sql: SQLSTATE[42000]: Syntax error or access violation: 1064 You have an error in your SQL syntax; check the manual that corresponds to your MariaDB server version for the right syntax to use near 'الترحيلات يع?
ل؛ لا يغيّر بيانات.
SET @orange_schem...' at line 1
[21-Apr-2026 01:25:36 Asia/Kuwait] [orange] migration failed 000_runner_baseline.sql: SQLSTATE[42000]: Syntax error or access violation: 1064 You have an error in your SQL syntax; check the manual that corresponds to your MariaDB server version for the right syntax to use near 'الترحيلات يع?
ل؛ لا يغيّر بيانات.
SET @orange_schem...' at line 1
[21-Apr-2026 01:25:37 Asia/Kuwait] [orange] migration failed 000_runner_baseline.sql: SQLSTATE[42000]: Syntax error or access violation: 1064 You have an error in your SQL syntax; check the manual that corresponds to your MariaDB server version for the right syntax to use near 'الترحيلات يع?
ل؛ لا يغيّر بيانات.
SET @orange_schem...' at line 1
[21-Apr-2026 01:25:46 Asia/Kuwait] [orange] migration failed 000_runner_baseline.sql: SQLSTATE[42000]: Syntax error or access violation: 1064 You have an error in your SQL syntax; check the manual that corresponds to your MariaDB server version for the right syntax to use near 'الترحيلات يع?
ل؛ لا يغيّر بيانات.
SET @orange_schem...' at line 1
[21-Apr-2026 01:25:47 Asia/Kuwait] [orange] migration failed 000_runner_baseline.sql: SQLSTATE[42000]: Syntax error or access violation: 1064 You have an error in your SQL syntax; check the manual that corresponds to your MariaDB server version for the right syntax to use near 'الترحيلات يع?
ل؛ لا يغيّر بيانات.
SET @orange_schem...' at line 1
[21-Apr-2026 01:25:47 Asia/Kuwait] [orange] migration failed 000_runner_baseline.sql: SQLSTATE[42000]: Syntax error or access violation: 1064 You have an error in your SQL syntax; check the manual that corresponds to your MariaDB server version for the right syntax to use near 'الترحيلات يع?
ل؛ لا يغيّر بيانات.
SET @orange_schem...' at line 1
[21-Apr-2026 01:25:53 Asia/Kuwait] [orange] migration failed 000_runner_baseline.sql: SQLSTATE[42000]: Syntax error or access violation: 1064 You have an error in your SQL syntax; check the manual that corresponds to your MariaDB server version for the right syntax to use near 'الترحيلات يع?
ل؛ لا يغيّر بيانات.
SET @orange_schem...' at line 1
[21-Apr-2026 01:25:54 Asia/Kuwait] [orange] migration failed 000_runner_baseline.sql: SQLSTATE[42000]: Syntax error or access violation: 1064 You have an error in your SQL syntax; check the manual that corresponds to your MariaDB server version for the right syntax to use near 'الترحيلات يع?
ل؛ لا يغيّر بيانات.
SET @orange_schem...' at line 1
[21-Apr-2026 01:25:55 Asia/Kuwait] [orange] migration failed 000_runner_baseline.sql: SQLSTATE[42000]: Syntax error or access violation: 1064 You have an error in your SQL syntax; check the manual that corresponds to your MariaDB server version for the right syntax to use near 'الترحيلات يع?
ل؛ لا يغيّر بيانات.
SET @orange_schem...' at line 1
[21-Apr-2026 01:25:56 Asia/Kuwait] [orange] migration failed 000_runner_baseline.sql: SQLSTATE[42000]: Syntax error or access violation: 1064 You have an error in your SQL syntax; check the manual that corresponds to your MariaDB server version for the right syntax to use near 'الترحيلات يع?
ل؛ لا يغيّر بيانات.
SET @orange_schem...' at line 1
[21-Apr-2026 01:26:00 Asia/Kuwait] [orange] migration failed 000_runner_baseline.sql: SQLSTATE[42000]: Syntax error or access violation: 1064 You have an error in your SQL syntax; check the manual that corresponds to your MariaDB server version for the right syntax to use near 'الترحيلات يع?
ل؛ لا يغيّر بيانات.
SET @orange_schem...' at line 1
[21-Apr-2026 01:26:00 Asia/Kuwait] PHP Fatal error:  Uncaught TypeError: htmlspecialchars(): Argument #1 ($string) must be of type string, int given in C:\inetpub\vhosts\clickstorekw.com\orangeshoppro.com\includes\storefront_phone_country_select.php:29
Stack trace:
#0 C:\inetpub\vhosts\clickstorekw.com\orangeshoppro.com\includes\storefront_phone_country_select.php(29): htmlspecialchars()
#1 C:\inetpub\vhosts\clickstorekw.com\orangeshoppro.com\pages\cart.php(56): orange_storefront_render_phone_country_select()
#2 C:\inetpub\vhosts\clickstorekw.com\orangeshoppro.com\storefront-dispatch.php(103): require('...')
#3 {main}
  thrown in C:\inetpub\vhosts\clickstorekw.com\orangeshoppro.com\includes\storefront_phone_country_select.php on line 29
[21-Apr-2026 01:26:01 Asia/Kuwait] [orange] migration failed 000_runner_baseline.sql: SQLSTATE[42000]: Syntax error or access violation: 1064 You have an error in your SQL syntax; check the manual that corresponds to your MariaDB server version for the right syntax to use near 'الترحيلات يع?
ل؛ لا يغيّر بيانات.
SET @orange_schem...' at line 1
[21-Apr-2026 01:26:04 Asia/Kuwait] [orange] migration failed 000_runner_baseline.sql: SQLSTATE[42000]: Syntax error or access violation: 1064 You have an error in your SQL syntax; check the manual that corresponds to your MariaDB server version for the right syntax to use near 'الترحيلات يع?
ل؛ لا يغيّر بيانات.
SET @orange_schem...' at line 1
[21-Apr-2026 01:26:04 Asia/Kuwait] [orange] migration failed 000_runner_baseline.sql: SQLSTATE[42000]: Syntax error or access violation: 1064 You have an error in your SQL syntax; check the manual that corresponds to your MariaDB server version for the right syntax to use near 'الترحيلات يع?
ل؛ لا يغيّر بيانات.
SET @orange_schem...' at line 1
[21-Apr-2026 01:30:05 Asia/Kuwait] [orange] migration failed 000_runner_baseline.sql: SQLSTATE[42000]: Syntax error or access violation: 1064 You have an error in your SQL syntax; check the manual that corresponds to your MariaDB server version for the right syntax to use near 'الترحيلات يع?
ل؛ لا يغيّر بيانات.
SET @orange_schem...' at line 1
[21-Apr-2026 01:30:05 Asia/Kuwait] [orange] migration failed 000_runner_baseline.sql: SQLSTATE[42000]: Syntax error or access violation: 1064 You have an error in your SQL syntax; check the manual that corresponds to your MariaDB server version for the right syntax to use near 'الترحيلات يع?
ل؛ لا يغيّر بيانات.
SET @orange_schem...' at line 1
[21-Apr-2026 01:30:14 Asia/Kuwait] [orange] migration failed 000_runner_baseline.sql: SQLSTATE[42000]: Syntax error or access violation: 1064 You have an error in your SQL syntax; check the manual that corresponds to your MariaDB server version for the right syntax to use near 'الترحيلات يع?
ل؛ لا يغيّر بيانات.
SET @orange_schem...' at line 1
[21-Apr-2026 01:30:14 Asia/Kuwait] [orange] migration failed 000_runner_baseline.sql: SQLSTATE[42000]: Syntax error or access violation: 1064 You have an error in your SQL syntax; check the manual that corresponds to your MariaDB server version for the right syntax to use near 'الترحيلات يع?
ل؛ لا يغيّر بيانات.
SET @orange_schem...' at line 1
[21-Apr-2026 01:30:16 Asia/Kuwait] [orange] migration failed 000_runner_baseline.sql: SQLSTATE[42000]: Syntax error or access violation: 1064 You have an error in your SQL syntax; check the manual that corresponds to your MariaDB server version for the right syntax to use near 'الترحيلات يع?
ل؛ لا يغيّر بيانات.
SET @orange_schem...' at line 1
[21-Apr-2026 01:30:17 Asia/Kuwait] [orange] migration failed 000_runner_baseline.sql: SQLSTATE[42000]: Syntax error or access violation: 1064 You have an error in your SQL syntax; check the manual that corresponds to your MariaDB server version for the right syntax to use near 'الترحيلات يع?
ل؛ لا يغيّر بيانات.
SET @orange_schem...' at line 1
[21-Apr-2026 01:30:34 Asia/Kuwait] [orange] migration failed 000_runner_baseline.sql: SQLSTATE[42000]: Syntax error or access violation: 1064 You have an error in your SQL syntax; check the manual that corresponds to your MariaDB server version for the right syntax to use near 'الترحيلات يع?
ل؛ لا يغيّر بيانات.
SET @orange_schem...' at line 1
[21-Apr-2026 01:30:35 Asia/Kuwait] [orange] migration failed 000_runner_baseline.sql: SQLSTATE[42000]: Syntax error or access violation: 1064 You have an error in your SQL syntax; check the manual that corresponds to your MariaDB server version for the right syntax to use near 'الترحيلات يع?
ل؛ لا يغيّر بيانات.
SET @orange_schem...' at line 1
[21-Apr-2026 01:30:51 Asia/Kuwait] [orange] migration failed 000_runner_baseline.sql: SQLSTATE[42000]: Syntax error or access violation: 1064 You have an error in your SQL syntax; check the manual that corresponds to your MariaDB server version for the right syntax to use near 'الترحيلات يع?
ل؛ لا يغيّر بيانات.
SET @orange_schem...' at line 1
[21-Apr-2026 01:30:52 Asia/Kuwait] [orange] migration failed 000_runner_baseline.sql: SQLSTATE[42000]: Syntax error or access violation: 1064 You have an error in your SQL syntax; check the manual that corresponds to your MariaDB server version for the right syntax to use near 'الترحيلات يع?
ل؛ لا يغيّر بيانات.
SET @orange_schem...' at line 1
[21-Apr-2026 01:30:53 Asia/Kuwait] [orange] migration failed 000_runner_baseline.sql: SQLSTATE[42000]: Syntax error or access violation: 1064 You have an error in your SQL syntax; check the manual that corresponds to your MariaDB server version for the right syntax to use near 'الترحيلات يع?
ل؛ لا يغيّر بيانات.
SET @orange_schem...' at line 1
[21-Apr-2026 01:30:53 Asia/Kuwait] PHP Fatal error:  Uncaught TypeError: htmlspecialchars(): Argument #1 ($string) must be of type string, int given in C:\inetpub\vhosts\clickstorekw.com\orangeshoppro.com\includes\storefront_phone_country_select.php:29
Stack trace:
#0 C:\inetpub\vhosts\clickstorekw.com\orangeshoppro.com\includes\storefront_phone_country_select.php(29): htmlspecialchars()
#1 C:\inetpub\vhosts\clickstorekw.com\orangeshoppro.com\pages\cart.php(56): orange_storefront_render_phone_country_select()
#2 C:\inetpub\vhosts\clickstorekw.com\orangeshoppro.com\storefront-dispatch.php(103): require('...')
#3 {main}
  thrown in C:\inetpub\vhosts\clickstorekw.com\orangeshoppro.com\includes\storefront_phone_country_select.php on line 29
[21-Apr-2026 01:30:54 Asia/Kuwait] [orange] migration failed 000_runner_baseline.sql: SQLSTATE[42000]: Syntax error or access violation: 1064 You have an error in your SQL syntax; check the manual that corresponds to your MariaDB server version for the right syntax to use near 'الترحيلات يع?
ل؛ لا يغيّر بيانات.
SET @orange_schem...' at line 1
[21-Apr-2026 01:30:58 Asia/Kuwait] [orange] migration failed 000_runner_baseline.sql: SQLSTATE[42000]: Syntax error or access violation: 1064 You have an error in your SQL syntax; check the manual that corresponds to your MariaDB server version for the right syntax to use near 'الترحيلات يع?
ل؛ لا يغيّر بيانات.
SET @orange_schem...' at line 1
[21-Apr-2026 01:30:59 Asia/Kuwait] [orange] migration failed 000_runner_baseline.sql: SQLSTATE[42000]: Syntax error or access violation: 1064 You have an error in your SQL syntax; check the manual that corresponds to your MariaDB server version for the right syntax to use near 'الترحيلات يع?
ل؛ لا يغيّر بيانات.
SET @orange_schem...' at line 1
[21-Apr-2026 01:31:00 Asia/Kuwait] [orange] migration failed 000_runner_baseline.sql: SQLSTATE[42000]: Syntax error or access violation: 1064 You have an error in your SQL syntax; check the manual that corresponds to your MariaDB server version for the right syntax to use near 'الترحيلات يع?
ل؛ لا يغيّر بيانات.
SET @orange_schem...' at line 1
[21-Apr-2026 01:31:02 Asia/Kuwait] [orange] migration failed 000_runner_baseline.sql: SQLSTATE[42000]: Syntax error or access violation: 1064 You have an error in your SQL syntax; check the manual that corresponds to your MariaDB server version for the right syntax to use near 'الترحيلات يع?
ل؛ لا يغيّر بيانات.
SET @orange_schem...' at line 1
[21-Apr-2026 01:31:03 Asia/Kuwait] [orange] migration failed 000_runner_baseline.sql: SQLSTATE[42000]: Syntax error or access violation: 1064 You have an error in your SQL syntax; check the manual that corresponds to your MariaDB server version for the right syntax to use near 'الترحيلات يع?
ل؛ لا يغيّر بيانات.
SET @orange_schem...' at line 1
[21-Apr-2026 01:31:04 Asia/Kuwait] [orange] migration failed 000_runner_baseline.sql: SQLSTATE[42000]: Syntax error or access violation: 1064 You have an error in your SQL syntax; check the manual that corresponds to your MariaDB server version for the right syntax to use near 'الترحيلات يع?
ل؛ لا يغيّر بيانات.
SET @orange_schem...' at line 1
[21-Apr-2026 01:31:05 Asia/Kuwait] [orange] migration failed 000_runner_baseline.sql: SQLSTATE[42000]: Syntax error or access violation: 1064 You have an error in your SQL syntax; check the manual that corresponds to your MariaDB server version for the right syntax to use near 'الترحيلات يع?
ل؛ لا يغيّر بيانات.
SET @orange_schem...' at line 1
[21-Apr-2026 01:31:06 Asia/Kuwait] [orange] migration failed 000_runner_baseline.sql: SQLSTATE[42000]: Syntax error or access violation: 1064 You have an error in your SQL syntax; check the manual that corresponds to your MariaDB server version for the right syntax to use near 'الترحيلات يع?
ل؛ لا يغيّر بيانات.
SET @orange_schem...' at line 1
[21-Apr-2026 01:31:07 Asia/Kuwait] [orange] migration failed 000_runner_baseline.sql: SQLSTATE[42000]: Syntax error or access violation: 1064 You have an error in your SQL syntax; check the manual that corresponds to your MariaDB server version for the right syntax to use near 'الترحيلات يع?
ل؛ لا يغيّر بيانات.
SET @orange_schem...' at line 1
[21-Apr-2026 01:31:07 Asia/Kuwait] [orange] migration failed 000_runner_baseline.sql: SQLSTATE[42000]: Syntax error or access violation: 1064 You have an error in your SQL syntax; check the manual that corresponds to your MariaDB server version for the right syntax to use near 'الترحيلات يع?
ل؛ لا يغيّر بيانات.
SET @orange_schem...' at line 1
[21-Apr-2026 01:31:08 Asia/Kuwait] [orange] migration failed 000_runner_baseline.sql: SQLSTATE[42000]: Syntax error or access violation: 1064 You have an error in your SQL syntax; check the manual that corresponds to your MariaDB server version for the right syntax to use near 'الترحيلات يع?
ل؛ لا يغيّر بيانات.
SET @orange_schem...' at line 1
[21-Apr-2026 01:31:09 Asia/Kuwait] [orange] migration failed 000_runner_baseline.sql: SQLSTATE[42000]: Syntax error or access violation: 1064 You have an error in your SQL syntax; check the manual that corresponds to your MariaDB server version for the right syntax to use near 'الترحيلات يع?
ل؛ لا يغيّر بيانات.
SET @orange_schem...' at line 1
[21-Apr-2026 01:31:09 Asia/Kuwait] PHP Fatal error:  Uncaught TypeError: htmlspecialchars(): Argument #1 ($string) must be of type string, int given in C:\inetpub\vhosts\clickstorekw.com\orangeshoppro.com\includes\storefront_phone_country_select.php:29
Stack trace:
#0 C:\inetpub\vhosts\clickstorekw.com\orangeshoppro.com\includes\storefront_phone_country_select.php(29): htmlspecialchars()
#1 C:\inetpub\vhosts\clickstorekw.com\orangeshoppro.com\pages\cart.php(56): orange_storefront_render_phone_country_select()
#2 C:\inetpub\vhosts\clickstorekw.com\orangeshoppro.com\storefront-dispatch.php(103): require('...')
#3 {main}
  thrown in C:\inetpub\vhosts\clickstorekw.com\orangeshoppro.com\includes\storefront_phone_country_select.php on line 29
[21-Apr-2026 01:31:10 Asia/Kuwait] [orange] migration failed 000_runner_baseline.sql: SQLSTATE[42000]: Syntax error or access violation: 1064 You have an error in your SQL syntax; check the manual that corresponds to your MariaDB server version for the right syntax to use near 'الترحيلات يع?
ل؛ لا يغيّر بيانات.
SET @orange_schem...' at line 1
[21-Apr-2026 01:31:11 Asia/Kuwait] [orange] migration failed 000_runner_baseline.sql: SQLSTATE[42000]: Syntax error or access violation: 1064 You have an error in your SQL syntax; check the manual that corresponds to your MariaDB server version for the right syntax to use near 'الترحيلات يع?
ل؛ لا يغيّر بيانات.
SET @orange_schem...' at line 1
[21-Apr-2026 01:31:12 Asia/Kuwait] [orange] migration failed 000_runner_baseline.sql: SQLSTATE[42000]: Syntax error or access violation: 1064 You have an error in your SQL syntax; check the manual that corresponds to your MariaDB server version for the right syntax to use near 'الترحيلات يع?
ل؛ لا يغيّر بيانات.
SET @orange_schem...' at line 1
[21-Apr-2026 01:31:12 Asia/Kuwait] [orange] migration failed 000_runner_baseline.sql: SQLSTATE[42000]: Syntax error or access violation: 1064 You have an error in your SQL syntax; check the manual that corresponds to your MariaDB server version for the right syntax to use near 'الترحيلات يع?
ل؛ لا يغيّر بيانات.
SET @orange_schem...' at line 1
[21-Apr-2026 01:31:13 Asia/Kuwait] [orange] migration failed 000_runner_baseline.sql: SQLSTATE[42000]: Syntax error or access violation: 1064 You have an error in your SQL syntax; check the manual that corresponds to your MariaDB server version for the right syntax to use near 'الترحيلات يع?
ل؛ لا يغيّر بيانات.
SET @orange_schem...' at line 1
[21-Apr-2026 01:31:14 Asia/Kuwait] [orange] migration failed 000_runner_baseline.sql: SQLSTATE[42000]: Syntax error or access violation: 1064 You have an error in your SQL syntax; check the manual that corresponds to your MariaDB server version for the right syntax to use near 'الترحيلات يع?
ل؛ لا يغيّر بيانات.
SET @orange_schem...' at line 1
[21-Apr-2026 01:31:14 Asia/Kuwait] [orange] migration failed 000_runner_baseline.sql: SQLSTATE[42000]: Syntax error or access violation: 1064 You have an error in your SQL syntax; check the manual that corresponds to your MariaDB server version for the right syntax to use near 'الترحيلات يع?
ل؛ لا يغيّر بيانات.
SET @orange_schem...' at line 1
[21-Apr-2026 01:31:15 Asia/Kuwait] [orange] migration failed 000_runner_baseline.sql: SQLSTATE[42000]: Syntax error or access violation: 1064 You have an error in your SQL syntax; check the manual that corresponds to your MariaDB server version for the right syntax to use near 'الترحيلات يع?
ل؛ لا يغيّر بيانات.
SET @orange_schem...' at line 1
[21-Apr-2026 01:31:40 Asia/Kuwait] [orange] migration failed 000_runner_baseline.sql: SQLSTATE[42000]: Syntax error or access violation: 1064 You have an error in your SQL syntax; check the manual that corresponds to your MariaDB server version for the right syntax to use near 'الترحيلات يع?
ل؛ لا يغيّر بيانات.
SET @orange_schem...' at line 1
[21-Apr-2026 01:31:41 Asia/Kuwait] [orange] migration failed 000_runner_baseline.sql: SQLSTATE[42000]: Syntax error or access violation: 1064 You have an error in your SQL syntax; check the manual that corresponds to your MariaDB server version for the right syntax to use near 'الترحيلات يع?
ل؛ لا يغيّر بيانات.
SET @orange_schem...' at line 1
[21-Apr-2026 01:37:10 Asia/Kuwait] [orange] migration failed 000_runner_baseline.sql: SQLSTATE[42000]: Syntax error or access violation: 1064 You have an error in your SQL syntax; check the manual that corresponds to your MariaDB server version for the right syntax to use near 'الترحيلات يع?
ل؛ لا يغيّر بيانات.
SET @orange_schem...' at line 1
[21-Apr-2026 01:37:12 Asia/Kuwait] [orange] migration failed 000_runner_baseline.sql: SQLSTATE[42000]: Syntax error or access violation: 1064 You have an error in your SQL syntax; check the manual that corresponds to your MariaDB server version for the right syntax to use near 'الترحيلات يع?
ل؛ لا يغيّر بيانات.
SET @orange_schem...' at line 1
[21-Apr-2026 01:37:14 Asia/Kuwait] [orange] migration failed 000_runner_baseline.sql: SQLSTATE[42000]: Syntax error or access violation: 1064 You have an error in your SQL syntax; check the manual that corresponds to your MariaDB server version for the right syntax to use near 'الترحيلات يع?
ل؛ لا يغيّر بيانات.
SET @orange_schem...' at line 1
[21-Apr-2026 01:37:14 Asia/Kuwait] [orange] migration failed 000_runner_baseline.sql: SQLSTATE[42000]: Syntax error or access violation: 1064 You have an error in your SQL syntax; check the manual that corresponds to your MariaDB server version for the right syntax to use near 'الترحيلات يع?
ل؛ لا يغيّر بيانات.
SET @orange_schem...' at line 1
[21-Apr-2026 01:37:22 Asia/Kuwait] [orange] migration failed 000_runner_baseline.sql: SQLSTATE[42000]: Syntax error or access violation: 1064 You have an error in your SQL syntax; check the manual that corresponds to your MariaDB server version for the right syntax to use near 'الترحيلات يع?
ل؛ لا يغيّر بيانات.
SET @orange_schem...' at line 1
[21-Apr-2026 01:37:22 Asia/Kuwait] [orange] migration failed 000_runner_baseline.sql: SQLSTATE[42000]: Syntax error or access violation: 1064 You have an error in your SQL syntax; check the manual that corresponds to your MariaDB server version for the right syntax to use near 'الترحيلات يع?
ل؛ لا يغيّر بيانات.
SET @orange_schem...' at line 1
[21-Apr-2026 01:38:57 Asia/Kuwait] [orange] migration failed 000_runner_baseline.sql: SQLSTATE[42000]: Syntax error or access violation: 1064 You have an error in your SQL syntax; check the manual that corresponds to your MariaDB server version for the right syntax to use near 'الترحيلات يع?
ل؛ لا يغيّر بيانات.
SET @orange_schem...' at line 1
[21-Apr-2026 01:38:57 Asia/Kuwait] [orange] migration failed 000_runner_baseline.sql: SQLSTATE[42000]: Syntax error or access violation: 1064 You have an error in your SQL syntax; check the manual that corresponds to your MariaDB server version for the right syntax to use near 'الترحيلات يع?
ل؛ لا يغيّر بيانات.
SET @orange_schem...' at line 1
[21-Apr-2026 01:38:59 Asia/Kuwait] [orange] migration failed 000_runner_baseline.sql: SQLSTATE[42000]: Syntax error or access violation: 1064 You have an error in your SQL syntax; check the manual that corresponds to your MariaDB server version for the right syntax to use near 'الترحيلات يع?
ل؛ لا يغيّر بيانات.
SET @orange_schem...' at line 1
[21-Apr-2026 01:39:00 Asia/Kuwait] [orange] migration failed 000_runner_baseline.sql: SQLSTATE[42000]: Syntax error or access violation: 1064 You have an error in your SQL syntax; check the manual that corresponds to your MariaDB server version for the right syntax to use near 'الترحيلات يع?
ل؛ لا يغيّر بيانات.
SET @orange_schem...' at line 1
[21-Apr-2026 01:40:31 Asia/Kuwait] [orange] migration failed 000_runner_baseline.sql: SQLSTATE[42000]: Syntax error or access violation: 1064 You have an error in your SQL syntax; check the manual that corresponds to your MariaDB server version for the right syntax to use near 'الترحيلات يع?
ل؛ لا يغيّر بيانات.
SET @orange_schem...' at line 1
[21-Apr-2026 01:40:33 Asia/Kuwait] [orange] migration failed 000_runner_baseline.sql: SQLSTATE[42000]: Syntax error or access violation: 1064 You have an error in your SQL syntax; check the manual that corresponds to your MariaDB server version for the right syntax to use near 'الترحيلات يع?
ل؛ لا يغيّر بيانات.
SET @orange_schem...' at line 1
[21-Apr-2026 01:40:33 Asia/Kuwait] [orange] migration failed 000_runner_baseline.sql: SQLSTATE[42000]: Syntax error or access violation: 1064 You have an error in your SQL syntax; check the manual that corresponds to your MariaDB server version for the right syntax to use near 'الترحيلات يع?
ل؛ لا يغيّر بيانات.
SET @orange_schem...' at line 1
[21-Apr-2026 01:40:34 Asia/Kuwait] [orange] migration failed 000_runner_baseline.sql: SQLSTATE[42000]: Syntax error or access violation: 1064 You have an error in your SQL syntax; check the manual that corresponds to your MariaDB server version for the right syntax to use near 'الترحيلات يع?
ل؛ لا يغيّر بيانات.
SET @orange_schem...' at line 1
[21-Apr-2026 01:41:30 Asia/Kuwait] [orange] migration failed 000_runner_baseline.sql: SQLSTATE[42000]: Syntax error or access violation: 1064 You have an error in your SQL syntax; check the manual that corresponds to your MariaDB server version for the right syntax to use near 'الترحيلات يع?
ل؛ لا يغيّر بيانات.
SET @orange_schem...' at line 1
[21-Apr-2026 01:41:30 Asia/Kuwait] [orange] migration failed 000_runner_baseline.sql: SQLSTATE[42000]: Syntax error or access violation: 1064 You have an error in your SQL syntax; check the manual that corresponds to your MariaDB server version for the right syntax to use near 'الترحيلات يع?
ل؛ لا يغيّر بيانات.
SET @orange_schem...' at line 1
[21-Apr-2026 01:41:33 Asia/Kuwait] [orange] migration failed 000_runner_baseline.sql: SQLSTATE[42000]: Syntax error or access violation: 1064 You have an error in your SQL syntax; check the manual that corresponds to your MariaDB server version for the right syntax to use near 'الترحيلات يع?
ل؛ لا يغيّر بيانات.
SET @orange_schem...' at line 1
[21-Apr-2026 01:41:33 Asia/Kuwait] [orange] migration failed 000_runner_baseline.sql: SQLSTATE[42000]: Syntax error or access violation: 1064 You have an error in your SQL syntax; check the manual that corresponds to your MariaDB server version for the right syntax to use near 'الترحيلات يع?
ل؛ لا يغيّر بيانات.
SET @orange_schem...' at line 1
[21-Apr-2026 01:41:34 Asia/Kuwait] [orange] migration failed 000_runner_baseline.sql: SQLSTATE[42000]: Syntax error or access violation: 1064 You have an error in your SQL syntax; check the manual that corresponds to your MariaDB server version for the right syntax to use near 'الترحيلات يع?
ل؛ لا يغيّر بيانات.
SET @orange_schem...' at line 1
[21-Apr-2026 01:41:38 Asia/Kuwait] [orange] migration failed 000_runner_baseline.sql: SQLSTATE[42000]: Syntax error or access violation: 1064 You have an error in your SQL syntax; check the manual that corresponds to your MariaDB server version for the right syntax to use near 'الترحيلات يع?
ل؛ لا يغيّر بيانات.
SET @orange_schem...' at line 1
[21-Apr-2026 01:41:38 Asia/Kuwait] [orange] migration failed 000_runner_baseline.sql: SQLSTATE[42000]: Syntax error or access violation: 1064 You have an error in your SQL syntax; check the manual that corresponds to your MariaDB server version for the right syntax to use near 'الترحيلات يع?
ل؛ لا يغيّر بيانات.
SET @orange_schem...' at line 1
[21-Apr-2026 01:42:21 Asia/Kuwait] [orange] migration failed 000_runner_baseline.sql: SQLSTATE[42000]: Syntax error or access violation: 1064 You have an error in your SQL syntax; check the manual that corresponds to your MariaDB server version for the right syntax to use near 'الترحيلات يع?
ل؛ لا يغيّر بيانات.
SET @orange_schem...' at line 1
[21-Apr-2026 01:42:22 Asia/Kuwait] [orange] migration failed 000_runner_baseline.sql: SQLSTATE[42000]: Syntax error or access violation: 1064 You have an error in your SQL syntax; check the manual that corresponds to your MariaDB server version for the right syntax to use near 'الترحيلات يع?
ل؛ لا يغيّر بيانات.
SET @orange_schem...' at line 1
[21-Apr-2026 01:42:30 Asia/Kuwait] [orange] migration failed 000_runner_baseline.sql: SQLSTATE[42000]: Syntax error or access violation: 1064 You have an error in your SQL syntax; check the manual that corresponds to your MariaDB server version for the right syntax to use near 'الترحيلات يع?
ل؛ لا يغيّر بيانات.
SET @orange_schem...' at line 1
[21-Apr-2026 01:42:30 Asia/Kuwait] [orange] migration failed 000_runner_baseline.sql: SQLSTATE[42000]: Syntax error or access violation: 1064 You have an error in your SQL syntax; check the manual that corresponds to your MariaDB server version for the right syntax to use near 'الترحيلات يع?
ل؛ لا يغيّر بيانات.
SET @orange_schem...' at line 1
[21-Apr-2026 01:44:32 Asia/Kuwait] [orange] migration failed 000_runner_baseline.sql: SQLSTATE[42000]: Syntax error or access violation: 1064 You have an error in your SQL syntax; check the manual that corresponds to your MariaDB server version for the right syntax to use near 'الترحيلات يع?
ل؛ لا يغيّر بيانات.
SET @orange_schem...' at line 1
[21-Apr-2026 01:44:34 Asia/Kuwait] [orange] migration failed 000_runner_baseline.sql: SQLSTATE[42000]: Syntax error or access violation: 1064 You have an error in your SQL syntax; check the manual that corresponds to your MariaDB server version for the right syntax to use near 'الترحيلات يع?
ل؛ لا يغيّر بيانات.
SET @orange_schem...' at line 1
[21-Apr-2026 01:44:40 Asia/Kuwait] [orange] migration failed 000_runner_baseline.sql: SQLSTATE[42000]: Syntax error or access violation: 1064 You have an error in your SQL syntax; check the manual that corresponds to your MariaDB server version for the right syntax to use near 'الترحيلات يع?
ل؛ لا يغيّر بيانات.
SET @orange_schem...' at line 1
[21-Apr-2026 01:44:42 Asia/Kuwait] [orange] migration failed 000_runner_baseline.sql: SQLSTATE[42000]: Syntax error or access violation: 1064 You have an error in your SQL syntax; check the manual that corresponds to your MariaDB server version for the right syntax to use near 'الترحيلات يع?
ل؛ لا يغيّر بيانات.
SET @orange_schem...' at line 1
[21-Apr-2026 01:45:20 Asia/Kuwait] [orange] migration failed 000_runner_baseline.sql: SQLSTATE[42000]: Syntax error or access violation: 1064 You have an error in your SQL syntax; check the manual that corresponds to your MariaDB server version for the right syntax to use near 'الترحيلات يع?
ل؛ لا يغيّر بيانات.
SET @orange_schem...' at line 1
[21-Apr-2026 01:45:20 Asia/Kuwait] [orange] migration failed 000_runner_baseline.sql: SQLSTATE[42000]: Syntax error or access violation: 1064 You have an error in your SQL syntax; check the manual that corresponds to your MariaDB server version for the right syntax to use near 'الترحيلات يع?
ل؛ لا يغيّر بيانات.
SET @orange_schem...' at line 1
[21-Apr-2026 01:45:23 Asia/Kuwait] [orange] migration failed 000_runner_baseline.sql: SQLSTATE[42000]: Syntax error or access violation: 1064 You have an error in your SQL syntax; check the manual that corresponds to your MariaDB server version for the right syntax to use near 'الترحيلات يع?
ل؛ لا يغيّر بيانات.
SET @orange_schem...' at line 1
[21-Apr-2026 01:49:27 Asia/Kuwait] [orange] migration failed 000_runner_baseline.sql: SQLSTATE[42000]: Syntax error or access violation: 1064 You have an error in your SQL syntax; check the manual that corresponds to your MariaDB server version for the right syntax to use near 'الترحيلات يع?
ل؛ لا يغيّر بيانات.
SET @orange_schem...' at line 1
[21-Apr-2026 01:49:28 Asia/Kuwait] [orange] migration failed 000_runner_baseline.sql: SQLSTATE[42000]: Syntax error or access violation: 1064 You have an error in your SQL syntax; check the manual that corresponds to your MariaDB server version for the right syntax to use near 'الترحيلات يع?
ل؛ لا يغيّر بيانات.
SET @orange_schem...' at line 1
[21-Apr-2026 01:49:32 Asia/Kuwait] [orange] migration failed 000_runner_baseline.sql: SQLSTATE[42000]: Syntax error or access violation: 1064 You have an error in your SQL syntax; check the manual that corresponds to your MariaDB server version for the right syntax to use near 'الترحيلات يع?
ل؛ لا يغيّر بيانات.
SET @orange_schem...' at line 1
[21-Apr-2026 01:49:33 Asia/Kuwait] [orange] migration failed 000_runner_baseline.sql: SQLSTATE[42000]: Syntax error or access violation: 1064 You have an error in your SQL syntax; check the manual that corresponds to your MariaDB server version for the right syntax to use near 'الترحيلات يع?
ل؛ لا يغيّر بيانات.
SET @orange_schem...' at line 1
[21-Apr-2026 01:53:27 Asia/Kuwait] [orange] migration failed 000_runner_baseline.sql: SQLSTATE[42000]: Syntax error or access violation: 1064 You have an error in your SQL syntax; check the manual that corresponds to your MariaDB server version for the right syntax to use near 'الترحيلات يع?
ل؛ لا يغيّر بيانات.
SET @orange_schem...' at line 1
[21-Apr-2026 01:53:28 Asia/Kuwait] [orange] migration failed 000_runner_baseline.sql: SQLSTATE[42000]: Syntax error or access violation: 1064 You have an error in your SQL syntax; check the manual that corresponds to your MariaDB server version for the right syntax to use near 'الترحيلات يع?
ل؛ لا يغيّر بيانات.
SET @orange_schem...' at line 1
[21-Apr-2026 02:04:40 Asia/Kuwait] [orange] migration failed 000_runner_baseline.sql: SQLSTATE[42000]: Syntax error or access violation: 1064 You have an error in your SQL syntax; check the manual that corresponds to your MariaDB server version for the right syntax to use near 'الترحيلات يع?
ل؛ لا يغيّر بيانات.
SET @orange_schem...' at line 1
[21-Apr-2026 02:04:40 Asia/Kuwait] [orange] migration failed 000_runner_baseline.sql: SQLSTATE[42000]: Syntax error or access violation: 1064 You have an error in your SQL syntax; check the manual that corresponds to your MariaDB server version for the right syntax to use near 'الترحيلات يع?
ل؛ لا يغيّر بيانات.
SET @orange_schem...' at line 1
[21-Apr-2026 02:16:52 Asia/Kuwait] [orange] migration failed 000_runner_baseline.sql: SQLSTATE[42000]: Syntax error or access violation: 1064 You have an error in your SQL syntax; check the manual that corresponds to your MariaDB server version for the right syntax to use near 'الترحيلات يع?
ل؛ لا يغيّر بيانات.
SET @orange_schem...' at line 1
[21-Apr-2026 02:16:54 Asia/Kuwait] [orange] migration failed 000_runner_baseline.sql: SQLSTATE[42000]: Syntax error or access violation: 1064 You have an error in your SQL syntax; check the manual that corresponds to your MariaDB server version for the right syntax to use near 'الترحيلات يع?
ل؛ لا يغيّر بيانات.
SET @orange_schem...' at line 1
[21-Apr-2026 02:17:01 Asia/Kuwait] [orange] migration failed 000_runner_baseline.sql: SQLSTATE[42000]: Syntax error or access violation: 1064 You have an error in your SQL syntax; check the manual that corresponds to your MariaDB server version for the right syntax to use near 'الترحيلات يع?
ل؛ لا يغيّر بيانات.
SET @orange_schem...' at line 1
[21-Apr-2026 02:17:02 Asia/Kuwait] [orange] migration failed 000_runner_baseline.sql: SQLSTATE[42000]: Syntax error or access violation: 1064 You have an error in your SQL syntax; check the manual that corresponds to your MariaDB server version for the right syntax to use near 'الترحيلات يع?
ل؛ لا يغيّر بيانات.
SET @orange_schem...' at line 1
[21-Apr-2026 02:47:40 Asia/Kuwait] [orange] migration failed 000_runner_baseline.sql: SQLSTATE[42000]: Syntax error or access violation: 1064 You have an error in your SQL syntax; check the manual that corresponds to your MariaDB server version for the right syntax to use near 'الترحيلات يع?
ل؛ لا يغيّر بيانات.
SET @orange_schem...' at line 1
[21-Apr-2026 02:47:40 Asia/Kuwait] [orange] migration failed 000_runner_baseline.sql: SQLSTATE[42000]: Syntax error or access violation: 1064 You have an error in your SQL syntax; check the manual that corresponds to your MariaDB server version for the right syntax to use near 'الترحيلات يع?
ل؛ لا يغيّر بيانات.
SET @orange_schem...' at line 1
[21-Apr-2026 02:47:43 Asia/Kuwait] [orange] migration failed 000_runner_baseline.sql: SQLSTATE[42000]: Syntax error or access violation: 1064 You have an error in your SQL syntax; check the manual that corresponds to your MariaDB server version for the right syntax to use near 'الترحيلات يع?
ل؛ لا يغيّر بيانات.
SET @orange_schem...' at line 1
[21-Apr-2026 02:47:44 Asia/Kuwait] [orange] migration failed 000_runner_baseline.sql: SQLSTATE[42000]: Syntax error or access violation: 1064 You have an error in your SQL syntax; check the manual that corresponds to your MariaDB server version for the right syntax to use near 'الترحيلات يع?
ل؛ لا يغيّر بيانات.
SET @orange_schem...' at line 1
[21-Apr-2026 02:47:47 Asia/Kuwait] [orange] migration failed 000_runner_baseline.sql: SQLSTATE[42000]: Syntax error or access violation: 1064 You have an error in your SQL syntax; check the manual that corresponds to your MariaDB server version for the right syntax to use near 'الترحيلات يع?
ل؛ لا يغيّر بيانات.
SET @orange_schem...' at line 1
[21-Apr-2026 02:47:48 Asia/Kuwait] [orange] migration failed 000_runner_baseline.sql: SQLSTATE[42000]: Syntax error or access violation: 1064 You have an error in your SQL syntax; check the manual that corresponds to your MariaDB server version for the right syntax to use near 'الترحيلات يع?
ل؛ لا يغيّر بيانات.
SET @orange_schem...' at line 1
[21-Apr-2026 02:47:49 Asia/Kuwait] [orange] migration failed 000_runner_baseline.sql: SQLSTATE[42000]: Syntax error or access violation: 1064 You have an error in your SQL syntax; check the manual that corresponds to your MariaDB server version for the right syntax to use near 'الترحيلات يع?
ل؛ لا يغيّر بيانات.
SET @orange_schem...' at line 1
[21-Apr-2026 02:47:50 Asia/Kuwait] [orange] migration failed 000_runner_baseline.sql: SQLSTATE[42000]: Syntax error or access violation: 1064 You have an error in your SQL syntax; check the manual that corresponds to your MariaDB server version for the right syntax to use near 'الترحيلات يع?
ل؛ لا يغيّر بيانات.
SET @orange_schem...' at line 1
[21-Apr-2026 02:47:50 Asia/Kuwait] [orange] migration failed 000_runner_baseline.sql: SQLSTATE[42000]: Syntax error or access violation: 1064 You have an error in your SQL syntax; check the manual that corresponds to your MariaDB server version for the right syntax to use near 'الترحيلات يع?
ل؛ لا يغيّر بيانات.
SET @orange_schem...' at line 1
[21-Apr-2026 02:47:51 Asia/Kuwait] [orange] migration failed 000_runner_baseline.sql: SQLSTATE[42000]: Syntax error or access violation: 1064 You have an error in your SQL syntax; check the manual that corresponds to your MariaDB server version for the right syntax to use near 'الترحيلات يع?
ل؛ لا يغيّر بيانات.
SET @orange_schem...' at line 1
[21-Apr-2026 02:47:52 Asia/Kuwait] [orange] migration failed 000_runner_baseline.sql: SQLSTATE[42000]: Syntax error or access violation: 1064 You have an error in your SQL syntax; check the manual that corresponds to your MariaDB server version for the right syntax to use near 'الترحيلات يع?
ل؛ لا يغيّر بيانات.
SET @orange_schem...' at line 1
[21-Apr-2026 02:47:53 Asia/Kuwait] [orange] migration failed 000_runner_baseline.sql: SQLSTATE[42000]: Syntax error or access violation: 1064 You have an error in your SQL syntax; check the manual that corresponds to your MariaDB server version for the right syntax to use near 'الترحيلات يع?
ل؛ لا يغيّر بيانات.
SET @orange_schem...' at line 1
[21-Apr-2026 02:49:18 Asia/Kuwait] [orange] migration failed 000_runner_baseline.sql: SQLSTATE[42000]: Syntax error or access violation: 1064 You have an error in your SQL syntax; check the manual that corresponds to your MariaDB server version for the right syntax to use near 'الترحيلات يع?
ل؛ لا يغيّر بيانات.
SET @orange_schem...' at line 1
[21-Apr-2026 02:49:19 Asia/Kuwait] [orange] migration failed 000_runner_baseline.sql: SQLSTATE[42000]: Syntax error or access violation: 1064 You have an error in your SQL syntax; check the manual that corresponds to your MariaDB server version for the right syntax to use near 'الترحيلات يع?
ل؛ لا يغيّر بيانات.
SET @orange_schem...' at line 1
[21-Apr-2026 02:49:56 Asia/Kuwait] [orange] migration failed 000_runner_baseline.sql: SQLSTATE[42000]: Syntax error or access violation: 1064 You have an error in your SQL syntax; check the manual that corresponds to your MariaDB server version for the right syntax to use near 'الترحيلات يع?
ل؛ لا يغيّر بيانات.
SET @orange_schem...' at line 1
[21-Apr-2026 02:49:57 Asia/Kuwait] [orange] migration failed 000_runner_baseline.sql: SQLSTATE[42000]: Syntax error or access violation: 1064 You have an error in your SQL syntax; check the manual that corresponds to your MariaDB server version for the right syntax to use near 'الترحيلات يع?
ل؛ لا يغيّر بيانات.
SET @orange_schem...' at line 1
[21-Apr-2026 02:49:58 Asia/Kuwait] [orange] migration failed 000_runner_baseline.sql: SQLSTATE[42000]: Syntax error or access violation: 1064 You have an error in your SQL syntax; check the manual that corresponds to your MariaDB server version for the right syntax to use near 'الترحيلات يع?
ل؛ لا يغيّر بيانات.
SET @orange_schem...' at line 1
[21-Apr-2026 02:50:15 Asia/Kuwait] [orange] migration failed 000_runner_baseline.sql: SQLSTATE[42000]: Syntax error or access violation: 1064 You have an error in your SQL syntax; check the manual that corresponds to your MariaDB server version for the right syntax to use near 'الترحيلات يع?
ل؛ لا يغيّر بيانات.
SET @orange_schem...' at line 1
[21-Apr-2026 02:50:18 Asia/Kuwait] [orange] migration failed 000_runner_baseline.sql: SQLSTATE[42000]: Syntax error or access violation: 1064 You have an error in your SQL syntax; check the manual that corresponds to your MariaDB server version for the right syntax to use near 'الترحيلات يع?
ل؛ لا يغيّر بيانات.
SET @orange_schem...' at line 1
[21-Apr-2026 02:52:45 Asia/Kuwait] [orange] migration failed 000_runner_baseline.sql: SQLSTATE[42000]: Syntax error or access violation: 1064 You have an error in your SQL syntax; check the manual that corresponds to your MariaDB server version for the right syntax to use near 'الترحيلات يع?
ل؛ لا يغيّر بيانات.
SET @orange_schem...' at line 1
[21-Apr-2026 02:52:46 Asia/Kuwait] [orange] migration failed 000_runner_baseline.sql: SQLSTATE[42000]: Syntax error or access violation: 1064 You have an error in your SQL syntax; check the manual that corresponds to your MariaDB server version for the right syntax to use near 'الترحيلات يع?
ل؛ لا يغيّر بيانات.
SET @orange_schem...' at line 1
[21-Apr-2026 02:57:04 Asia/Kuwait] [orange] migration failed 000_runner_baseline.sql: SQLSTATE[42000]: Syntax error or access violation: 1064 You have an error in your SQL syntax; check the manual that corresponds to your MariaDB server version for the right syntax to use near 'الترحيلات يع?
ل؛ لا يغيّر بيانات.
SET @orange_schem...' at line 1
[21-Apr-2026 02:57:05 Asia/Kuwait] [orange] migration failed 000_runner_baseline.sql: SQLSTATE[42000]: Syntax error or access violation: 1064 You have an error in your SQL syntax; check the manual that corresponds to your MariaDB server version for the right syntax to use near 'الترحيلات يع?
ل؛ لا يغيّر بيانات.
SET @orange_schem...' at line 1
[21-Apr-2026 02:57:09 Asia/Kuwait] [orange] migration failed 000_runner_baseline.sql: SQLSTATE[42000]: Syntax error or access violation: 1064 You have an error in your SQL syntax; check the manual that corresponds to your MariaDB server version for the right syntax to use near 'الترحيلات يع?
ل؛ لا يغيّر بيانات.
SET @orange_schem...' at line 1
[21-Apr-2026 02:57:10 Asia/Kuwait] [orange] migration failed 000_runner_baseline.sql: SQLSTATE[42000]: Syntax error or access violation: 1064 You have an error in your SQL syntax; check the manual that corresponds to your MariaDB server version for the right syntax to use near 'الترحيلات يع?
ل؛ لا يغيّر بيانات.
SET @orange_schem...' at line 1
[21-Apr-2026 02:57:26 Asia/Kuwait] [orange] migration failed 000_runner_baseline.sql: SQLSTATE[42000]: Syntax error or access violation: 1064 You have an error in your SQL syntax; check the manual that corresponds to your MariaDB server version for the right syntax to use near 'الترحيلات يع?
ل؛ لا يغيّر بيانات.
SET @orange_schem...' at line 1
[21-Apr-2026 02:57:27 Asia/Kuwait] [orange] migration failed 000_runner_baseline.sql: SQLSTATE[42000]: Syntax error or access violation: 1064 You have an error in your SQL syntax; check the manual that corresponds to your MariaDB server version for the right syntax to use near 'الترحيلات يع?
ل؛ لا يغيّر بيانات.
SET @orange_schem...' at line 1
[21-Apr-2026 02:57:28 Asia/Kuwait] [orange] migration failed 000_runner_baseline.sql: SQLSTATE[42000]: Syntax error or access violation: 1064 You have an error in your SQL syntax; check the manual that corresponds to your MariaDB server version for the right syntax to use near 'الترحيلات يع?
ل؛ لا يغيّر بيانات.
SET @orange_schem...' at line 1
[21-Apr-2026 02:57:29 Asia/Kuwait] [orange] migration failed 000_runner_baseline.sql: SQLSTATE[42000]: Syntax error or access violation: 1064 You have an error in your SQL syntax; check the manual that corresponds to your MariaDB server version for the right syntax to use near 'الترحيلات يع?
ل؛ لا يغيّر بيانات.
SET @orange_schem...' at line 1
[21-Apr-2026 02:57:29 Asia/Kuwait] [orange] migration failed 000_runner_baseline.sql: SQLSTATE[42000]: Syntax error or access violation: 1064 You have an error in your SQL syntax; check the manual that corresponds to your MariaDB server version for the right syntax to use near 'الترحيلات يع?
ل؛ لا يغيّر بيانات.
SET @orange_schem...' at line 1
[21-Apr-2026 02:57:30 Asia/Kuwait] [orange] migration failed 000_runner_baseline.sql: SQLSTATE[42000]: Syntax error or access violation: 1064 You have an error in your SQL syntax; check the manual that corresponds to your MariaDB server version for the right syntax to use near 'الترحيلات يع?
ل؛ لا يغيّر بيانات.
SET @orange_schem...' at line 1
[21-Apr-2026 02:57:31 Asia/Kuwait] [orange] migration failed 000_runner_baseline.sql: SQLSTATE[42000]: Syntax error or access violation: 1064 You have an error in your SQL syntax; check the manual that corresponds to your MariaDB server version for the right syntax to use near 'الترحيلات يع?
ل؛ لا يغيّر بيانات.
SET @orange_schem...' at line 1
[21-Apr-2026 02:57:31 Asia/Kuwait] [orange] migration failed 000_runner_baseline.sql: SQLSTATE[42000]: Syntax error or access violation: 1064 You have an error in your SQL syntax; check the manual that corresponds to your MariaDB server version for the right syntax to use near 'الترحيلات يع?
ل؛ لا يغيّر بيانات.
SET @orange_schem...' at line 1
[21-Apr-2026 02:57:32 Asia/Kuwait] [orange] migration failed 000_runner_baseline.sql: SQLSTATE[42000]: Syntax error or access violation: 1064 You have an error in your SQL syntax; check the manual that corresponds to your MariaDB server version for the right syntax to use near 'الترحيلات يع?
ل؛ لا يغيّر بيانات.
SET @orange_schem...' at line 1
[21-Apr-2026 02:57:33 Asia/Kuwait] [orange] migration failed 000_runner_baseline.sql: SQLSTATE[42000]: Syntax error or access violation: 1064 You have an error in your SQL syntax; check the manual that corresponds to your MariaDB server version for the right syntax to use near 'الترحيلات يع?
ل؛ لا يغيّر بيانات.
SET @orange_schem...' at line 1
[21-Apr-2026 02:57:34 Asia/Kuwait] [orange] migration failed 000_runner_baseline.sql: SQLSTATE[42000]: Syntax error or access violation: 1064 You have an error in your SQL syntax; check the manual that corresponds to your MariaDB server version for the right syntax to use near 'الترحيلات يع?
ل؛ لا يغيّر بيانات.
SET @orange_schem...' at line 1
[21-Apr-2026 02:57:34 Asia/Kuwait] [orange] migration failed 000_runner_baseline.sql: SQLSTATE[42000]: Syntax error or access violation: 1064 You have an error in your SQL syntax; check the manual that corresponds to your MariaDB server version for the right syntax to use near 'الترحيلات يع?
ل؛ لا يغيّر بيانات.
SET @orange_schem...' at line 1
[21-Apr-2026 02:57:35 Asia/Kuwait] [orange] migration failed 000_runner_baseline.sql: SQLSTATE[42000]: Syntax error or access violation: 1064 You have an error in your SQL syntax; check the manual that corresponds to your MariaDB server version for the right syntax to use near 'الترحيلات يع?
ل؛ لا يغيّر بيانات.
SET @orange_schem...' at line 1
[21-Apr-2026 02:57:36 Asia/Kuwait] [orange] migration failed 000_runner_baseline.sql: SQLSTATE[42000]: Syntax error or access violation: 1064 You have an error in your SQL syntax; check the manual that corresponds to your MariaDB server version for the right syntax to use near 'الترحيلات يع?
ل؛ لا يغيّر بيانات.
SET @orange_schem...' at line 1
[21-Apr-2026 02:57:37 Asia/Kuwait] [orange] migration failed 000_runner_baseline.sql: SQLSTATE[42000]: Syntax error or access violation: 1064 You have an error in your SQL syntax; check the manual that corresponds to your MariaDB server version for the right syntax to use near 'الترحيلات يع?
ل؛ لا يغيّر بيانات.
SET @orange_schem...' at line 1
[21-Apr-2026 02:57:38 Asia/Kuwait] [orange] migration failed 000_runner_baseline.sql: SQLSTATE[42000]: Syntax error or access violation: 1064 You have an error in your SQL syntax; check the manual that corresponds to your MariaDB server version for the right syntax to use near 'الترحيلات يع?
ل؛ لا يغيّر بيانات.
SET @orange_schem...' at line 1
[21-Apr-2026 02:57:38 Asia/Kuwait] [orange] migration failed 000_runner_baseline.sql: SQLSTATE[42000]: Syntax error or access violation: 1064 You have an error in your SQL syntax; check the manual that corresponds to your MariaDB server version for the right syntax to use near 'الترحيلات يع?
ل؛ لا يغيّر بيانات.
SET @orange_schem...' at line 1
[21-Apr-2026 02:57:39 Asia/Kuwait] [orange] migration failed 000_runner_baseline.sql: SQLSTATE[42000]: Syntax error or access violation: 1064 You have an error in your SQL syntax; check the manual that corresponds to your MariaDB server version for the right syntax to use near 'الترحيلات يع?
ل؛ لا يغيّر بيانات.
SET @orange_schem...' at line 1
[21-Apr-2026 02:57:40 Asia/Kuwait] [orange] migration failed 000_runner_baseline.sql: SQLSTATE[42000]: Syntax error or access violation: 1064 You have an error in your SQL syntax; check the manual that corresponds to your MariaDB server version for the right syntax to use near 'الترحيلات يع?
ل؛ لا يغيّر بيانات.
SET @orange_schem...' at line 1
[21-Apr-2026 02:57:41 Asia/Kuwait] [orange] migration failed 000_runner_baseline.sql: SQLSTATE[42000]: Syntax error or access violation: 1064 You have an error in your SQL syntax; check the manual that corresponds to your MariaDB server version for the right syntax to use near 'الترحيلات يع?
ل؛ لا يغيّر بيانات.
SET @orange_schem...' at line 1
[21-Apr-2026 02:57:43 Asia/Kuwait] [orange] migration failed 000_runner_baseline.sql: SQLSTATE[42000]: Syntax error or access violation: 1064 You have an error in your SQL syntax; check the manual that corresponds to your MariaDB server version for the right syntax to use near 'الترحيلات يع?
ل؛ لا يغيّر بيانات.
SET @orange_schem...' at line 1
[21-Apr-2026 02:57:44 Asia/Kuwait] [orange] migration failed 000_runner_baseline.sql: SQLSTATE[42000]: Syntax error or access violation: 1064 You have an error in your SQL syntax; check the manual that corresponds to your MariaDB server version for the right syntax to use near 'الترحيلات يع?
ل؛ لا يغيّر بيانات.
SET @orange_schem...' at line 1
[21-Apr-2026 02:57:46 Asia/Kuwait] [orange] migration failed 000_runner_baseline.sql: SQLSTATE[42000]: Syntax error or access violation: 1064 You have an error in your SQL syntax; check the manual that corresponds to your MariaDB server version for the right syntax to use near 'الترحيلات يع?
ل؛ لا يغيّر بيانات.
SET @orange_schem...' at line 1
[21-Apr-2026 02:57:46 Asia/Kuwait] [orange] migration failed 000_runner_baseline.sql: SQLSTATE[42000]: Syntax error or access violation: 1064 You have an error in your SQL syntax; check the manual that corresponds to your MariaDB server version for the right syntax to use near 'الترحيلات يع?
ل؛ لا يغيّر بيانات.
SET @orange_schem...' at line 1
[21-Apr-2026 02:57:47 Asia/Kuwait] [orange] migration failed 000_runner_baseline.sql: SQLSTATE[42000]: Syntax error or access violation: 1064 You have an error in your SQL syntax; check the manual that corresponds to your MariaDB server version for the right syntax to use near 'الترحيلات يع?
ل؛ لا يغيّر بيانات.
SET @orange_schem...' at line 1
[21-Apr-2026 02:57:48 Asia/Kuwait] [orange] migration failed 000_runner_baseline.sql: SQLSTATE[42000]: Syntax error or access violation: 1064 You have an error in your SQL syntax; check the manual that corresponds to your MariaDB server version for the right syntax to use near 'الترحيلات يع?
ل؛ لا يغيّر بيانات.
SET @orange_schem...' at line 1
[21-Apr-2026 02:57:49 Asia/Kuwait] [orange] migration failed 000_runner_baseline.sql: SQLSTATE[42000]: Syntax error or access violation: 1064 You have an error in your SQL syntax; check the manual that corresponds to your MariaDB server version for the right syntax to use near 'الترحيلات يع?
ل؛ لا يغيّر بيانات.
SET @orange_schem...' at line 1
[21-Apr-2026 02:57:50 Asia/Kuwait] [orange] migration failed 000_runner_baseline.sql: SQLSTATE[42000]: Syntax error or access violation: 1064 You have an error in your SQL syntax; check the manual that corresponds to your MariaDB server version for the right syntax to use near 'الترحيلات يع?
ل؛ لا يغيّر بيانات.
SET @orange_schem...' at line 1
[21-Apr-2026 02:57:52 Asia/Kuwait] [orange] migration failed 000_runner_baseline.sql: SQLSTATE[42000]: Syntax error or access violation: 1064 You have an error in your SQL syntax; check the manual that corresponds to your MariaDB server version for the right syntax to use near 'الترحيلات يع?
ل؛ لا يغيّر بيانات.
SET @orange_schem...' at line 1
[21-Apr-2026 02:57:52 Asia/Kuwait] [orange] migration failed 000_runner_baseline.sql: SQLSTATE[42000]: Syntax error or access violation: 1064 You have an error in your SQL syntax; check the manual that corresponds to your MariaDB server version for the right syntax to use near 'الترحيلات يع?
ل؛ لا يغيّر بيانات.
SET @orange_schem...' at line 1
[21-Apr-2026 02:57:56 Asia/Kuwait] [orange] migration failed 000_runner_baseline.sql: SQLSTATE[42000]: Syntax error or access violation: 1064 You have an error in your SQL syntax; check the manual that corresponds to your MariaDB server version for the right syntax to use near 'الترحيلات يع?
ل؛ لا يغيّر بيانات.
SET @orange_schem...' at line 1
[21-Apr-2026 02:57:56 Asia/Kuwait] [orange] migration failed 000_runner_baseline.sql: SQLSTATE[42000]: Syntax error or access violation: 1064 You have an error in your SQL syntax; check the manual that corresponds to your MariaDB server version for the right syntax to use near 'الترحيلات يع?
ل؛ لا يغيّر بيانات.
SET @orange_schem...' at line 1
[21-Apr-2026 02:57:58 Asia/Kuwait] [orange] migration failed 000_runner_baseline.sql: SQLSTATE[42000]: Syntax error or access violation: 1064 You have an error in your SQL syntax; check the manual that corresponds to your MariaDB server version for the right syntax to use near 'الترحيلات يع?
ل؛ لا يغيّر بيانات.
SET @orange_schem...' at line 1
[21-Apr-2026 02:57:59 Asia/Kuwait] [orange] migration failed 000_runner_baseline.sql: SQLSTATE[42000]: Syntax error or access violation: 1064 You have an error in your SQL syntax; check the manual that corresponds to your MariaDB server version for the right syntax to use near 'الترحيلات يع?
ل؛ لا يغيّر بيانات.
SET @orange_schem...' at line 1
[21-Apr-2026 02:58:00 Asia/Kuwait] [orange] migration failed 000_runner_baseline.sql: SQLSTATE[42000]: Syntax error or access violation: 1064 You have an error in your SQL syntax; check the manual that corresponds to your MariaDB server version for the right syntax to use near 'الترحيلات يع?
ل؛ لا يغيّر بيانات.
SET @orange_schem...' at line 1
[21-Apr-2026 02:58:01 Asia/Kuwait] [orange] migration failed 000_runner_baseline.sql: SQLSTATE[42000]: Syntax error or access violation: 1064 You have an error in your SQL syntax; check the manual that corresponds to your MariaDB server version for the right syntax to use near 'الترحيلات يع?
ل؛ لا يغيّر بيانات.
SET @orange_schem...' at line 1
[21-Apr-2026 04:09:07 Asia/Kuwait] [orange] migration failed 000_runner_baseline.sql: SQLSTATE[42000]: Syntax error or access violation: 1064 You have an error in your SQL syntax; check the manual that corresponds to your MariaDB server version for the right syntax to use near 'الترحيلات يع?
ل؛ لا يغيّر بيانات.
SET @orange_schem...' at line 1
[21-Apr-2026 04:09:07 Asia/Kuwait] [orange] migration failed 000_runner_baseline.sql: SQLSTATE[42000]: Syntax error or access violation: 1064 You have an error in your SQL syntax; check the manual that corresponds to your MariaDB server version for the right syntax to use near 'الترحيلات يع?
ل؛ لا يغيّر بيانات.
SET @orange_schem...' at line 1
[21-Apr-2026 04:11:42 Asia/Kuwait] [orange] migration failed 000_runner_baseline.sql: SQLSTATE[42000]: Syntax error or access violation: 1064 You have an error in your SQL syntax; check the manual that corresponds to your MariaDB server version for the right syntax to use near 'الترحيلات يع?
ل؛ لا يغيّر بيانات.
SET @orange_schem...' at line 1
[21-Apr-2026 04:11:44 Asia/Kuwait] [orange] migration failed 000_runner_baseline.sql: SQLSTATE[42000]: Syntax error or access violation: 1064 You have an error in your SQL syntax; check the manual that corresponds to your MariaDB server version for the right syntax to use near 'الترحيلات يع?
ل؛ لا يغيّر بيانات.
SET @orange_schem...' at line 1
[21-Apr-2026 04:29:39 Asia/Kuwait] [orange] migration failed 000_runner_baseline.sql: SQLSTATE[42000]: Syntax error or access violation: 1064 You have an error in your SQL syntax; check the manual that corresponds to your MariaDB server version for the right syntax to use near 'الترحيلات يع?
ل؛ لا يغيّر بيانات.
SET @orange_schem...' at line 1
[21-Apr-2026 04:29:40 Asia/Kuwait] [orange] migration failed 000_runner_baseline.sql: SQLSTATE[42000]: Syntax error or access violation: 1064 You have an error in your SQL syntax; check the manual that corresponds to your MariaDB server version for the right syntax to use near 'الترحيلات يع?
ل؛ لا يغيّر بيانات.
SET @orange_schem...' at line 1
[21-Apr-2026 04:44:26 Asia/Kuwait] [orange] migration failed 000_runner_baseline.sql: SQLSTATE[42000]: Syntax error or access violation: 1064 You have an error in your SQL syntax; check the manual that corresponds to your MariaDB server version for the right syntax to use near 'الترحيلات يع?
ل؛ لا يغيّر بيانات.
SET @orange_schem...' at line 1
[21-Apr-2026 04:44:31 Asia/Kuwait] [orange] migration failed 000_runner_baseline.sql: SQLSTATE[42000]: Syntax error or access violation: 1064 You have an error in your SQL syntax; check the manual that corresponds to your MariaDB server version for the right syntax to use near 'الترحيلات يع?
ل؛ لا يغيّر بيانات.
SET @orange_schem...' at line 1
[21-Apr-2026 04:45:09 Asia/Kuwait] [orange] migration failed 000_runner_baseline.sql: SQLSTATE[42000]: Syntax error or access violation: 1064 You have an error in your SQL syntax; check the manual that corresponds to your MariaDB server version for the right syntax to use near 'الترحيلات يع?
ل؛ لا يغيّر بيانات.
SET @orange_schem...' at line 1
[21-Apr-2026 04:47:08 Asia/Kuwait] [orange] migration failed 000_runner_baseline.sql: SQLSTATE[42000]: Syntax error or access violation: 1064 You have an error in your SQL syntax; check the manual that corresponds to your MariaDB server version for the right syntax to use near 'الترحيلات يع?
ل؛ لا يغيّر بيانات.
SET @orange_schem...' at line 1
[21-Apr-2026 04:57:20 Asia/Kuwait] [orange] migration failed 000_runner_baseline.sql: SQLSTATE[42000]: Syntax error or access violation: 1064 You have an error in your SQL syntax; check the manual that corresponds to your MariaDB server version for the right syntax to use near 'الترحيلات يع?
ل؛ لا يغيّر بيانات.
SET @orange_schem...' at line 1
[21-Apr-2026 04:57:22 Asia/Kuwait] [orange] migration failed 000_runner_baseline.sql: SQLSTATE[42000]: Syntax error or access violation: 1064 You have an error in your SQL syntax; check the manual that corresponds to your MariaDB server version for the right syntax to use near 'الترحيلات يع?
ل؛ لا يغيّر بيانات.
SET @orange_schem...' at line 1
[21-Apr-2026 05:04:40 Asia/Kuwait] [orange] migration failed 000_runner_baseline.sql: SQLSTATE[42000]: Syntax error or access violation: 1064 You have an error in your SQL syntax; check the manual that corresponds to your MariaDB server version for the right syntax to use near 'الترحيلات يع?
ل؛ لا يغيّر بيانات.
SET @orange_schem...' at line 1
[21-Apr-2026 05:04:41 Asia/Kuwait] [orange] migration failed 000_runner_baseline.sql: SQLSTATE[42000]: Syntax error or access violation: 1064 You have an error in your SQL syntax; check the manual that corresponds to your MariaDB server version for the right syntax to use near 'الترحيلات يع?
ل؛ لا يغيّر بيانات.
SET @orange_schem...' at line 1
[21-Apr-2026 05:08:56 Asia/Kuwait] [orange] migration failed 000_runner_baseline.sql: SQLSTATE[42000]: Syntax error or access violation: 1064 You have an error in your SQL syntax; check the manual that corresponds to your MariaDB server version for the right syntax to use near 'الترحيلات يع?
ل؛ لا يغيّر بيانات.
SET @orange_schem...' at line 1
[21-Apr-2026 05:08:57 Asia/Kuwait] [orange] migration failed 000_runner_baseline.sql: SQLSTATE[42000]: Syntax error or access violation: 1064 You have an error in your SQL syntax; check the manual that corresponds to your MariaDB server version for the right syntax to use near 'الترحيلات يع?
ل؛ لا يغيّر بيانات.
SET @orange_schem...' at line 1
[21-Apr-2026 05:10:17 Asia/Kuwait] [orange] migration failed 000_runner_baseline.sql: SQLSTATE[42000]: Syntax error or access violation: 1064 You have an error in your SQL syntax; check the manual that corresponds to your MariaDB server version for the right syntax to use near 'الترحيلات يع?
ل؛ لا يغيّر بيانات.
SET @orange_schem...' at line 1
[21-Apr-2026 05:14:22 Asia/Kuwait] [orange] migration failed 000_runner_baseline.sql: SQLSTATE[42000]: Syntax error or access violation: 1064 You have an error in your SQL syntax; check the manual that corresponds to your MariaDB server version for the right syntax to use near 'الترحيلات يع?
ل؛ لا يغيّر بيانات.
SET @orange_schem...' at line 1
[21-Apr-2026 05:14:23 Asia/Kuwait] [orange] migration failed 000_runner_baseline.sql: SQLSTATE[42000]: Syntax error or access violation: 1064 You have an error in your SQL syntax; check the manual that corresponds to your MariaDB server version for the right syntax to use near 'الترحيلات يع?
ل؛ لا يغيّر بيانات.
SET @orange_schem...' at line 1
[21-Apr-2026 05:14:25 Asia/Kuwait] [orange] migration failed 000_runner_baseline.sql: SQLSTATE[42000]: Syntax error or access violation: 1064 You have an error in your SQL syntax; check the manual that corresponds to your MariaDB server version for the right syntax to use near 'الترحيلات يع?
ل؛ لا يغيّر بيانات.
SET @orange_schem...' at line 1
[21-Apr-2026 05:14:26 Asia/Kuwait] [orange] migration failed 000_runner_baseline.sql: SQLSTATE[42000]: Syntax error or access violation: 1064 You have an error in your SQL syntax; check the manual that corresponds to your MariaDB server version for the right syntax to use near 'الترحيلات يع?
ل؛ لا يغيّر بيانات.
SET @orange_schem...' at line 1
[21-Apr-2026 05:51:37 Asia/Kuwait] [orange] migration failed 000_runner_baseline.sql: SQLSTATE[42000]: Syntax error or access violation: 1064 You have an error in your SQL syntax; check the manual that corresponds to your MariaDB server version for the right syntax to use near 'الترحيلات يع?
ل؛ لا يغيّر بيانات.
SET @orange_schem...' at line 1
[21-Apr-2026 05:51:38 Asia/Kuwait] [orange] migration failed 000_runner_baseline.sql: SQLSTATE[42000]: Syntax error or access violation: 1064 You have an error in your SQL syntax; check the manual that corresponds to your MariaDB server version for the right syntax to use near 'الترحيلات يع?
ل؛ لا يغيّر بيانات.
SET @orange_schem...' at line 1
[21-Apr-2026 05:51:38 Asia/Kuwait] [orange] migration failed 000_runner_baseline.sql: SQLSTATE[42000]: Syntax error or access violation: 1064 You have an error in your SQL syntax; check the manual that corresponds to your MariaDB server version for the right syntax to use near 'الترحيلات يع?
ل؛ لا يغيّر بيانات.
SET @orange_schem...' at line 1
[21-Apr-2026 05:51:39 Asia/Kuwait] [orange] migration failed 000_runner_baseline.sql: SQLSTATE[42000]: Syntax error or access violation: 1064 You have an error in your SQL syntax; check the manual that corresponds to your MariaDB server version for the right syntax to use near 'الترحيلات يع?
ل؛ لا يغيّر بيانات.
SET @orange_schem...' at line 1
[21-Apr-2026 05:51:40 Asia/Kuwait] [orange] migration failed 000_runner_baseline.sql: SQLSTATE[42000]: Syntax error or access violation: 1064 You have an error in your SQL syntax; check the manual that corresponds to your MariaDB server version for the right syntax to use near 'الترحيلات يع?
ل؛ لا يغيّر بيانات.
SET @orange_schem...' at line 1
[21-Apr-2026 05:51:40 Asia/Kuwait] [orange] migration failed 000_runner_baseline.sql: SQLSTATE[42000]: Syntax error or access violation: 1064 You have an error in your SQL syntax; check the manual that corresponds to your MariaDB server version for the right syntax to use near 'الترحيلات يع?
ل؛ لا يغيّر بيانات.
SET @orange_schem...' at line 1
[21-Apr-2026 05:51:41 Asia/Kuwait] [orange] migration failed 000_runner_baseline.sql: SQLSTATE[42000]: Syntax error or access violation: 1064 You have an error in your SQL syntax; check the manual that corresponds to your MariaDB server version for the right syntax to use near 'الترحيلات يع?
ل؛ لا يغيّر بيانات.
SET @orange_schem...' at line 1
[21-Apr-2026 05:51:41 Asia/Kuwait] [orange] migration failed 000_runner_baseline.sql: SQLSTATE[42000]: Syntax error or access violation: 1064 You have an error in your SQL syntax; check the manual that corresponds to your MariaDB server version for the right syntax to use near 'الترحيلات يع?
ل؛ لا يغيّر بيانات.
SET @orange_schem...' at line 1
[21-Apr-2026 05:51:42 Asia/Kuwait] [orange] migration failed 000_runner_baseline.sql: SQLSTATE[42000]: Syntax error or access violation: 1064 You have an error in your SQL syntax; check the manual that corresponds to your MariaDB server version for the right syntax to use near 'الترحيلات يع?
ل؛ لا يغيّر بيانات.
SET @orange_schem...' at line 1
[21-Apr-2026 05:51:43 Asia/Kuwait] [orange] migration failed 000_runner_baseline.sql: SQLSTATE[42000]: Syntax error or access violation: 1064 You have an error in your SQL syntax; check the manual that corresponds to your MariaDB server version for the right syntax to use near 'الترحيلات يع?
ل؛ لا يغيّر بيانات.
SET @orange_schem...' at line 1
[21-Apr-2026 05:51:43 Asia/Kuwait] [orange] migration failed 000_runner_baseline.sql: SQLSTATE[42000]: Syntax error or access violation: 1064 You have an error in your SQL syntax; check the manual that corresponds to your MariaDB server version for the right syntax to use near 'الترحيلات يع?
ل؛ لا يغيّر بيانات.
SET @orange_schem...' at line 1
[21-Apr-2026 05:51:44 Asia/Kuwait] [orange] migration failed 000_runner_baseline.sql: SQLSTATE[42000]: Syntax error or access violation: 1064 You have an error in your SQL syntax; check the manual that corresponds to your MariaDB server version for the right syntax to use near 'الترحيلات يع?
ل؛ لا يغيّر بيانات.
SET @orange_schem...' at line 1
[21-Apr-2026 05:51:45 Asia/Kuwait] [orange] migration failed 000_runner_baseline.sql: SQLSTATE[42000]: Syntax error or access violation: 1064 You have an error in your SQL syntax; check the manual that corresponds to your MariaDB server version for the right syntax to use near 'الترحيلات يع?
ل؛ لا يغيّر بيانات.
SET @orange_schem...' at line 1
[21-Apr-2026 05:51:45 Asia/Kuwait] [orange] migration failed 000_runner_baseline.sql: SQLSTATE[42000]: Syntax error or access violation: 1064 You have an error in your SQL syntax; check the manual that corresponds to your MariaDB server version for the right syntax to use near 'الترحيلات يع?
ل؛ لا يغيّر بيانات.
SET @orange_schem...' at line 1
[21-Apr-2026 05:51:46 Asia/Kuwait] [orange] migration failed 000_runner_baseline.sql: SQLSTATE[42000]: Syntax error or access violation: 1064 You have an error in your SQL syntax; check the manual that corresponds to your MariaDB server version for the right syntax to use near 'الترحيلات يع?
ل؛ لا يغيّر بيانات.
SET @orange_schem...' at line 1
[21-Apr-2026 05:51:47 Asia/Kuwait] [orange] migration failed 000_runner_baseline.sql: SQLSTATE[42000]: Syntax error or access violation: 1064 You have an error in your SQL syntax; check the manual that corresponds to your MariaDB server version for the right syntax to use near 'الترحيلات يع?
ل؛ لا يغيّر بيانات.
SET @orange_schem...' at line 1
[21-Apr-2026 05:51:47 Asia/Kuwait] [orange] migration failed 000_runner_baseline.sql: SQLSTATE[42000]: Syntax error or access violation: 1064 You have an error in your SQL syntax; check the manual that corresponds to your MariaDB server version for the right syntax to use near 'الترحيلات يع?
ل؛ لا يغيّر بيانات.
SET @orange_schem...' at line 1
[21-Apr-2026 05:51:48 Asia/Kuwait] [orange] migration failed 000_runner_baseline.sql: SQLSTATE[42000]: Syntax error or access violation: 1064 You have an error in your SQL syntax; check the manual that corresponds to your MariaDB server version for the right syntax to use near 'الترحيلات يع?
ل؛ لا يغيّر بيانات.
SET @orange_schem...' at line 1
[21-Apr-2026 05:51:49 Asia/Kuwait] [orange] migration failed 000_runner_baseline.sql: SQLSTATE[42000]: Syntax error or access violation: 1064 You have an error in your SQL syntax; check the manual that corresponds to your MariaDB server version for the right syntax to use near 'الترحيلات يع?
ل؛ لا يغيّر بيانات.
SET @orange_schem...' at line 1
[21-Apr-2026 05:51:49 Asia/Kuwait] [orange] migration failed 000_runner_baseline.sql: SQLSTATE[42000]: Syntax error or access violation: 1064 You have an error in your SQL syntax; check the manual that corresponds to your MariaDB server version for the right syntax to use near 'الترحيلات يع?
ل؛ لا يغيّر بيانات.
SET @orange_schem...' at line 1
[21-Apr-2026 06:35:34 Asia/Kuwait] [orange] migration failed 000_runner_baseline.sql: SQLSTATE[42000]: Syntax error or access violation: 1064 You have an error in your SQL syntax; check the manual that corresponds to your MariaDB server version for the right syntax to use near 'الترحيلات يع?
ل؛ لا يغيّر بيانات.
SET @orange_schem...' at line 1
[21-Apr-2026 06:35:37 Asia/Kuwait] [orange] migration failed 000_runner_baseline.sql: SQLSTATE[42000]: Syntax error or access violation: 1064 You have an error in your SQL syntax; check the manual that corresponds to your MariaDB server version for the right syntax to use near 'الترحيلات يع?
ل؛ لا يغيّر بيانات.
SET @orange_schem...' at line 1
[21-Apr-2026 07:25:09 Asia/Kuwait] [orange] migration failed 000_runner_baseline.sql: SQLSTATE[42000]: Syntax error or access violation: 1064 You have an error in your SQL syntax; check the manual that corresponds to your MariaDB server version for the right syntax to use near 'الترحيلات يع?
ل؛ لا يغيّر بيانات.
SET @orange_schem...' at line 1
[21-Apr-2026 07:25:10 Asia/Kuwait] [orange] migration failed 000_runner_baseline.sql: SQLSTATE[42000]: Syntax error or access violation: 1064 You have an error in your SQL syntax; check the manual that corresponds to your MariaDB server version for the right syntax to use near 'الترحيلات يع?
ل؛ لا يغيّر بيانات.
SET @orange_schem...' at line 1
[21-Apr-2026 07:25:10 Asia/Kuwait] [orange] migration failed 000_runner_baseline.sql: SQLSTATE[42000]: Syntax error or access violation: 1064 You have an error in your SQL syntax; check the manual that corresponds to your MariaDB server version for the right syntax to use near 'الترحيلات يع?
ل؛ لا يغيّر بيانات.
SET @orange_schem...' at line 1
[21-Apr-2026 07:25:11 Asia/Kuwait] [orange] migration failed 000_runner_baseline.sql: SQLSTATE[42000]: Syntax error or access violation: 1064 You have an error in your SQL syntax; check the manual that corresponds to your MariaDB server version for the right syntax to use near 'الترحيلات يع?
ل؛ لا يغيّر بيانات.
SET @orange_schem...' at line 1
[21-Apr-2026 07:25:11 Asia/Kuwait] [orange] migration failed 000_runner_baseline.sql: SQLSTATE[42000]: Syntax error or access violation: 1064 You have an error in your SQL syntax; check the manual that corresponds to your MariaDB server version for the right syntax to use near 'الترحيلات يع?
ل؛ لا يغيّر بيانات.
SET @orange_schem...' at line 1
[21-Apr-2026 07:25:12 Asia/Kuwait] [orange] migration failed 000_runner_baseline.sql: SQLSTATE[42000]: Syntax error or access violation: 1064 You have an error in your SQL syntax; check the manual that corresponds to your MariaDB server version for the right syntax to use near 'الترحيلات يع?
ل؛ لا يغيّر بيانات.
SET @orange_schem...' at line 1
[21-Apr-2026 07:25:12 Asia/Kuwait] [orange] migration failed 000_runner_baseline.sql: SQLSTATE[42000]: Syntax error or access violation: 1064 You have an error in your SQL syntax; check the manual that corresponds to your MariaDB server version for the right syntax to use near 'الترحيلات يع?
ل؛ لا يغيّر بيانات.
SET @orange_schem...' at line 1
[21-Apr-2026 07:25:13 Asia/Kuwait] [orange] migration failed 000_runner_baseline.sql: SQLSTATE[42000]: Syntax error or access violation: 1064 You have an error in your SQL syntax; check the manual that corresponds to your MariaDB server version for the right syntax to use near 'الترحيلات يع?
ل؛ لا يغيّر بيانات.
SET @orange_schem...' at line 1
[21-Apr-2026 07:25:13 Asia/Kuwait] [orange] migration failed 000_runner_baseline.sql: SQLSTATE[42000]: Syntax error or access violation: 1064 You have an error in your SQL syntax; check the manual that corresponds to your MariaDB server version for the right syntax to use near 'الترحيلات يع?
ل؛ لا يغيّر بيانات.
SET @orange_schem...' at line 1
[21-Apr-2026 07:25:14 Asia/Kuwait] [orange] migration failed 000_runner_baseline.sql: SQLSTATE[42000]: Syntax error or access violation: 1064 You have an error in your SQL syntax; check the manual that corresponds to your MariaDB server version for the right syntax to use near 'الترحيلات يع?
ل؛ لا يغيّر بيانات.
SET @orange_schem...' at line 1
[21-Apr-2026 07:25:14 Asia/Kuwait] [orange] migration failed 000_runner_baseline.sql: SQLSTATE[42000]: Syntax error or access violation: 1064 You have an error in your SQL syntax; check the manual that corresponds to your MariaDB server version for the right syntax to use near 'الترحيلات يع?
ل؛ لا يغيّر بيانات.
SET @orange_schem...' at line 1
[21-Apr-2026 07:25:15 Asia/Kuwait] [orange] migration failed 000_runner_baseline.sql: SQLSTATE[42000]: Syntax error or access violation: 1064 You have an error in your SQL syntax; check the manual that corresponds to your MariaDB server version for the right syntax to use near 'الترحيلات يع?
ل؛ لا يغيّر بيانات.
SET @orange_schem...' at line 1
[21-Apr-2026 07:25:15 Asia/Kuwait] [orange] migration failed 000_runner_baseline.sql: SQLSTATE[42000]: Syntax error or access violation: 1064 You have an error in your SQL syntax; check the manual that corresponds to your MariaDB server version for the right syntax to use near 'الترحيلات يع?
ل؛ لا يغيّر بيانات.
SET @orange_schem...' at line 1
[21-Apr-2026 07:25:16 Asia/Kuwait] [orange] migration failed 000_runner_baseline.sql: SQLSTATE[42000]: Syntax error or access violation: 1064 You have an error in your SQL syntax; check the manual that corresponds to your MariaDB server version for the right syntax to use near 'الترحيلات يع?
ل؛ لا يغيّر بيانات.
SET @orange_schem...' at line 1
[21-Apr-2026 07:25:16 Asia/Kuwait] [orange] migration failed 000_runner_baseline.sql: SQLSTATE[42000]: Syntax error or access violation: 1064 You have an error in your SQL syntax; check the manual that corresponds to your MariaDB server version for the right syntax to use near 'الترحيلات يع?
ل؛ لا يغيّر بيانات.
SET @orange_schem...' at line 1
[21-Apr-2026 07:25:17 Asia/Kuwait] [orange] migration failed 000_runner_baseline.sql: SQLSTATE[42000]: Syntax error or access violation: 1064 You have an error in your SQL syntax; check the manual that corresponds to your MariaDB server version for the right syntax to use near 'الترحيلات يع?
ل؛ لا يغيّر بيانات.
SET @orange_schem...' at line 1
[21-Apr-2026 07:25:17 Asia/Kuwait] [orange] migration failed 000_runner_baseline.sql: SQLSTATE[42000]: Syntax error or access violation: 1064 You have an error in your SQL syntax; check the manual that corresponds to your MariaDB server version for the right syntax to use near 'الترحيلات يع?
ل؛ لا يغيّر بيانات.
SET @orange_schem...' at line 1
[21-Apr-2026 07:25:18 Asia/Kuwait] [orange] migration failed 000_runner_baseline.sql: SQLSTATE[42000]: Syntax error or access violation: 1064 You have an error in your SQL syntax; check the manual that corresponds to your MariaDB server version for the right syntax to use near 'الترحيلات يع?
ل؛ لا يغيّر بيانات.
SET @orange_schem...' at line 1
[21-Apr-2026 07:25:18 Asia/Kuwait] [orange] migration failed 000_runner_baseline.sql: SQLSTATE[42000]: Syntax error or access violation: 1064 You have an error in your SQL syntax; check the manual that corresponds to your MariaDB server version for the right syntax to use near 'الترحيلات يع?
ل؛ لا يغيّر بيانات.
SET @orange_schem...' at line 1
[21-Apr-2026 07:25:19 Asia/Kuwait] [orange] migration failed 000_runner_baseline.sql: SQLSTATE[42000]: Syntax error or access violation: 1064 You have an error in your SQL syntax; check the manual that corresponds to your MariaDB server version for the right syntax to use near 'الترحيلات يع?
ل؛ لا يغيّر بيانات.
SET @orange_schem...' at line 1
[21-Apr-2026 07:51:33 Asia/Kuwait] [orange] migration failed 000_runner_baseline.sql: SQLSTATE[42000]: Syntax error or access violation: 1064 You have an error in your SQL syntax; check the manual that corresponds to your MariaDB server version for the right syntax to use near 'الترحيلات يع?
ل؛ لا يغيّر بيانات.
SET @orange_schem...' at line 1
[21-Apr-2026 07:51:33 Asia/Kuwait] [orange] migration failed 000_runner_baseline.sql: SQLSTATE[42000]: Syntax error or access violation: 1064 You have an error in your SQL syntax; check the manual that corresponds to your MariaDB server version for the right syntax to use near 'الترحيلات يع?
ل؛ لا يغيّر بيانات.
SET @orange_schem...' at line 1
[21-Apr-2026 07:51:34 Asia/Kuwait] [orange] migration failed 000_runner_baseline.sql: SQLSTATE[42000]: Syntax error or access violation: 1064 You have an error in your SQL syntax; check the manual that corresponds to your MariaDB server version for the right syntax to use near 'الترحيلات يع?
ل؛ لا يغيّر بيانات.
SET @orange_schem...' at line 1
[21-Apr-2026 07:51:34 Asia/Kuwait] [orange] migration failed 000_runner_baseline.sql: SQLSTATE[42000]: Syntax error or access violation: 1064 You have an error in your SQL syntax; check the manual that corresponds to your MariaDB server version for the right syntax to use near 'الترحيلات يع?
ل؛ لا يغيّر بيانات.
SET @orange_schem...' at line 1
[21-Apr-2026 07:51:35 Asia/Kuwait] [orange] migration failed 000_runner_baseline.sql: SQLSTATE[42000]: Syntax error or access violation: 1064 You have an error in your SQL syntax; check the manual that corresponds to your MariaDB server version for the right syntax to use near 'الترحيلات يع?
ل؛ لا يغيّر بيانات.
SET @orange_schem...' at line 1
[21-Apr-2026 07:51:35 Asia/Kuwait] [orange] migration failed 000_runner_baseline.sql: SQLSTATE[42000]: Syntax error or access violation: 1064 You have an error in your SQL syntax; check the manual that corresponds to your MariaDB server version for the right syntax to use near 'الترحيلات يع?
ل؛ لا يغيّر بيانات.
SET @orange_schem...' at line 1
[21-Apr-2026 07:51:35 Asia/Kuwait] [orange] migration failed 000_runner_baseline.sql: SQLSTATE[42000]: Syntax error or access violation: 1064 You have an error in your SQL syntax; check the manual that corresponds to your MariaDB server version for the right syntax to use near 'الترحيلات يع?
ل؛ لا يغيّر بيانات.
SET @orange_schem...' at line 1
[21-Apr-2026 07:51:36 Asia/Kuwait] [orange] migration failed 000_runner_baseline.sql: SQLSTATE[42000]: Syntax error or access violation: 1064 You have an error in your SQL syntax; check the manual that corresponds to your MariaDB server version for the right syntax to use near 'الترحيلات يع?
ل؛ لا يغيّر بيانات.
SET @orange_schem...' at line 1
[21-Apr-2026 07:51:37 Asia/Kuwait] [orange] migration failed 000_runner_baseline.sql: SQLSTATE[42000]: Syntax error or access violation: 1064 You have an error in your SQL syntax; check the manual that corresponds to your MariaDB server version for the right syntax to use near 'الترحيلات يع?
ل؛ لا يغيّر بيانات.
SET @orange_schem...' at line 1
[21-Apr-2026 08:21:31 Asia/Kuwait] [orange] migration failed 000_runner_baseline.sql: SQLSTATE[42000]: Syntax error or access violation: 1064 You have an error in your SQL syntax; check the manual that corresponds to your MariaDB server version for the right syntax to use near 'الترحيلات يع?
ل؛ لا يغيّر بيانات.
SET @orange_schem...' at line 1
[21-Apr-2026 08:21:32 Asia/Kuwait] [orange] migration failed 000_runner_baseline.sql: SQLSTATE[42000]: Syntax error or access violation: 1064 You have an error in your SQL syntax; check the manual that corresponds to your MariaDB server version for the right syntax to use near 'الترحيلات يع?
ل؛ لا يغيّر بيانات.
SET @orange_schem...' at line 1
[21-Apr-2026 10:00:38 Asia/Kuwait] [orange] migration failed 000_runner_baseline.sql: SQLSTATE[42000]: Syntax error or access violation: 1064 You have an error in your SQL syntax; check the manual that corresponds to your MariaDB server version for the right syntax to use near 'الترحيلات يع?
ل؛ لا يغيّر بيانات.
SET @orange_schem...' at line 1
[21-Apr-2026 10:00:39 Asia/Kuwait] [orange] migration failed 000_runner_baseline.sql: SQLSTATE[42000]: Syntax error or access violation: 1064 You have an error in your SQL syntax; check the manual that corresponds to your MariaDB server version for the right syntax to use near 'الترحيلات يع?
ل؛ لا يغيّر بيانات.
SET @orange_schem...' at line 1
[21-Apr-2026 10:00:40 Asia/Kuwait] [orange] migration failed 000_runner_baseline.sql: SQLSTATE[42000]: Syntax error or access violation: 1064 You have an error in your SQL syntax; check the manual that corresponds to your MariaDB server version for the right syntax to use near 'الترحيلات يع?
ل؛ لا يغيّر بيانات.
SET @orange_schem...' at line 1
[21-Apr-2026 10:00:40 Asia/Kuwait] [orange] migration failed 000_runner_baseline.sql: SQLSTATE[42000]: Syntax error or access violation: 1064 You have an error in your SQL syntax; check the manual that corresponds to your MariaDB server version for the right syntax to use near 'الترحيلات يع?
ل؛ لا يغيّر بيانات.
SET @orange_schem...' at line 1
[21-Apr-2026 10:16:30 Asia/Kuwait] [orange] migration failed 000_runner_baseline.sql: SQLSTATE[42000]: Syntax error or access violation: 1064 You have an error in your SQL syntax; check the manual that corresponds to your MariaDB server version for the right syntax to use near 'الترحيلات يع?
ل؛ لا يغيّر بيانات.
SET @orange_schem...' at line 1
[21-Apr-2026 10:16:30 Asia/Kuwait] [orange] migration failed 000_runner_baseline.sql: SQLSTATE[42000]: Syntax error or access violation: 1064 You have an error in your SQL syntax; check the manual that corresponds to your MariaDB server version for the right syntax to use near 'الترحيلات يع?
ل؛ لا يغيّر بيانات.
SET @orange_schem...' at line 1
[21-Apr-2026 10:16:43 Asia/Kuwait] [orange] migration failed 000_runner_baseline.sql: SQLSTATE[42000]: Syntax error or access violation: 1064 You have an error in your SQL syntax; check the manual that corresponds to your MariaDB server version for the right syntax to use near 'الترحيلات يع?
ل؛ لا يغيّر بيانات.
SET @orange_schem...' at line 1
[21-Apr-2026 10:16:55 Asia/Kuwait] [orange] migration failed 000_runner_baseline.sql: SQLSTATE[42000]: Syntax error or access violation: 1064 You have an error in your SQL syntax; check the manual that corresponds to your MariaDB server version for the right syntax to use near 'الترحيلات يع?
ل؛ لا يغيّر بيانات.
SET @orange_schem...' at line 1
[21-Apr-2026 10:17:11 Asia/Kuwait] [orange] migration failed 000_runner_baseline.sql: SQLSTATE[42000]: Syntax error or access violation: 1064 You have an error in your SQL syntax; check the manual that corresponds to your MariaDB server version for the right syntax to use near 'الترحيلات يع?
ل؛ لا يغيّر بيانات.
SET @orange_schem...' at line 1
[21-Apr-2026 10:17:12 Asia/Kuwait] [orange] migration failed 000_runner_baseline.sql: SQLSTATE[42000]: Syntax error or access violation: 1064 You have an error in your SQL syntax; check the manual that corresponds to your MariaDB server version for the right syntax to use near 'الترحيلات يع?
ل؛ لا يغيّر بيانات.
SET @orange_schem...' at line 1
[21-Apr-2026 10:55:56 Asia/Kuwait] [orange] migration failed 000_runner_baseline.sql: SQLSTATE[42000]: Syntax error or access violation: 1064 You have an error in your SQL syntax; check the manual that corresponds to your MariaDB server version for the right syntax to use near 'الترحيلات يع?
ل؛ لا يغيّر بيانات.
SET @orange_schem...' at line 1
[21-Apr-2026 10:55:56 Asia/Kuwait] [orange] migration failed 000_runner_baseline.sql: SQLSTATE[42000]: Syntax error or access violation: 1064 You have an error in your SQL syntax; check the manual that corresponds to your MariaDB server version for the right syntax to use near 'الترحيلات يع?
ل؛ لا يغيّر بيانات.
SET @orange_schem...' at line 1
[21-Apr-2026 10:55:57 Asia/Kuwait] [orange] migration failed 000_runner_baseline.sql: SQLSTATE[42000]: Syntax error or access violation: 1064 You have an error in your SQL syntax; check the manual that corresponds to your MariaDB server version for the right syntax to use near 'الترحيلات يع?
ل؛ لا يغيّر بيانات.
SET @orange_schem...' at line 1
[21-Apr-2026 10:55:58 Asia/Kuwait] [orange] migration failed 000_runner_baseline.sql: SQLSTATE[42000]: Syntax error or access violation: 1064 You have an error in your SQL syntax; check the manual that corresponds to your MariaDB server version for the right syntax to use near 'الترحيلات يع?
ل؛ لا يغيّر بيانات.
SET @orange_schem...' at line 1
[21-Apr-2026 10:55:58 Asia/Kuwait] [orange] migration failed 000_runner_baseline.sql: SQLSTATE[42000]: Syntax error or access violation: 1064 You have an error in your SQL syntax; check the manual that corresponds to your MariaDB server version for the right syntax to use near 'الترحيلات يع?
ل؛ لا يغيّر بيانات.
SET @orange_schem...' at line 1
[21-Apr-2026 10:55:59 Asia/Kuwait] [orange] migration failed 000_runner_baseline.sql: SQLSTATE[42000]: Syntax error or access violation: 1064 You have an error in your SQL syntax; check the manual that corresponds to your MariaDB server version for the right syntax to use near 'الترحيلات يع?
ل؛ لا يغيّر بيانات.
SET @orange_schem...' at line 1
[21-Apr-2026 10:56:00 Asia/Kuwait] [orange] migration failed 000_runner_baseline.sql: SQLSTATE[42000]: Syntax error or access violation: 1064 You have an error in your SQL syntax; check the manual that corresponds to your MariaDB server version for the right syntax to use near 'الترحيلات يع?
ل؛ لا يغيّر بيانات.
SET @orange_schem...' at line 1
[21-Apr-2026 10:56:00 Asia/Kuwait] [orange] migration failed 000_runner_baseline.sql: SQLSTATE[42000]: Syntax error or access violation: 1064 You have an error in your SQL syntax; check the manual that corresponds to your MariaDB server version for the right syntax to use near 'الترحيلات يع?
ل؛ لا يغيّر بيانات.
SET @orange_schem...' at line 1
[21-Apr-2026 10:56:01 Asia/Kuwait] [orange] migration failed 000_runner_baseline.sql: SQLSTATE[42000]: Syntax error or access violation: 1064 You have an error in your SQL syntax; check the manual that corresponds to your MariaDB server version for the right syntax to use near 'الترحيلات يع?
ل؛ لا يغيّر بيانات.
SET @orange_schem...' at line 1
[21-Apr-2026 10:56:02 Asia/Kuwait] [orange] migration failed 000_runner_baseline.sql: SQLSTATE[42000]: Syntax error or access violation: 1064 You have an error in your SQL syntax; check the manual that corresponds to your MariaDB server version for the right syntax to use near 'الترحيلات يع?
ل؛ لا يغيّر بيانات.
SET @orange_schem...' at line 1
[21-Apr-2026 10:56:03 Asia/Kuwait] [orange] migration failed 000_runner_baseline.sql: SQLSTATE[42000]: Syntax error or access violation: 1064 You have an error in your SQL syntax; check the manual that corresponds to your MariaDB server version for the right syntax to use near 'الترحيلات يع?
ل؛ لا يغيّر بيانات.
SET @orange_schem...' at line 1
[21-Apr-2026 10:56:04 Asia/Kuwait] [orange] migration failed 000_runner_baseline.sql: SQLSTATE[42000]: Syntax error or access violation: 1064 You have an error in your SQL syntax; check the manual that corresponds to your MariaDB server version for the right syntax to use near 'الترحيلات يع?
ل؛ لا يغيّر بيانات.
SET @orange_schem...' at line 1
[21-Apr-2026 10:56:04 Asia/Kuwait] [orange] migration failed 000_runner_baseline.sql: SQLSTATE[42000]: Syntax error or access violation: 1064 You have an error in your SQL syntax; check the manual that corresponds to your MariaDB server version for the right syntax to use near 'الترحيلات يع?
ل؛ لا يغيّر بيانات.
SET @orange_schem...' at line 1
[21-Apr-2026 10:56:05 Asia/Kuwait] [orange] migration failed 000_runner_baseline.sql: SQLSTATE[42000]: Syntax error or access violation: 1064 You have an error in your SQL syntax; check the manual that corresponds to your MariaDB server version for the right syntax to use near 'الترحيلات يع?
ل؛ لا يغيّر بيانات.
SET @orange_schem...' at line 1
[21-Apr-2026 10:56:06 Asia/Kuwait] [orange] migration failed 000_runner_baseline.sql: SQLSTATE[42000]: Syntax error or access violation: 1064 You have an error in your SQL syntax; check the manual that corresponds to your MariaDB server version for the right syntax to use near 'الترحيلات يع?
ل؛ لا يغيّر بيانات.
SET @orange_schem...' at line 1
[21-Apr-2026 12:42:07 Asia/Kuwait] [orange] migration failed 000_runner_baseline.sql: SQLSTATE[42000]: Syntax error or access violation: 1064 You have an error in your SQL syntax; check the manual that corresponds to your MariaDB server version for the right syntax to use near 'الترحيلات يع?
ل؛ لا يغيّر بيانات.
SET @orange_schem...' at line 1
[21-Apr-2026 12:42:09 Asia/Kuwait] [orange] migration failed 000_runner_baseline.sql: SQLSTATE[42000]: Syntax error or access violation: 1064 You have an error in your SQL syntax; check the manual that corresponds to your MariaDB server version for the right syntax to use near 'الترحيلات يع?
ل؛ لا يغيّر بيانات.
SET @orange_schem...' at line 1
[21-Apr-2026 12:56:52 Asia/Kuwait] [orange] migration failed 000_runner_baseline.sql: SQLSTATE[42000]: Syntax error or access violation: 1064 You have an error in your SQL syntax; check the manual that corresponds to your MariaDB server version for the right syntax to use near 'الترحيلات يع?
ل؛ لا يغيّر بيانات.
SET @orange_schem...' at line 1
[21-Apr-2026 12:56:54 Asia/Kuwait] [orange] migration failed 000_runner_baseline.sql: SQLSTATE[42000]: Syntax error or access violation: 1064 You have an error in your SQL syntax; check the manual that corresponds to your MariaDB server version for the right syntax to use near 'الترحيلات يع?
ل؛ لا يغيّر بيانات.
SET @orange_schem...' at line 1
[21-Apr-2026 14:06:39 Asia/Kuwait] [orange] migration failed 000_runner_baseline.sql: SQLSTATE[42000]: Syntax error or access violation: 1064 You have an error in your SQL syntax; check the manual that corresponds to your MariaDB server version for the right syntax to use near 'الترحيلات يع?
ل؛ لا يغيّر بيانات.
SET @orange_schem...' at line 1
[21-Apr-2026 14:06:39 Asia/Kuwait] [orange] migration failed 000_runner_baseline.sql: SQLSTATE[42000]: Syntax error or access violation: 1064 You have an error in your SQL syntax; check the manual that corresponds to your MariaDB server version for the right syntax to use near 'الترحيلات يع?
ل؛ لا يغيّر بيانات.
SET @orange_schem...' at line 1
[21-Apr-2026 14:06:40 Asia/Kuwait] [orange] migration failed 000_runner_baseline.sql: SQLSTATE[42000]: Syntax error or access violation: 1064 You have an error in your SQL syntax; check the manual that corresponds to your MariaDB server version for the right syntax to use near 'الترحيلات يع?
ل؛ لا يغيّر بيانات.
SET @orange_schem...' at line 1
[21-Apr-2026 14:06:40 Asia/Kuwait] [orange] migration failed 000_runner_baseline.sql: SQLSTATE[42000]: Syntax error or access violation: 1064 You have an error in your SQL syntax; check the manual that corresponds to your MariaDB server version for the right syntax to use near 'الترحيلات يع?
ل؛ لا يغيّر بيانات.
SET @orange_schem...' at line 1
[21-Apr-2026 14:15:59 Asia/Kuwait] [orange] migration failed 000_runner_baseline.sql: SQLSTATE[42000]: Syntax error or access violation: 1064 You have an error in your SQL syntax; check the manual that corresponds to your MariaDB server version for the right syntax to use near 'الترحيلات يع?
ل؛ لا يغيّر بيانات.
SET @orange_schem...' at line 1
[21-Apr-2026 14:16:02 Asia/Kuwait] [orange] migration failed 000_runner_baseline.sql: SQLSTATE[42000]: Syntax error or access violation: 1064 You have an error in your SQL syntax; check the manual that corresponds to your MariaDB server version for the right syntax to use near 'الترحيلات يع?
ل؛ لا يغيّر بيانات.
SET @orange_schem...' at line 1
[21-Apr-2026 14:16:11 Asia/Kuwait] [orange] migration failed 000_runner_baseline.sql: SQLSTATE[42000]: Syntax error or access violation: 1064 You have an error in your SQL syntax; check the manual that corresponds to your MariaDB server version for the right syntax to use near 'الترحيلات يع?
ل؛ لا يغيّر بيانات.
SET @orange_schem...' at line 1
[21-Apr-2026 14:16:12 Asia/Kuwait] [orange] migration failed 000_runner_baseline.sql: SQLSTATE[42000]: Syntax error or access violation: 1064 You have an error in your SQL syntax; check the manual that corresponds to your MariaDB server version for the right syntax to use near 'الترحيلات يع?
ل؛ لا يغيّر بيانات.
SET @orange_schem...' at line 1
[21-Apr-2026 14:16:15 Asia/Kuwait] [orange] migration failed 000_runner_baseline.sql: SQLSTATE[42000]: Syntax error or access violation: 1064 You have an error in your SQL syntax; check the manual that corresponds to your MariaDB server version for the right syntax to use near 'الترحيلات يع?
ل؛ لا يغيّر بيانات.
SET @orange_schem...' at line 1
[21-Apr-2026 14:16:15 Asia/Kuwait] [orange] migration failed 000_runner_baseline.sql: SQLSTATE[42000]: Syntax error or access violation: 1064 You have an error in your SQL syntax; check the manual that corresponds to your MariaDB server version for the right syntax to use near 'الترحيلات يع?
ل؛ لا يغيّر بيانات.
SET @orange_schem...' at line 1
[21-Apr-2026 14:16:51 Asia/Kuwait] [orange] migration failed 000_runner_baseline.sql: SQLSTATE[42000]: Syntax error or access violation: 1064 You have an error in your SQL syntax; check the manual that corresponds to your MariaDB server version for the right syntax to use near 'الترحيلات يع?
ل؛ لا يغيّر بيانات.
SET @orange_schem...' at line 1
[21-Apr-2026 14:16:51 Asia/Kuwait] [orange] migration failed 000_runner_baseline.sql: SQLSTATE[42000]: Syntax error or access violation: 1064 You have an error in your SQL syntax; check the manual that corresponds to your MariaDB server version for the right syntax to use near 'الترحيلات يع?
ل؛ لا يغيّر بيانات.
SET @orange_schem...' at line 1
[21-Apr-2026 14:53:11 Asia/Kuwait] [orange] migration failed 000_runner_baseline.sql: SQLSTATE[42000]: Syntax error or access violation: 1064 You have an error in your SQL syntax; check the manual that corresponds to your MariaDB server version for the right syntax to use near 'الترحيلات يع?
ل؛ لا يغيّر بيانات.
SET @orange_schem...' at line 1
[21-Apr-2026 14:53:12 Asia/Kuwait] [orange] migration failed 000_runner_baseline.sql: SQLSTATE[42000]: Syntax error or access violation: 1064 You have an error in your SQL syntax; check the manual that corresponds to your MariaDB server version for the right syntax to use near 'الترحيلات يع?
ل؛ لا يغيّر بيانات.
SET @orange_schem...' at line 1
[21-Apr-2026 15:01:29 Asia/Kuwait] [orange] migration failed 000_runner_baseline.sql: SQLSTATE[42000]: Syntax error or access violation: 1064 You have an error in your SQL syntax; check the manual that corresponds to your MariaDB server version for the right syntax to use near 'الترحيلات يع?
ل؛ لا يغيّر بيانات.
SET @orange_schem...' at line 1
[21-Apr-2026 15:01:33 Asia/Kuwait] [orange] migration failed 000_runner_baseline.sql: SQLSTATE[42000]: Syntax error or access violation: 1064 You have an error in your SQL syntax; check the manual that corresponds to your MariaDB server version for the right syntax to use near 'الترحيلات يع?
ل؛ لا يغيّر بيانات.
SET @orange_schem...' at line 1
[21-Apr-2026 15:01:35 Asia/Kuwait] [orange] migration failed 000_runner_baseline.sql: SQLSTATE[42000]: Syntax error or access violation: 1064 You have an error in your SQL syntax; check the manual that corresponds to your MariaDB server version for the right syntax to use near 'الترحيلات يع?
ل؛ لا يغيّر بيانات.
SET @orange_schem...' at line 1
[21-Apr-2026 15:01:36 Asia/Kuwait] [orange] migration failed 000_runner_baseline.sql: SQLSTATE[42000]: Syntax error or access violation: 1064 You have an error in your SQL syntax; check the manual that corresponds to your MariaDB server version for the right syntax to use near 'الترحيلات يع?
ل؛ لا يغيّر بيانات.
SET @orange_schem...' at line 1
[21-Apr-2026 15:04:12 Asia/Kuwait] [orange] migration failed 000_runner_baseline.sql: SQLSTATE[42000]: Syntax error or access violation: 1064 You have an error in your SQL syntax; check the manual that corresponds to your MariaDB server version for the right syntax to use near 'الترحيلات يع?
ل؛ لا يغيّر بيانات.
SET @orange_schem...' at line 1
[21-Apr-2026 15:04:20 Asia/Kuwait] [orange] migration failed 000_runner_baseline.sql: SQLSTATE[42000]: Syntax error or access violation: 1064 You have an error in your SQL syntax; check the manual that corresponds to your MariaDB server version for the right syntax to use near 'الترحيلات يع?
ل؛ لا يغيّر بيانات.
SET @orange_schem...' at line 1
[21-Apr-2026 15:20:40 Asia/Kuwait] [orange] migration failed 000_runner_baseline.sql: SQLSTATE[42000]: Syntax error or access violation: 1064 You have an error in your SQL syntax; check the manual that corresponds to your MariaDB server version for the right syntax to use near 'الترحيلات يع?
ل؛ لا يغيّر بيانات.
SET @orange_schem...' at line 1
[21-Apr-2026 15:20:41 Asia/Kuwait] [orange] migration failed 000_runner_baseline.sql: SQLSTATE[42000]: Syntax error or access violation: 1064 You have an error in your SQL syntax; check the manual that corresponds to your MariaDB server version for the right syntax to use near 'الترحيلات يع?
ل؛ لا يغيّر بيانات.
SET @orange_schem...' at line 1
[21-Apr-2026 15:26:07 Asia/Kuwait] [orange] migration failed 000_runner_baseline.sql: SQLSTATE[42000]: Syntax error or access violation: 1064 You have an error in your SQL syntax; check the manual that corresponds to your MariaDB server version for the right syntax to use near 'الترحيلات يع?
ل؛ لا يغيّر بيانات.
SET @orange_schem...' at line 1
[21-Apr-2026 15:26:08 Asia/Kuwait] [orange] migration failed 000_runner_baseline.sql: SQLSTATE[42000]: Syntax error or access violation: 1064 You have an error in your SQL syntax; check the manual that corresponds to your MariaDB server version for the right syntax to use near 'الترحيلات يع?
ل؛ لا يغيّر بيانات.
SET @orange_schem...' at line 1
[21-Apr-2026 15:26:09 Asia/Kuwait] [orange] migration failed 000_runner_baseline.sql: SQLSTATE[42000]: Syntax error or access violation: 1064 You have an error in your SQL syntax; check the manual that corresponds to your MariaDB server version for the right syntax to use near 'الترحيلات يع?
ل؛ لا يغيّر بيانات.
SET @orange_schem...' at line 1
[21-Apr-2026 15:26:10 Asia/Kuwait] [orange] migration failed 000_runner_baseline.sql: SQLSTATE[42000]: Syntax error or access violation: 1064 You have an error in your SQL syntax; check the manual that corresponds to your MariaDB server version for the right syntax to use near 'الترحيلات يع?
ل؛ لا يغيّر بيانات.
SET @orange_schem...' at line 1
[21-Apr-2026 15:27:04 Asia/Kuwait] [orange] migration failed 000_runner_baseline.sql: SQLSTATE[42000]: Syntax error or access violation: 1064 You have an error in your SQL syntax; check the manual that corresponds to your MariaDB server version for the right syntax to use near 'الترحيلات يع?
ل؛ لا يغيّر بيانات.
SET @orange_schem...' at line 1
[21-Apr-2026 15:27:05 Asia/Kuwait] [orange] migration failed 000_runner_baseline.sql: SQLSTATE[42000]: Syntax error or access violation: 1064 You have an error in your SQL syntax; check the manual that corresponds to your MariaDB server version for the right syntax to use near 'الترحيلات يع?
ل؛ لا يغيّر بيانات.
SET @orange_schem...' at line 1
[21-Apr-2026 15:57:31 Asia/Kuwait] [orange] migration failed 000_runner_baseline.sql: SQLSTATE[42000]: Syntax error or access violation: 1064 You have an error in your SQL syntax; check the manual that corresponds to your MariaDB server version for the right syntax to use near 'الترحيلات يع?
ل؛ لا يغيّر بيانات.
SET @orange_schem...' at line 1
[21-Apr-2026 15:57:32 Asia/Kuwait] [orange] migration failed 000_runner_baseline.sql: SQLSTATE[42000]: Syntax error or access violation: 1064 You have an error in your SQL syntax; check the manual that corresponds to your MariaDB server version for the right syntax to use near 'الترحيلات يع?
ل؛ لا يغيّر بيانات.
SET @orange_schem...' at line 1
[21-Apr-2026 16:01:56 Asia/Kuwait] [orange] migration failed 000_runner_baseline.sql: SQLSTATE[42000]: Syntax error or access violation: 1064 You have an error in your SQL syntax; check the manual that corresponds to your MariaDB server version for the right syntax to use near 'الترحيلات يع?
ل؛ لا يغيّر بيانات.
SET @orange_schem...' at line 1
[21-Apr-2026 16:02:06 Asia/Kuwait] [orange] migration failed 000_runner_baseline.sql: SQLSTATE[42000]: Syntax error or access violation: 1064 You have an error in your SQL syntax; check the manual that corresponds to your MariaDB server version for the right syntax to use near 'الترحيلات يع?
ل؛ لا يغيّر بيانات.
SET @orange_schem...' at line 1
[21-Apr-2026 16:02:06 Asia/Kuwait] [orange] migration failed 000_runner_baseline.sql: SQLSTATE[42000]: Syntax error or access violation: 1064 You have an error in your SQL syntax; check the manual that corresponds to your MariaDB server version for the right syntax to use near 'الترحيلات يع?
ل؛ لا يغيّر بيانات.
SET @orange_schem...' at line 1
[21-Apr-2026 16:02:06 Asia/Kuwait] [orange] migration failed 000_runner_baseline.sql: SQLSTATE[42000]: Syntax error or access violation: 1064 You have an error in your SQL syntax; check the manual that corresponds to your MariaDB server version for the right syntax to use near 'الترحيلات يع?
ل؛ لا يغيّر بيانات.
SET @orange_schem...' at line 1
[21-Apr-2026 16:02:07 Asia/Kuwait] [orange] migration failed 000_runner_baseline.sql: SQLSTATE[42000]: Syntax error or access violation: 1064 You have an error in your SQL syntax; check the manual that corresponds to your MariaDB server version for the right syntax to use near 'الترحيلات يع?
ل؛ لا يغيّر بيانات.
SET @orange_schem...' at line 1
[21-Apr-2026 16:02:09 Asia/Kuwait] [orange] migration failed 000_runner_baseline.sql: SQLSTATE[42000]: Syntax error or access violation: 1064 You have an error in your SQL syntax; check the manual that corresponds to your MariaDB server version for the right syntax to use near 'الترحيلات يع?
ل؛ لا يغيّر بيانات.
SET @orange_schem...' at line 1
[21-Apr-2026 16:02:09 Asia/Kuwait] [orange] migration failed 000_runner_baseline.sql: SQLSTATE[42000]: Syntax error or access violation: 1064 You have an error in your SQL syntax; check the manual that corresponds to your MariaDB server version for the right syntax to use near 'الترحيلات يع?
ل؛ لا يغيّر بيانات.
SET @orange_schem...' at line 1
[21-Apr-2026 16:02:10 Asia/Kuwait] [orange] migration failed 000_runner_baseline.sql: SQLSTATE[42000]: Syntax error or access violation: 1064 You have an error in your SQL syntax; check the manual that corresponds to your MariaDB server version for the right syntax to use near 'الترحيلات يع?
ل؛ لا يغيّر بيانات.
SET @orange_schem...' at line 1
[21-Apr-2026 16:02:11 Asia/Kuwait] [orange] migration failed 000_runner_baseline.sql: SQLSTATE[42000]: Syntax error or access violation: 1064 You have an error in your SQL syntax; check the manual that corresponds to your MariaDB server version for the right syntax to use near 'الترحيلات يع?
ل؛ لا يغيّر بيانات.
SET @orange_schem...' at line 1
[21-Apr-2026 16:02:17 Asia/Kuwait] [orange] migration failed 000_runner_baseline.sql: SQLSTATE[42000]: Syntax error or access violation: 1064 You have an error in your SQL syntax; check the manual that corresponds to your MariaDB server version for the right syntax to use near 'الترحيلات يع?
ل؛ لا يغيّر بيانات.
SET @orange_schem...' at line 1
[21-Apr-2026 16:02:21 Asia/Kuwait] [orange] migration failed 000_runner_baseline.sql: SQLSTATE[42000]: Syntax error or access violation: 1064 You have an error in your SQL syntax; check the manual that corresponds to your MariaDB server version for the right syntax to use near 'الترحيلات يع?
ل؛ لا يغيّر بيانات.
SET @orange_schem...' at line 1
[21-Apr-2026 16:02:24 Asia/Kuwait] [orange] migration failed 000_runner_baseline.sql: SQLSTATE[42000]: Syntax error or access violation: 1064 You have an error in your SQL syntax; check the manual that corresponds to your MariaDB server version for the right syntax to use near 'الترحيلات يع?
ل؛ لا يغيّر بيانات.
SET @orange_schem...' at line 1
[21-Apr-2026 16:02:25 Asia/Kuwait] [orange] migration failed 000_runner_baseline.sql: SQLSTATE[42000]: Syntax error or access violation: 1064 You have an error in your SQL syntax; check the manual that corresponds to your MariaDB server version for the right syntax to use near 'الترحيلات يع?
ل؛ لا يغيّر بيانات.
SET @orange_schem...' at line 1
[21-Apr-2026 16:10:49 Asia/Kuwait] [orange] migration failed 000_runner_baseline.sql: SQLSTATE[42000]: Syntax error or access violation: 1064 You have an error in your SQL syntax; check the manual that corresponds to your MariaDB server version for the right syntax to use near 'الترحيلات يع?
ل؛ لا يغيّر بيانات.
SET @orange_schem...' at line 1
[21-Apr-2026 16:11:53 Asia/Kuwait] [orange] migration failed 000_runner_baseline.sql: SQLSTATE[42000]: Syntax error or access violation: 1064 You have an error in your SQL syntax; check the manual that corresponds to your MariaDB server version for the right syntax to use near 'الترحيلات يع?
ل؛ لا يغيّر بيانات.
SET @orange_schem...' at line 1
[21-Apr-2026 16:37:59 Asia/Kuwait] [orange] migration failed 000_runner_baseline.sql: SQLSTATE[42000]: Syntax error or access violation: 1064 You have an error in your SQL syntax; check the manual that corresponds to your MariaDB server version for the right syntax to use near 'الترحيلات يع?
ل؛ لا يغيّر بيانات.
SET @orange_schem...' at line 1
[21-Apr-2026 16:38:34 Asia/Kuwait] [orange] migration failed 000_runner_baseline.sql: SQLSTATE[42000]: Syntax error or access violation: 1064 You have an error in your SQL syntax; check the manual that corresponds to your MariaDB server version for the right syntax to use near 'الترحيلات يع?
ل؛ لا يغيّر بيانات.
SET @orange_schem...' at line 1
[21-Apr-2026 16:39:52 Asia/Kuwait] [orange] migration failed 000_runner_baseline.sql: SQLSTATE[42000]: Syntax error or access violation: 1064 You have an error in your SQL syntax; check the manual that corresponds to your MariaDB server version for the right syntax to use near 'الترحيلات يع?
ل؛ لا يغيّر بيانات.
SET @orange_schem...' at line 1
[21-Apr-2026 16:39:54 Asia/Kuwait] [orange] migration failed 000_runner_baseline.sql: SQLSTATE[42000]: Syntax error or access violation: 1064 You have an error in your SQL syntax; check the manual that corresponds to your MariaDB server version for the right syntax to use near 'الترحيلات يع?
ل؛ لا يغيّر بيانات.
SET @orange_schem...' at line 1
[21-Apr-2026 16:39:56 Asia/Kuwait] [orange] migration failed 000_runner_baseline.sql: SQLSTATE[42000]: Syntax error or access violation: 1064 You have an error in your SQL syntax; check the manual that corresponds to your MariaDB server version for the right syntax to use near 'الترحيلات يع?
ل؛ لا يغيّر بيانات.
SET @orange_schem...' at line 1
[21-Apr-2026 16:39:57 Asia/Kuwait] [orange] migration failed 000_runner_baseline.sql: SQLSTATE[42000]: Syntax error or access violation: 1064 You have an error in your SQL syntax; check the manual that corresponds to your MariaDB server version for the right syntax to use near 'الترحيلات يع?
ل؛ لا يغيّر بيانات.
SET @orange_schem...' at line 1
[21-Apr-2026 16:40:02 Asia/Kuwait] [orange] migration failed 000_runner_baseline.sql: SQLSTATE[42000]: Syntax error or access violation: 1064 You have an error in your SQL syntax; check the manual that corresponds to your MariaDB server version for the right syntax to use near 'الترحيلات يع?
ل؛ لا يغيّر بيانات.
SET @orange_schem...' at line 1
[21-Apr-2026 16:40:03 Asia/Kuwait] [orange] migration failed 000_runner_baseline.sql: SQLSTATE[42000]: Syntax error or access violation: 1064 You have an error in your SQL syntax; check the manual that corresponds to your MariaDB server version for the right syntax to use near 'الترحيلات يع?
ل؛ لا يغيّر بيانات.
SET @orange_schem...' at line 1
[21-Apr-2026 16:40:59 Asia/Kuwait] [orange] migration failed 000_runner_baseline.sql: SQLSTATE[42000]: Syntax error or access violation: 1064 You have an error in your SQL syntax; check the manual that corresponds to your MariaDB server version for the right syntax to use near 'الترحيلات يع?
ل؛ لا يغيّر بيانات.
SET @orange_schem...' at line 1
[21-Apr-2026 16:40:59 Asia/Kuwait] [orange] migration failed 000_runner_baseline.sql: SQLSTATE[42000]: Syntax error or access violation: 1064 You have an error in your SQL syntax; check the manual that corresponds to your MariaDB server version for the right syntax to use near 'الترحيلات يع?
ل؛ لا يغيّر بيانات.
SET @orange_schem...' at line 1
[21-Apr-2026 17:01:22 Asia/Kuwait] [orange] migration failed 000_runner_baseline.sql: SQLSTATE[42000]: Syntax error or access violation: 1064 You have an error in your SQL syntax; check the manual that corresponds to your MariaDB server version for the right syntax to use near 'الترحيلات يع?
ل؛ لا يغيّر بيانات.
SET @orange_schem...' at line 1
[21-Apr-2026 17:01:23 Asia/Kuwait] [orange] migration failed 000_runner_baseline.sql: SQLSTATE[42000]: Syntax error or access violation: 1064 You have an error in your SQL syntax; check the manual that corresponds to your MariaDB server version for the right syntax to use near 'الترحيلات يع?
ل؛ لا يغيّر بيانات.
SET @orange_schem...' at line 1
[21-Apr-2026 17:01:26 Asia/Kuwait] [orange] migration failed 000_runner_baseline.sql: SQLSTATE[42000]: Syntax error or access violation: 1064 You have an error in your SQL syntax; check the manual that corresponds to your MariaDB server version for the right syntax to use near 'الترحيلات يع?
ل؛ لا يغيّر بيانات.
SET @orange_schem...' at line 1
[21-Apr-2026 17:01:33 Asia/Kuwait] [orange] migration failed 000_runner_baseline.sql: SQLSTATE[42000]: Syntax error or access violation: 1064 You have an error in your SQL syntax; check the manual that corresponds to your MariaDB server version for the right syntax to use near 'الترحيلات يع?
ل؛ لا يغيّر بيانات.
SET @orange_schem...' at line 1
[21-Apr-2026 17:43:22 Asia/Kuwait] [orange] migration failed 000_runner_baseline.sql: SQLSTATE[42000]: Syntax error or access violation: 1064 You have an error in your SQL syntax; check the manual that corresponds to your MariaDB server version for the right syntax to use near 'الترحيلات يع?
ل؛ لا يغيّر بيانات.
SET @orange_schem...' at line 1
[21-Apr-2026 17:43:24 Asia/Kuwait] [orange] migration failed 000_runner_baseline.sql: SQLSTATE[42000]: Syntax error or access violation: 1064 You have an error in your SQL syntax; check the manual that corresponds to your MariaDB server version for the right syntax to use near 'الترحيلات يع?
ل؛ لا يغيّر بيانات.
SET @orange_schem...' at line 1
[21-Apr-2026 17:43:27 Asia/Kuwait] [orange] migration failed 000_runner_baseline.sql: SQLSTATE[42000]: Syntax error or access violation: 1064 You have an error in your SQL syntax; check the manual that corresponds to your MariaDB server version for the right syntax to use near 'الترحيلات يع?
ل؛ لا يغيّر بيانات.
SET @orange_schem...' at line 1
[21-Apr-2026 17:43:28 Asia/Kuwait] [orange] migration failed 000_runner_baseline.sql: SQLSTATE[42000]: Syntax error or access violation: 1064 You have an error in your SQL syntax; check the manual that corresponds to your MariaDB server version for the right syntax to use near 'الترحيلات يع?
ل؛ لا يغيّر بيانات.
SET @orange_schem...' at line 1
[21-Apr-2026 17:43:30 Asia/Kuwait] [orange] migration failed 000_runner_baseline.sql: SQLSTATE[42000]: Syntax error or access violation: 1064 You have an error in your SQL syntax; check the manual that corresponds to your MariaDB server version for the right syntax to use near 'الترحيلات يع?
ل؛ لا يغيّر بيانات.
SET @orange_schem...' at line 1
[21-Apr-2026 17:43:31 Asia/Kuwait] [orange] migration failed 000_runner_baseline.sql: SQLSTATE[42000]: Syntax error or access violation: 1064 You have an error in your SQL syntax; check the manual that corresponds to your MariaDB server version for the right syntax to use near 'الترحيلات يع?
ل؛ لا يغيّر بيانات.
SET @orange_schem...' at line 1
[21-Apr-2026 17:43:32 Asia/Kuwait] [orange] migration failed 000_runner_baseline.sql: SQLSTATE[42000]: Syntax error or access violation: 1064 You have an error in your SQL syntax; check the manual that corresponds to your MariaDB server version for the right syntax to use near 'الترحيلات يع?
ل؛ لا يغيّر بيانات.
SET @orange_schem...' at line 1
[21-Apr-2026 17:43:33 Asia/Kuwait] [orange] migration failed 000_runner_baseline.sql: SQLSTATE[42000]: Syntax error or access violation: 1064 You have an error in your SQL syntax; check the manual that corresponds to your MariaDB server version for the right syntax to use near 'الترحيلات يع?
ل؛ لا يغيّر بيانات.
SET @orange_schem...' at line 1
[21-Apr-2026 17:43:35 Asia/Kuwait] [orange] migration failed 000_runner_baseline.sql: SQLSTATE[42000]: Syntax error or access violation: 1064 You have an error in your SQL syntax; check the manual that corresponds to your MariaDB server version for the right syntax to use near 'الترحيلات يع?
ل؛ لا يغيّر بيانات.
SET @orange_schem...' at line 1
[21-Apr-2026 17:43:36 Asia/Kuwait] [orange] migration failed 000_runner_baseline.sql: SQLSTATE[42000]: Syntax error or access violation: 1064 You have an error in your SQL syntax; check the manual that corresponds to your MariaDB server version for the right syntax to use near 'الترحيلات يع?
ل؛ لا يغيّر بيانات.
SET @orange_schem...' at line 1
[21-Apr-2026 17:43:38 Asia/Kuwait] [orange] migration failed 000_runner_baseline.sql: SQLSTATE[42000]: Syntax error or access violation: 1064 You have an error in your SQL syntax; check the manual that corresponds to your MariaDB server version for the right syntax to use near 'الترحيلات يع?
ل؛ لا يغيّر بيانات.
SET @orange_schem...' at line 1
[21-Apr-2026 17:43:39 Asia/Kuwait] [orange] migration failed 000_runner_baseline.sql: SQLSTATE[42000]: Syntax error or access violation: 1064 You have an error in your SQL syntax; check the manual that corresponds to your MariaDB server version for the right syntax to use near 'الترحيلات يع?
ل؛ لا يغيّر بيانات.
SET @orange_schem...' at line 1
[21-Apr-2026 17:43:44 Asia/Kuwait] [orange] migration failed 000_runner_baseline.sql: SQLSTATE[42000]: Syntax error or access violation: 1064 You have an error in your SQL syntax; check the manual that corresponds to your MariaDB server version for the right syntax to use near 'الترحيلات يع?
ل؛ لا يغيّر بيانات.
SET @orange_schem...' at line 1
[21-Apr-2026 17:43:45 Asia/Kuwait] [orange] migration failed 000_runner_baseline.sql: SQLSTATE[42000]: Syntax error or access violation: 1064 You have an error in your SQL syntax; check the manual that corresponds to your MariaDB server version for the right syntax to use near 'الترحيلات يع?
ل؛ لا يغيّر بيانات.
SET @orange_schem...' at line 1
[21-Apr-2026 17:43:46 Asia/Kuwait] [orange] migration failed 000_runner_baseline.sql: SQLSTATE[42000]: Syntax error or access violation: 1064 You have an error in your SQL syntax; check the manual that corresponds to your MariaDB server version for the right syntax to use near 'الترحيلات يع?
ل؛ لا يغيّر بيانات.
SET @orange_schem...' at line 1
[21-Apr-2026 18:06:17 Asia/Kuwait] [orange] migration failed 000_runner_baseline.sql: SQLSTATE[42000]: Syntax error or access violation: 1064 You have an error in your SQL syntax; check the manual that corresponds to your MariaDB server version for the right syntax to use near 'الترحيلات يع?
ل؛ لا يغيّر بيانات.
SET @orange_schem...' at line 1
[21-Apr-2026 18:06:20 Asia/Kuwait] [orange] migration failed 000_runner_baseline.sql: SQLSTATE[42000]: Syntax error or access violation: 1064 You have an error in your SQL syntax; check the manual that corresponds to your MariaDB server version for the right syntax to use near 'الترحيلات يع?
ل؛ لا يغيّر بيانات.
SET @orange_schem...' at line 1
[21-Apr-2026 18:14:09 Asia/Kuwait] [orange] migration failed 000_runner_baseline.sql: SQLSTATE[42000]: Syntax error or access violation: 1064 You have an error in your SQL syntax; check the manual that corresponds to your MariaDB server version for the right syntax to use near 'الترحيلات يع?
ل؛ لا يغيّر بيانات.
SET @orange_schem...' at line 1
[21-Apr-2026 18:14:18 Asia/Kuwait] [orange] migration failed 000_runner_baseline.sql: SQLSTATE[42000]: Syntax error or access violation: 1064 You have an error in your SQL syntax; check the manual that corresponds to your MariaDB server version for the right syntax to use near 'الترحيلات يع?
ل؛ لا يغيّر بيانات.
SET @orange_schem...' at line 1
[21-Apr-2026 18:48:27 Asia/Kuwait] [orange] migration failed 000_runner_baseline.sql: SQLSTATE[42000]: Syntax error or access violation: 1064 You have an error in your SQL syntax; check the manual that corresponds to your MariaDB server version for the right syntax to use near 'الترحيلات يع?
ل؛ لا يغيّر بيانات.
SET @orange_schem...' at line 1
[21-Apr-2026 18:48:30 Asia/Kuwait] [orange] migration failed 000_runner_baseline.sql: SQLSTATE[42000]: Syntax error or access violation: 1064 You have an error in your SQL syntax; check the manual that corresponds to your MariaDB server version for the right syntax to use near 'الترحيلات يع?
ل؛ لا يغيّر بيانات.
SET @orange_schem...' at line 1
[21-Apr-2026 18:57:15 Asia/Kuwait] [orange] migration failed 000_runner_baseline.sql: SQLSTATE[42000]: Syntax error or access violation: 1064 You have an error in your SQL syntax; check the manual that corresponds to your MariaDB server version for the right syntax to use near 'الترحيلات يع?
ل؛ لا يغيّر بيانات.
SET @orange_schem...' at line 1
[21-Apr-2026 18:57:19 Asia/Kuwait] [orange] migration failed 000_runner_baseline.sql: SQLSTATE[42000]: Syntax error or access violation: 1064 You have an error in your SQL syntax; check the manual that corresponds to your MariaDB server version for the right syntax to use near 'الترحيلات يع?
ل؛ لا يغيّر بيانات.
SET @orange_schem...' at line 1
[21-Apr-2026 18:58:51 Asia/Kuwait] [orange] migration failed 000_runner_baseline.sql: SQLSTATE[42000]: Syntax error or access violation: 1064 You have an error in your SQL syntax; check the manual that corresponds to your MariaDB server version for the right syntax to use near 'الترحيلات يع?
ل؛ لا يغيّر بيانات.
SET @orange_schem...' at line 1
[21-Apr-2026 18:58:51 Asia/Kuwait] [orange] migration failed 000_runner_baseline.sql: SQLSTATE[42000]: Syntax error or access violation: 1064 You have an error in your SQL syntax; check the manual that corresponds to your MariaDB server version for the right syntax to use near 'الترحيلات يع?
ل؛ لا يغيّر بيانات.
SET @orange_schem...' at line 1
[21-Apr-2026 19:03:07 Asia/Kuwait] [orange] migration failed 000_runner_baseline.sql: SQLSTATE[42000]: Syntax error or access violation: 1064 You have an error in your SQL syntax; check the manual that corresponds to your MariaDB server version for the right syntax to use near 'الترحيلات يع?
ل؛ لا يغيّر بيانات.
SET @orange_schem...' at line 1
[21-Apr-2026 19:03:12 Asia/Kuwait] [orange] migration failed 000_runner_baseline.sql: SQLSTATE[42000]: Syntax error or access violation: 1064 You have an error in your SQL syntax; check the manual that corresponds to your MariaDB server version for the right syntax to use near 'الترحيلات يع?
ل؛ لا يغيّر بيانات.
SET @orange_schem...' at line 1
[21-Apr-2026 19:06:02 Asia/Kuwait] [orange] migration failed 000_runner_baseline.sql: SQLSTATE[42000]: Syntax error or access violation: 1064 You have an error in your SQL syntax; check the manual that corresponds to your MariaDB server version for the right syntax to use near 'الترحيلات يع?
ل؛ لا يغيّر بيانات.
SET @orange_schem...' at line 1
[21-Apr-2026 19:06:05 Asia/Kuwait] [orange] migration failed 000_runner_baseline.sql: SQLSTATE[42000]: Syntax error or access violation: 1064 You have an error in your SQL syntax; check the manual that corresponds to your MariaDB server version for the right syntax to use near 'الترحيلات يع?
ل؛ لا يغيّر بيانات.
SET @orange_schem...' at line 1
[21-Apr-2026 19:15:32 Asia/Kuwait] [orange] migration failed 000_runner_baseline.sql: SQLSTATE[42000]: Syntax error or access violation: 1064 You have an error in your SQL syntax; check the manual that corresponds to your MariaDB server version for the right syntax to use near 'الترحيلات يع?
ل؛ لا يغيّر بيانات.
SET @orange_schem...' at line 1
[21-Apr-2026 19:15:34 Asia/Kuwait] [orange] migration failed 000_runner_baseline.sql: SQLSTATE[42000]: Syntax error or access violation: 1064 You have an error in your SQL syntax; check the manual that corresponds to your MariaDB server version for the right syntax to use near 'الترحيلات يع?
ل؛ لا يغيّر بيانات.
SET @orange_schem...' at line 1
[21-Apr-2026 19:47:27 Asia/Kuwait] [orange] migration failed 000_runner_baseline.sql: SQLSTATE[42000]: Syntax error or access violation: 1064 You have an error in your SQL syntax; check the manual that corresponds to your MariaDB server version for the right syntax to use near 'الترحيلات يع?
ل؛ لا يغيّر بيانات.
SET @orange_schem...' at line 1
[21-Apr-2026 19:47:28 Asia/Kuwait] [orange] migration failed 000_runner_baseline.sql: SQLSTATE[42000]: Syntax error or access violation: 1064 You have an error in your SQL syntax; check the manual that corresponds to your MariaDB server version for the right syntax to use near 'الترحيلات يع?
ل؛ لا يغيّر بيانات.
SET @orange_schem...' at line 1
[21-Apr-2026 19:47:29 Asia/Kuwait] [orange] migration failed 000_runner_baseline.sql: SQLSTATE[42000]: Syntax error or access violation: 1064 You have an error in your SQL syntax; check the manual that corresponds to your MariaDB server version for the right syntax to use near 'الترحيلات يع?
ل؛ لا يغيّر بيانات.
SET @orange_schem...' at line 1
[21-Apr-2026 19:47:30 Asia/Kuwait] [orange] migration failed 000_runner_baseline.sql: SQLSTATE[42000]: Syntax error or access violation: 1064 You have an error in your SQL syntax; check the manual that corresponds to your MariaDB server version for the right syntax to use near 'الترحيلات يع?
ل؛ لا يغيّر بيانات.
SET @orange_schem...' at line 1
[21-Apr-2026 20:03:08 Asia/Kuwait] [orange] migration failed 000_runner_baseline.sql: SQLSTATE[42000]: Syntax error or access violation: 1064 You have an error in your SQL syntax; check the manual that corresponds to your MariaDB server version for the right syntax to use near 'الترحيلات يع?
ل؛ لا يغيّر بيانات.
SET @orange_schem...' at line 1
[21-Apr-2026 20:03:11 Asia/Kuwait] [orange] migration failed 000_runner_baseline.sql: SQLSTATE[42000]: Syntax error or access violation: 1064 You have an error in your SQL syntax; check the manual that corresponds to your MariaDB server version for the right syntax to use near 'الترحيلات يع?
ل؛ لا يغيّر بيانات.
SET @orange_schem...' at line 1
[21-Apr-2026 20:03:13 Asia/Kuwait] [orange] migration failed 000_runner_baseline.sql: SQLSTATE[42000]: Syntax error or access violation: 1064 You have an error in your SQL syntax; check the manual that corresponds to your MariaDB server version for the right syntax to use near 'الترحيلات يع?
ل؛ لا يغيّر بيانات.
SET @orange_schem...' at line 1
[21-Apr-2026 20:04:59 Asia/Kuwait] [orange] migration failed 000_runner_baseline.sql: SQLSTATE[42000]: Syntax error or access violation: 1064 You have an error in your SQL syntax; check the manual that corresponds to your MariaDB server version for the right syntax to use near 'الترحيلات يع?
ل؛ لا يغيّر بيانات.
SET @orange_schem...' at line 1
[21-Apr-2026 20:05:01 Asia/Kuwait] [orange] migration failed 000_runner_baseline.sql: SQLSTATE[42000]: Syntax error or access violation: 1064 You have an error in your SQL syntax; check the manual that corresponds to your MariaDB server version for the right syntax to use near 'الترحيلات يع?
ل؛ لا يغيّر بيانات.
SET @orange_schem...' at line 1
[21-Apr-2026 20:05:06 Asia/Kuwait] [orange] migration failed 000_runner_baseline.sql: SQLSTATE[42000]: Syntax error or access violation: 1064 You have an error in your SQL syntax; check the manual that corresponds to your MariaDB server version for the right syntax to use near 'الترحيلات يع?
ل؛ لا يغيّر بيانات.
SET @orange_schem...' at line 1
[21-Apr-2026 20:05:07 Asia/Kuwait] [orange] migration failed 000_runner_baseline.sql: SQLSTATE[42000]: Syntax error or access violation: 1064 You have an error in your SQL syntax; check the manual that corresponds to your MariaDB server version for the right syntax to use near 'الترحيلات يع?
ل؛ لا يغيّر بيانات.
SET @orange_schem...' at line 1
[21-Apr-2026 20:05:09 Asia/Kuwait] [orange] migration failed 000_runner_baseline.sql: SQLSTATE[42000]: Syntax error or access violation: 1064 You have an error in your SQL syntax; check the manual that corresponds to your MariaDB server version for the right syntax to use near 'الترحيلات يع?
ل؛ لا يغيّر بيانات.
SET @orange_schem...' at line 1
[21-Apr-2026 20:35:42 Asia/Kuwait] [orange] migration failed 000_runner_baseline.sql: SQLSTATE[42000]: Syntax error or access violation: 1064 You have an error in your SQL syntax; check the manual that corresponds to your MariaDB server version for the right syntax to use near 'الترحيلات يع?
ل؛ لا يغيّر بيانات.
SET @orange_schem...' at line 1
[21-Apr-2026 20:35:43 Asia/Kuwait] [orange] migration failed 000_runner_baseline.sql: SQLSTATE[42000]: Syntax error or access violation: 1064 You have an error in your SQL syntax; check the manual that corresponds to your MariaDB server version for the right syntax to use near 'الترحيلات يع?
ل؛ لا يغيّر بيانات.
SET @orange_schem...' at line 1
[21-Apr-2026 20:38:39 Asia/Kuwait] [orange] migration failed 000_runner_baseline.sql: SQLSTATE[42000]: Syntax error or access violation: 1064 You have an error in your SQL syntax; check the manual that corresponds to your MariaDB server version for the right syntax to use near 'الترحيلات يع?
ل؛ لا يغيّر بيانات.
SET @orange_schem...' at line 1
[21-Apr-2026 20:38:41 Asia/Kuwait] [orange] migration failed 000_runner_baseline.sql: SQLSTATE[42000]: Syntax error or access violation: 1064 You have an error in your SQL syntax; check the manual that corresponds to your MariaDB server version for the right syntax to use near 'الترحيلات يع?
ل؛ لا يغيّر بيانات.
SET @orange_schem...' at line 1
[21-Apr-2026 20:53:51 Asia/Kuwait] [orange] migration failed 000_runner_baseline.sql: SQLSTATE[42000]: Syntax error or access violation: 1064 You have an error in your SQL syntax; check the manual that corresponds to your MariaDB server version for the right syntax to use near 'الترحيلات يع?
ل؛ لا يغيّر بيانات.
SET @orange_schem...' at line 1
[21-Apr-2026 20:53:52 Asia/Kuwait] [orange] migration failed 000_runner_baseline.sql: SQLSTATE[42000]: Syntax error or access violation: 1064 You have an error in your SQL syntax; check the manual that corresponds to your MariaDB server version for the right syntax to use near 'الترحيلات يع?
ل؛ لا يغيّر بيانات.
SET @orange_schem...' at line 1
[21-Apr-2026 20:53:53 Asia/Kuwait] [orange] migration failed 000_runner_baseline.sql: SQLSTATE[42000]: Syntax error or access violation: 1064 You have an error in your SQL syntax; check the manual that corresponds to your MariaDB server version for the right syntax to use near 'الترحيلات يع?
ل؛ لا يغيّر بيانات.
SET @orange_schem...' at line 1
[21-Apr-2026 20:54:00 Asia/Kuwait] [orange] migration failed 000_runner_baseline.sql: SQLSTATE[42000]: Syntax error or access violation: 1064 You have an error in your SQL syntax; check the manual that corresponds to your MariaDB server version for the right syntax to use near 'الترحيلات يع?
ل؛ لا يغيّر بيانات.
SET @orange_schem...' at line 1
[21-Apr-2026 20:54:01 Asia/Kuwait] [orange] migration failed 000_runner_baseline.sql: SQLSTATE[42000]: Syntax error or access violation: 1064 You have an error in your SQL syntax; check the manual that corresponds to your MariaDB server version for the right syntax to use near 'الترحيلات يع?
ل؛ لا يغيّر بيانات.
SET @orange_schem...' at line 1
[21-Apr-2026 20:54:03 Asia/Kuwait] [orange] migration failed 000_runner_baseline.sql: SQLSTATE[42000]: Syntax error or access violation: 1064 You have an error in your SQL syntax; check the manual that corresponds to your MariaDB server version for the right syntax to use near 'الترحيلات يع?
ل؛ لا يغيّر بيانات.
SET @orange_schem...' at line 1
[21-Apr-2026 20:54:04 Asia/Kuwait] [orange] migration failed 000_runner_baseline.sql: SQLSTATE[42000]: Syntax error or access violation: 1064 You have an error in your SQL syntax; check the manual that corresponds to your MariaDB server version for the right syntax to use near 'الترحيلات يع?
ل؛ لا يغيّر بيانات.
SET @orange_schem...' at line 1
[21-Apr-2026 20:54:12 Asia/Kuwait] [orange] migration failed 000_runner_baseline.sql: SQLSTATE[42000]: Syntax error or access violation: 1064 You have an error in your SQL syntax; check the manual that corresponds to your MariaDB server version for the right syntax to use near 'الترحيلات يع?
ل؛ لا يغيّر بيانات.
SET @orange_schem...' at line 1
[21-Apr-2026 20:54:13 Asia/Kuwait] [orange] migration failed 000_runner_baseline.sql: SQLSTATE[42000]: Syntax error or access violation: 1064 You have an error in your SQL syntax; check the manual that corresponds to your MariaDB server version for the right syntax to use near 'الترحيلات يع?
ل؛ لا يغيّر بيانات.
SET @orange_schem...' at line 1
[21-Apr-2026 20:54:21 Asia/Kuwait] [orange] migration failed 000_runner_baseline.sql: SQLSTATE[42000]: Syntax error or access violation: 1064 You have an error in your SQL syntax; check the manual that corresponds to your MariaDB server version for the right syntax to use near 'الترحيلات يع?
ل؛ لا يغيّر بيانات.
SET @orange_schem...' at line 1
[21-Apr-2026 20:54:22 Asia/Kuwait] [orange] migration failed 000_runner_baseline.sql: SQLSTATE[42000]: Syntax error or access violation: 1064 You have an error in your SQL syntax; check the manual that corresponds to your MariaDB server version for the right syntax to use near 'الترحيلات يع?
ل؛ لا يغيّر بيانات.
SET @orange_schem...' at line 1
[21-Apr-2026 20:54:40 Asia/Kuwait] [orange] migration failed 000_runner_baseline.sql: SQLSTATE[42000]: Syntax error or access violation: 1064 You have an error in your SQL syntax; check the manual that corresponds to your MariaDB server version for the right syntax to use near 'الترحيلات يع?
ل؛ لا يغيّر بيانات.
SET @orange_schem...' at line 1
[21-Apr-2026 20:54:42 Asia/Kuwait] [orange] migration failed 000_runner_baseline.sql: SQLSTATE[42000]: Syntax error or access violation: 1064 You have an error in your SQL syntax; check the manual that corresponds to your MariaDB server version for the right syntax to use near 'الترحيلات يع?
ل؛ لا يغيّر بيانات.
SET @orange_schem...' at line 1
[21-Apr-2026 20:55:03 Asia/Kuwait] [orange] migration failed 000_runner_baseline.sql: SQLSTATE[42000]: Syntax error or access violation: 1064 You have an error in your SQL syntax; check the manual that corresponds to your MariaDB server version for the right syntax to use near 'الترحيلات يع?
ل؛ لا يغيّر بيانات.
SET @orange_schem...' at line 1
[21-Apr-2026 20:55:04 Asia/Kuwait] [orange] migration failed 000_runner_baseline.sql: SQLSTATE[42000]: Syntax error or access violation: 1064 You have an error in your SQL syntax; check the manual that corresponds to your MariaDB server version for the right syntax to use near 'الترحيلات يع?
ل؛ لا يغيّر بيانات.
SET @orange_schem...' at line 1
[21-Apr-2026 20:55:05 Asia/Kuwait] [orange] migration failed 000_runner_baseline.sql: SQLSTATE[42000]: Syntax error or access violation: 1064 You have an error in your SQL syntax; check the manual that corresponds to your MariaDB server version for the right syntax to use near 'الترحيلات يع?
ل؛ لا يغيّر بيانات.
SET @orange_schem...' at line 1
[21-Apr-2026 20:55:24 Asia/Kuwait] [orange] migration failed 000_runner_baseline.sql: SQLSTATE[42000]: Syntax error or access violation: 1064 You have an error in your SQL syntax; check the manual that corresponds to your MariaDB server version for the right syntax to use near 'الترحيلات يع?
ل؛ لا يغيّر بيانات.
SET @orange_schem...' at line 1
[21-Apr-2026 20:55:26 Asia/Kuwait] [orange] migration failed 000_runner_baseline.sql: SQLSTATE[42000]: Syntax error or access violation: 1064 You have an error in your SQL syntax; check the manual that corresponds to your MariaDB server version for the right syntax to use near 'الترحيلات يع?
ل؛ لا يغيّر بيانات.
SET @orange_schem...' at line 1
[21-Apr-2026 20:55:48 Asia/Kuwait] [orange] migration failed 000_runner_baseline.sql: SQLSTATE[42000]: Syntax error or access violation: 1064 You have an error in your SQL syntax; check the manual that corresponds to your MariaDB server version for the right syntax to use near 'الترحيلات يع?
ل؛ لا يغيّر بيانات.
SET @orange_schem...' at line 1
[21-Apr-2026 20:55:49 Asia/Kuwait] [orange] migration failed 000_runner_baseline.sql: SQLSTATE[42000]: Syntax error or access violation: 1064 You have an error in your SQL syntax; check the manual that corresponds to your MariaDB server version for the right syntax to use near 'الترحيلات يع?
ل؛ لا يغيّر بيانات.
SET @orange_schem...' at line 1
[21-Apr-2026 20:55:52 Asia/Kuwait] [orange] migration failed 000_runner_baseline.sql: SQLSTATE[42000]: Syntax error or access violation: 1064 You have an error in your SQL syntax; check the manual that corresponds to your MariaDB server version for the right syntax to use near 'الترحيلات يع?
ل؛ لا يغيّر بيانات.
SET @orange_schem...' at line 1
[21-Apr-2026 20:55:53 Asia/Kuwait] [orange] migration failed 000_runner_baseline.sql: SQLSTATE[42000]: Syntax error or access violation: 1064 You have an error in your SQL syntax; check the manual that corresponds to your MariaDB server version for the right syntax to use near 'الترحيلات يع?
ل؛ لا يغيّر بيانات.
SET @orange_schem...' at line 1
[21-Apr-2026 21:00:37 Asia/Kuwait] [orange] migration failed 000_runner_baseline.sql: SQLSTATE[42000]: Syntax error or access violation: 1064 You have an error in your SQL syntax; check the manual that corresponds to your MariaDB server version for the right syntax to use near 'الترحيلات يع?
ل؛ لا يغيّر بيانات.
SET @orange_schem...' at line 1
[21-Apr-2026 21:00:38 Asia/Kuwait] [orange] migration failed 000_runner_baseline.sql: SQLSTATE[42000]: Syntax error or access violation: 1064 You have an error in your SQL syntax; check the manual that corresponds to your MariaDB server version for the right syntax to use near 'الترحيلات يع?
ل؛ لا يغيّر بيانات.
SET @orange_schem...' at line 1
[21-Apr-2026 21:00:49 Asia/Kuwait] [orange] migration failed 000_runner_baseline.sql: SQLSTATE[42000]: Syntax error or access violation: 1064 You have an error in your SQL syntax; check the manual that corresponds to your MariaDB server version for the right syntax to use near 'الترحيلات يع?
ل؛ لا يغيّر بيانات.
SET @orange_schem...' at line 1
[21-Apr-2026 21:01:44 Asia/Kuwait] [orange] migration failed 000_runner_baseline.sql: SQLSTATE[42000]: Syntax error or access violation: 1064 You have an error in your SQL syntax; check the manual that corresponds to your MariaDB server version for the right syntax to use near 'الترحيلات يع?
ل؛ لا يغيّر بيانات.
SET @orange_schem...' at line 1
[21-Apr-2026 21:01:44 Asia/Kuwait] [orange] migration failed 000_runner_baseline.sql: SQLSTATE[42000]: Syntax error or access violation: 1064 You have an error in your SQL syntax; check the manual that corresponds to your MariaDB server version for the right syntax to use near 'الترحيلات يع?
ل؛ لا يغيّر بيانات.
SET @orange_schem...' at line 1
[21-Apr-2026 21:01:53 Asia/Kuwait] [orange] migration failed 000_runner_baseline.sql: SQLSTATE[42000]: Syntax error or access violation: 1064 You have an error in your SQL syntax; check the manual that corresponds to your MariaDB server version for the right syntax to use near 'الترحيلات يع?
ل؛ لا يغيّر بيانات.
SET @orange_schem...' at line 1
[21-Apr-2026 21:01:54 Asia/Kuwait] [orange] migration failed 000_runner_baseline.sql: SQLSTATE[42000]: Syntax error or access violation: 1064 You have an error in your SQL syntax; check the manual that corresponds to your MariaDB server version for the right syntax to use near 'الترحيلات يع?
ل؛ لا يغيّر بيانات.
SET @orange_schem...' at line 1
[21-Apr-2026 21:01:55 Asia/Kuwait] [orange] migration failed 000_runner_baseline.sql: SQLSTATE[42000]: Syntax error or access violation: 1064 You have an error in your SQL syntax; check the manual that corresponds to your MariaDB server version for the right syntax to use near 'الترحيلات يع?
ل؛ لا يغيّر بيانات.
SET @orange_schem...' at line 1
[21-Apr-2026 21:05:16 Asia/Kuwait] [orange] migration failed 000_runner_baseline.sql: SQLSTATE[42000]: Syntax error or access violation: 1064 You have an error in your SQL syntax; check the manual that corresponds to your MariaDB server version for the right syntax to use near 'الترحيلات يع?
ل؛ لا يغيّر بيانات.
SET @orange_schem...' at line 1
[21-Apr-2026 21:05:28 Asia/Kuwait] [orange] migration failed 000_runner_baseline.sql: SQLSTATE[42000]: Syntax error or access violation: 1064 You have an error in your SQL syntax; check the manual that corresponds to your MariaDB server version for the right syntax to use near 'الترحيلات يع?
ل؛ لا يغيّر بيانات.
SET @orange_schem...' at line 1
[21-Apr-2026 21:13:45 Asia/Kuwait] [orange] migration failed 000_runner_baseline.sql: SQLSTATE[42000]: Syntax error or access violation: 1064 You have an error in your SQL syntax; check the manual that corresponds to your MariaDB server version for the right syntax to use near 'الترحيلات يع?
ل؛ لا يغيّر بيانات.
SET @orange_schem...' at line 1
[21-Apr-2026 21:13:50 Asia/Kuwait] [orange] migration failed 000_runner_baseline.sql: SQLSTATE[42000]: Syntax error or access violation: 1064 You have an error in your SQL syntax; check the manual that corresponds to your MariaDB server version for the right syntax to use near 'الترحيلات يع?
ل؛ لا يغيّر بيانات.
SET @orange_schem...' at line 1
[21-Apr-2026 21:32:25 Asia/Kuwait] [orange] migration failed 000_runner_baseline.sql: SQLSTATE[42000]: Syntax error or access violation: 1064 You have an error in your SQL syntax; check the manual that corresponds to your MariaDB server version for the right syntax to use near 'الترحيلات يع?
ل؛ لا يغيّر بيانات.
SET @orange_schem...' at line 1
[21-Apr-2026 21:32:27 Asia/Kuwait] [orange] migration failed 000_runner_baseline.sql: SQLSTATE[42000]: Syntax error or access violation: 1064 You have an error in your SQL syntax; check the manual that corresponds to your MariaDB server version for the right syntax to use near 'الترحيلات يع?
ل؛ لا يغيّر بيانات.
SET @orange_schem...' at line 1
[21-Apr-2026 21:32:27 Asia/Kuwait] [orange] migration failed 000_runner_baseline.sql: SQLSTATE[42000]: Syntax error or access violation: 1064 You have an error in your SQL syntax; check the manual that corresponds to your MariaDB server version for the right syntax to use near 'الترحيلات يع?
ل؛ لا يغيّر بيانات.
SET @orange_schem...' at line 1
[21-Apr-2026 21:32:28 Asia/Kuwait] [orange] migration failed 000_runner_baseline.sql: SQLSTATE[42000]: Syntax error or access violation: 1064 You have an error in your SQL syntax; check the manual that corresponds to your MariaDB server version for the right syntax to use near 'الترحيلات يع?
ل؛ لا يغيّر بيانات.
SET @orange_schem...' at line 1
[21-Apr-2026 22:14:25 Asia/Kuwait] [orange] migration failed 000_runner_baseline.sql: SQLSTATE[42000]: Syntax error or access violation: 1064 You have an error in your SQL syntax; check the manual that corresponds to your MariaDB server version for the right syntax to use near 'الترحيلات يع?
ل؛ لا يغيّر بيانات.
SET @orange_schem...' at line 1
[21-Apr-2026 22:15:22 Asia/Kuwait] [orange] migration failed 000_runner_baseline.sql: SQLSTATE[42000]: Syntax error or access violation: 1064 You have an error in your SQL syntax; check the manual that corresponds to your MariaDB server version for the right syntax to use near 'الترحيلات يع?
ل؛ لا يغيّر بيانات.
SET @orange_schem...' at line 1
[21-Apr-2026 22:16:20 Asia/Kuwait] [orange] migration failed 000_runner_baseline.sql: SQLSTATE[42000]: Syntax error or access violation: 1064 You have an error in your SQL syntax; check the manual that corresponds to your MariaDB server version for the right syntax to use near 'الترحيلات يع?
ل؛ لا يغيّر بيانات.
SET @orange_schem...' at line 1
[21-Apr-2026 22:17:39 Asia/Kuwait] [orange] migration failed 000_runner_baseline.sql: SQLSTATE[42000]: Syntax error or access violation: 1064 You have an error in your SQL syntax; check the manual that corresponds to your MariaDB server version for the right syntax to use near 'الترحيلات يع?
ل؛ لا يغيّر بيانات.
SET @orange_schem...' at line 1
[21-Apr-2026 22:20:09 Asia/Kuwait] [orange] migration failed 000_runner_baseline.sql: SQLSTATE[42000]: Syntax error or access violation: 1064 You have an error in your SQL syntax; check the manual that corresponds to your MariaDB server version for the right syntax to use near 'الترحيلات يع?
ل؛ لا يغيّر بيانات.
SET @orange_schem...' at line 1
[21-Apr-2026 22:20:11 Asia/Kuwait] [orange] migration failed 000_runner_baseline.sql: SQLSTATE[42000]: Syntax error or access violation: 1064 You have an error in your SQL syntax; check the manual that corresponds to your MariaDB server version for the right syntax to use near 'الترحيلات يع?
ل؛ لا يغيّر بيانات.
SET @orange_schem...' at line 1
[21-Apr-2026 22:21:33 Asia/Kuwait] [orange] migration failed 000_runner_baseline.sql: SQLSTATE[42000]: Syntax error or access violation: 1064 You have an error in your SQL syntax; check the manual that corresponds to your MariaDB server version for the right syntax to use near 'الترحيلات يع?
ل؛ لا يغيّر بيانات.
SET @orange_schem...' at line 1
[21-Apr-2026 22:21:33 Asia/Kuwait] [orange] migration failed 000_runner_baseline.sql: SQLSTATE[42000]: Syntax error or access violation: 1064 You have an error in your SQL syntax; check the manual that corresponds to your MariaDB server version for the right syntax to use near 'الترحيلات يع?
ل؛ لا يغيّر بيانات.
SET @orange_schem...' at line 1
[21-Apr-2026 22:21:35 Asia/Kuwait] [orange] migration failed 000_runner_baseline.sql: SQLSTATE[42000]: Syntax error or access violation: 1064 You have an error in your SQL syntax; check the manual that corresponds to your MariaDB server version for the right syntax to use near 'الترحيلات يع?
ل؛ لا يغيّر بيانات.
SET @orange_schem...' at line 1
[21-Apr-2026 22:21:36 Asia/Kuwait] [orange] migration failed 000_runner_baseline.sql: SQLSTATE[42000]: Syntax error or access violation: 1064 You have an error in your SQL syntax; check the manual that corresponds to your MariaDB server version for the right syntax to use near 'الترحيلات يع?
ل؛ لا يغيّر بيانات.
SET @orange_schem...' at line 1
[21-Apr-2026 22:21:37 Asia/Kuwait] [orange] migration failed 000_runner_baseline.sql: SQLSTATE[42000]: Syntax error or access violation: 1064 You have an error in your SQL syntax; check the manual that corresponds to your MariaDB server version for the right syntax to use near 'الترحيلات يع?
ل؛ لا يغيّر بيانات.
SET @orange_schem...' at line 1
[21-Apr-2026 22:21:41 Asia/Kuwait] [orange] migration failed 000_runner_baseline.sql: SQLSTATE[42000]: Syntax error or access violation: 1064 You have an error in your SQL syntax; check the manual that corresponds to your MariaDB server version for the right syntax to use near 'الترحيلات يع?
ل؛ لا يغيّر بيانات.
SET @orange_schem...' at line 1
[21-Apr-2026 22:21:42 Asia/Kuwait] [orange] migration failed 000_runner_baseline.sql: SQLSTATE[42000]: Syntax error or access violation: 1064 You have an error in your SQL syntax; check the manual that corresponds to your MariaDB server version for the right syntax to use near 'الترحيلات يع?
ل؛ لا يغيّر بيانات.
SET @orange_schem...' at line 1
[21-Apr-2026 22:21:48 Asia/Kuwait] [orange] migration failed 000_runner_baseline.sql: SQLSTATE[42000]: Syntax error or access violation: 1064 You have an error in your SQL syntax; check the manual that corresponds to your MariaDB server version for the right syntax to use near 'الترحيلات يع?
ل؛ لا يغيّر بيانات.
SET @orange_schem...' at line 1
[21-Apr-2026 22:21:49 Asia/Kuwait] [orange] migration failed 000_runner_baseline.sql: SQLSTATE[42000]: Syntax error or access violation: 1064 You have an error in your SQL syntax; check the manual that corresponds to your MariaDB server version for the right syntax to use near 'الترحيلات يع?
ل؛ لا يغيّر بيانات.
SET @orange_schem...' at line 1
[21-Apr-2026 22:21:50 Asia/Kuwait] [orange] migration failed 000_runner_baseline.sql: SQLSTATE[42000]: Syntax error or access violation: 1064 You have an error in your SQL syntax; check the manual that corresponds to your MariaDB server version for the right syntax to use near 'الترحيلات يع?
ل؛ لا يغيّر بيانات.
SET @orange_schem...' at line 1
[21-Apr-2026 22:23:35 Asia/Kuwait] [orange] migration failed 000_runner_baseline.sql: SQLSTATE[42000]: Syntax error or access violation: 1064 You have an error in your SQL syntax; check the manual that corresponds to your MariaDB server version for the right syntax to use near 'الترحيلات يع?
ل؛ لا يغيّر بيانات.
SET @orange_schem...' at line 1
[21-Apr-2026 22:23:36 Asia/Kuwait] [orange] migration failed 000_runner_baseline.sql: SQLSTATE[42000]: Syntax error or access violation: 1064 You have an error in your SQL syntax; check the manual that corresponds to your MariaDB server version for the right syntax to use near 'الترحيلات يع?
ل؛ لا يغيّر بيانات.
SET @orange_schem...' at line 1
[21-Apr-2026 22:23:47 Asia/Kuwait] [orange] migration failed 000_runner_baseline.sql: SQLSTATE[42000]: Syntax error or access violation: 1064 You have an error in your SQL syntax; check the manual that corresponds to your MariaDB server version for the right syntax to use near 'الترحيلات يع?
ل؛ لا يغيّر بيانات.
SET @orange_schem...' at line 1
[21-Apr-2026 22:23:48 Asia/Kuwait] [orange] migration failed 000_runner_baseline.sql: SQLSTATE[42000]: Syntax error or access violation: 1064 You have an error in your SQL syntax; check the manual that corresponds to your MariaDB server version for the right syntax to use near 'الترحيلات يع?
ل؛ لا يغيّر بيانات.
SET @orange_schem...' at line 1
[21-Apr-2026 22:23:50 Asia/Kuwait] [orange] migration failed 000_runner_baseline.sql: SQLSTATE[42000]: Syntax error or access violation: 1064 You have an error in your SQL syntax; check the manual that corresponds to your MariaDB server version for the right syntax to use near 'الترحيلات يع?
ل؛ لا يغيّر بيانات.
SET @orange_schem...' at line 1
[21-Apr-2026 22:24:53 Asia/Kuwait] [orange] migration failed 000_runner_baseline.sql: SQLSTATE[42000]: Syntax error or access violation: 1064 You have an error in your SQL syntax; check the manual that corresponds to your MariaDB server version for the right syntax to use near 'الترحيلات يع?
ل؛ لا يغيّر بيانات.
SET @orange_schem...' at line 1
[21-Apr-2026 22:24:54 Asia/Kuwait] [orange] migration failed 000_runner_baseline.sql: SQLSTATE[42000]: Syntax error or access violation: 1064 You have an error in your SQL syntax; check the manual that corresponds to your MariaDB server version for the right syntax to use near 'الترحيلات يع?
ل؛ لا يغيّر بيانات.
SET @orange_schem...' at line 1
[21-Apr-2026 22:25:22 Asia/Kuwait] [orange] migration failed 000_runner_baseline.sql: SQLSTATE[42000]: Syntax error or access violation: 1064 You have an error in your SQL syntax; check the manual that corresponds to your MariaDB server version for the right syntax to use near 'الترحيلات يع?
ل؛ لا يغيّر بيانات.
SET @orange_schem...' at line 1
[21-Apr-2026 22:25:25 Asia/Kuwait] [orange] migration failed 000_runner_baseline.sql: SQLSTATE[42000]: Syntax error or access violation: 1064 You have an error in your SQL syntax; check the manual that corresponds to your MariaDB server version for the right syntax to use near 'الترحيلات يع?
ل؛ لا يغيّر بيانات.
SET @orange_schem...' at line 1
[21-Apr-2026 22:25:28 Asia/Kuwait] [orange] migration failed 000_runner_baseline.sql: SQLSTATE[42000]: Syntax error or access violation: 1064 You have an error in your SQL syntax; check the manual that corresponds to your MariaDB server version for the right syntax to use near 'الترحيلات يع?
ل؛ لا يغيّر بيانات.
SET @orange_schem...' at line 1
[21-Apr-2026 22:25:29 Asia/Kuwait] [orange] migration failed 000_runner_baseline.sql: SQLSTATE[42000]: Syntax error or access violation: 1064 You have an error in your SQL syntax; check the manual that corresponds to your MariaDB server version for the right syntax to use near 'الترحيلات يع?
ل؛ لا يغيّر بيانات.
SET @orange_schem...' at line 1
[21-Apr-2026 22:25:32 Asia/Kuwait] [orange] migration failed 000_runner_baseline.sql: SQLSTATE[42000]: Syntax error or access violation: 1064 You have an error in your SQL syntax; check the manual that corresponds to your MariaDB server version for the right syntax to use near 'الترحيلات يع?
ل؛ لا يغيّر بيانات.
SET @orange_schem...' at line 1
[21-Apr-2026 22:25:33 Asia/Kuwait] [orange] migration failed 000_runner_baseline.sql: SQLSTATE[42000]: Syntax error or access violation: 1064 You have an error in your SQL syntax; check the manual that corresponds to your MariaDB server version for the right syntax to use near 'الترحيلات يع?
ل؛ لا يغيّر بيانات.
SET @orange_schem...' at line 1
[21-Apr-2026 22:26:21 Asia/Kuwait] [orange] migration failed 000_runner_baseline.sql: SQLSTATE[42000]: Syntax error or access violation: 1064 You have an error in your SQL syntax; check the manual that corresponds to your MariaDB server version for the right syntax to use near 'الترحيلات يع?
ل؛ لا يغيّر بيانات.
SET @orange_schem...' at line 1
[21-Apr-2026 22:26:21 Asia/Kuwait] [orange] migration failed 000_runner_baseline.sql: SQLSTATE[42000]: Syntax error or access violation: 1064 You have an error in your SQL syntax; check the manual that corresponds to your MariaDB server version for the right syntax to use near 'الترحيلات يع?
ل؛ لا يغيّر بيانات.
SET @orange_schem...' at line 1
[21-Apr-2026 22:26:25 Asia/Kuwait] [orange] migration failed 000_runner_baseline.sql: SQLSTATE[42000]: Syntax error or access violation: 1064 You have an error in your SQL syntax; check the manual that corresponds to your MariaDB server version for the right syntax to use near 'الترحيلات يع?
ل؛ لا يغيّر بيانات.
SET @orange_schem...' at line 1
[21-Apr-2026 22:26:25 Asia/Kuwait] [orange] migration failed 000_runner_baseline.sql: SQLSTATE[42000]: Syntax error or access violation: 1064 You have an error in your SQL syntax; check the manual that corresponds to your MariaDB server version for the right syntax to use near 'الترحيلات يع?
ل؛ لا يغيّر بيانات.
SET @orange_schem...' at line 1
[21-Apr-2026 22:42:32 Asia/Kuwait] [orange] migration failed 000_runner_baseline.sql: SQLSTATE[42000]: Syntax error or access violation: 1064 You have an error in your SQL syntax; check the manual that corresponds to your MariaDB server version for the right syntax to use near 'الترحيلات يع?
ل؛ لا يغيّر بيانات.
SET @orange_schem...' at line 1
[21-Apr-2026 22:42:33 Asia/Kuwait] [orange] migration failed 000_runner_baseline.sql: SQLSTATE[42000]: Syntax error or access violation: 1064 You have an error in your SQL syntax; check the manual that corresponds to your MariaDB server version for the right syntax to use near 'الترحيلات يع?
ل؛ لا يغيّر بيانات.
SET @orange_schem...' at line 1
[21-Apr-2026 22:42:33 Asia/Kuwait] [orange] migration failed 000_runner_baseline.sql: SQLSTATE[42000]: Syntax error or access violation: 1064 You have an error in your SQL syntax; check the manual that corresponds to your MariaDB server version for the right syntax to use near 'الترحيلات يع?
ل؛ لا يغيّر بيانات.
SET @orange_schem...' at line 1
[21-Apr-2026 22:42:34 Asia/Kuwait] [orange] migration failed 000_runner_baseline.sql: SQLSTATE[42000]: Syntax error or access violation: 1064 You have an error in your SQL syntax; check the manual that corresponds to your MariaDB server version for the right syntax to use near 'الترحيلات يع?
ل؛ لا يغيّر بيانات.
SET @orange_schem...' at line 1
[21-Apr-2026 22:42:35 Asia/Kuwait] [orange] migration failed 000_runner_baseline.sql: SQLSTATE[42000]: Syntax error or access violation: 1064 You have an error in your SQL syntax; check the manual that corresponds to your MariaDB server version for the right syntax to use near 'الترحيلات يع?
ل؛ لا يغيّر بيانات.
SET @orange_schem...' at line 1
[21-Apr-2026 22:42:36 Asia/Kuwait] [orange] migration failed 000_runner_baseline.sql: SQLSTATE[42000]: Syntax error or access violation: 1064 You have an error in your SQL syntax; check the manual that corresponds to your MariaDB server version for the right syntax to use near 'الترحيلات يع?
ل؛ لا يغيّر بيانات.
SET @orange_schem...' at line 1
[21-Apr-2026 22:42:36 Asia/Kuwait] [orange] migration failed 000_runner_baseline.sql: SQLSTATE[42000]: Syntax error or access violation: 1064 You have an error in your SQL syntax; check the manual that corresponds to your MariaDB server version for the right syntax to use near 'الترحيلات يع?
ل؛ لا يغيّر بيانات.
SET @orange_schem...' at line 1
[21-Apr-2026 22:42:37 Asia/Kuwait] [orange] migration failed 000_runner_baseline.sql: SQLSTATE[42000]: Syntax error or access violation: 1064 You have an error in your SQL syntax; check the manual that corresponds to your MariaDB server version for the right syntax to use near 'الترحيلات يع?
ل؛ لا يغيّر بيانات.
SET @orange_schem...' at line 1
[21-Apr-2026 22:42:38 Asia/Kuwait] [orange] migration failed 000_runner_baseline.sql: SQLSTATE[42000]: Syntax error or access violation: 1064 You have an error in your SQL syntax; check the manual that corresponds to your MariaDB server version for the right syntax to use near 'الترحيلات يع?
ل؛ لا يغيّر بيانات.
SET @orange_schem...' at line 1
[21-Apr-2026 22:42:39 Asia/Kuwait] [orange] migration failed 000_runner_baseline.sql: SQLSTATE[42000]: Syntax error or access violation: 1064 You have an error in your SQL syntax; check the manual that corresponds to your MariaDB server version for the right syntax to use near 'الترحيلات يع?
ل؛ لا يغيّر بيانات.
SET @orange_schem...' at line 1
[21-Apr-2026 22:42:39 Asia/Kuwait] [orange] migration failed 000_runner_baseline.sql: SQLSTATE[42000]: Syntax error or access violation: 1064 You have an error in your SQL syntax; check the manual that corresponds to your MariaDB server version for the right syntax to use near 'الترحيلات يع?
ل؛ لا يغيّر بيانات.
SET @orange_schem...' at line 1
[21-Apr-2026 22:42:41 Asia/Kuwait] [orange] migration failed 000_runner_baseline.sql: SQLSTATE[42000]: Syntax error or access violation: 1064 You have an error in your SQL syntax; check the manual that corresponds to your MariaDB server version for the right syntax to use near 'الترحيلات يع?
ل؛ لا يغيّر بيانات.
SET @orange_schem...' at line 1
[21-Apr-2026 22:42:42 Asia/Kuwait] [orange] migration failed 000_runner_baseline.sql: SQLSTATE[42000]: Syntax error or access violation: 1064 You have an error in your SQL syntax; check the manual that corresponds to your MariaDB server version for the right syntax to use near 'الترحيلات يع?
ل؛ لا يغيّر بيانات.
SET @orange_schem...' at line 1
[21-Apr-2026 22:42:42 Asia/Kuwait] [orange] migration failed 000_runner_baseline.sql: SQLSTATE[42000]: Syntax error or access violation: 1064 You have an error in your SQL syntax; check the manual that corresponds to your MariaDB server version for the right syntax to use near 'الترحيلات يع?
ل؛ لا يغيّر بيانات.
SET @orange_schem...' at line 1
[21-Apr-2026 22:42:43 Asia/Kuwait] [orange] migration failed 000_runner_baseline.sql: SQLSTATE[42000]: Syntax error or access violation: 1064 You have an error in your SQL syntax; check the manual that corresponds to your MariaDB server version for the right syntax to use near 'الترحيلات يع?
ل؛ لا يغيّر بيانات.
SET @orange_schem...' at line 1
[21-Apr-2026 22:42:44 Asia/Kuwait] [orange] migration failed 000_runner_baseline.sql: SQLSTATE[42000]: Syntax error or access violation: 1064 You have an error in your SQL syntax; check the manual that corresponds to your MariaDB server version for the right syntax to use near 'الترحيلات يع?
ل؛ لا يغيّر بيانات.
SET @orange_schem...' at line 1
[21-Apr-2026 22:42:45 Asia/Kuwait] [orange] migration failed 000_runner_baseline.sql: SQLSTATE[42000]: Syntax error or access violation: 1064 You have an error in your SQL syntax; check the manual that corresponds to your MariaDB server version for the right syntax to use near 'الترحيلات يع?
ل؛ لا يغيّر بيانات.
SET @orange_schem...' at line 1
[21-Apr-2026 22:42:45 Asia/Kuwait] [orange] migration failed 000_runner_baseline.sql: SQLSTATE[42000]: Syntax error or access violation: 1064 You have an error in your SQL syntax; check the manual that corresponds to your MariaDB server version for the right syntax to use near 'الترحيلات يع?
ل؛ لا يغيّر بيانات.
SET @orange_schem...' at line 1
[21-Apr-2026 22:42:46 Asia/Kuwait] [orange] migration failed 000_runner_baseline.sql: SQLSTATE[42000]: Syntax error or access violation: 1064 You have an error in your SQL syntax; check the manual that corresponds to your MariaDB server version for the right syntax to use near 'الترحيلات يع?
ل؛ لا يغيّر بيانات.
SET @orange_schem...' at line 1
[21-Apr-2026 22:42:47 Asia/Kuwait] [orange] migration failed 000_runner_baseline.sql: SQLSTATE[42000]: Syntax error or access violation: 1064 You have an error in your SQL syntax; check the manual that corresponds to your MariaDB server version for the right syntax to use near 'الترحيلات يع?
ل؛ لا يغيّر بيانات.
SET @orange_schem...' at line 1
[21-Apr-2026 22:47:50 Asia/Kuwait] [orange] migration failed 000_runner_baseline.sql: SQLSTATE[42000]: Syntax error or access violation: 1064 You have an error in your SQL syntax; check the manual that corresponds to your MariaDB server version for the right syntax to use near 'الترحيلات يع?
ل؛ لا يغيّر بيانات.
SET @orange_schem...' at line 1
[21-Apr-2026 22:47:52 Asia/Kuwait] [orange] migration failed 000_runner_baseline.sql: SQLSTATE[42000]: Syntax error or access violation: 1064 You have an error in your SQL syntax; check the manual that corresponds to your MariaDB server version for the right syntax to use near 'الترحيلات يع?
ل؛ لا يغيّر بيانات.
SET @orange_schem...' at line 1
[21-Apr-2026 22:48:38 Asia/Kuwait] [orange] migration failed 000_runner_baseline.sql: SQLSTATE[42000]: Syntax error or access violation: 1064 You have an error in your SQL syntax; check the manual that corresponds to your MariaDB server version for the right syntax to use near 'الترحيلات يع?
ل؛ لا يغيّر بيانات.
SET @orange_schem...' at line 1
[21-Apr-2026 22:48:40 Asia/Kuwait] [orange] migration failed 000_runner_baseline.sql: SQLSTATE[42000]: Syntax error or access violation: 1064 You have an error in your SQL syntax; check the manual that corresponds to your MariaDB server version for the right syntax to use near 'الترحيلات يع?
ل؛ لا يغيّر بيانات.
SET @orange_schem...' at line 1
[21-Apr-2026 22:48:42 Asia/Kuwait] [orange] migration failed 000_runner_baseline.sql: SQLSTATE[42000]: Syntax error or access violation: 1064 You have an error in your SQL syntax; check the manual that corresponds to your MariaDB server version for the right syntax to use near 'الترحيلات يع?
ل؛ لا يغيّر بيانات.
SET @orange_schem...' at line 1
[21-Apr-2026 22:48:44 Asia/Kuwait] [orange] migration failed 000_runner_baseline.sql: SQLSTATE[42000]: Syntax error or access violation: 1064 You have an error in your SQL syntax; check the manual that corresponds to your MariaDB server version for the right syntax to use near 'الترحيلات يع?
ل؛ لا يغيّر بيانات.
SET @orange_schem...' at line 1
[21-Apr-2026 22:55:25 Asia/Kuwait] [orange] migration failed 000_runner_baseline.sql: SQLSTATE[42000]: Syntax error or access violation: 1064 You have an error in your SQL syntax; check the manual that corresponds to your MariaDB server version for the right syntax to use near 'الترحيلات يع?
ل؛ لا يغيّر بيانات.
SET @orange_schem...' at line 1
[21-Apr-2026 22:55:28 Asia/Kuwait] [orange] migration failed 000_runner_baseline.sql: SQLSTATE[42000]: Syntax error or access violation: 1064 You have an error in your SQL syntax; check the manual that corresponds to your MariaDB server version for the right syntax to use near 'الترحيلات يع?
ل؛ لا يغيّر بيانات.
SET @orange_schem...' at line 1
[21-Apr-2026 22:58:52 Asia/Kuwait] [orange] migration failed 000_runner_baseline.sql: SQLSTATE[42000]: Syntax error or access violation: 1064 You have an error in your SQL syntax; check the manual that corresponds to your MariaDB server version for the right syntax to use near 'الترحيلات يع?
ل؛ لا يغيّر بيانات.
SET @orange_schem...' at line 1
[21-Apr-2026 22:58:57 Asia/Kuwait] [orange] migration failed 000_runner_baseline.sql: SQLSTATE[42000]: Syntax error or access violation: 1064 You have an error in your SQL syntax; check the manual that corresponds to your MariaDB server version for the right syntax to use near 'الترحيلات يع?
ل؛ لا يغيّر بيانات.
SET @orange_schem...' at line 1
[21-Apr-2026 22:59:38 Asia/Kuwait] [orange] migration failed 000_runner_baseline.sql: SQLSTATE[42000]: Syntax error or access violation: 1064 You have an error in your SQL syntax; check the manual that corresponds to your MariaDB server version for the right syntax to use near 'الترحيلات يع?
ل؛ لا يغيّر بيانات.
SET @orange_schem...' at line 1
[21-Apr-2026 22:59:40 Asia/Kuwait] [orange] migration failed 000_runner_baseline.sql: SQLSTATE[42000]: Syntax error or access violation: 1064 You have an error in your SQL syntax; check the manual that corresponds to your MariaDB server version for the right syntax to use near 'الترحيلات يع?
ل؛ لا يغيّر بيانات.
SET @orange_schem...' at line 1
[21-Apr-2026 23:00:44 Asia/Kuwait] [orange] migration failed 000_runner_baseline.sql: SQLSTATE[42000]: Syntax error or access violation: 1064 You have an error in your SQL syntax; check the manual that corresponds to your MariaDB server version for the right syntax to use near 'الترحيلات يع?
ل؛ لا يغيّر بيانات.
SET @orange_schem...' at line 1
[21-Apr-2026 23:00:45 Asia/Kuwait] [orange] migration failed 000_runner_baseline.sql: SQLSTATE[42000]: Syntax error or access violation: 1064 You have an error in your SQL syntax; check the manual that corresponds to your MariaDB server version for the right syntax to use near 'الترحيلات يع?
ل؛ لا يغيّر بيانات.
SET @orange_schem...' at line 1
[21-Apr-2026 23:00:52 Asia/Kuwait] [orange] migration failed 000_runner_baseline.sql: SQLSTATE[42000]: Syntax error or access violation: 1064 You have an error in your SQL syntax; check the manual that corresponds to your MariaDB server version for the right syntax to use near 'الترحيلات يع?
ل؛ لا يغيّر بيانات.
SET @orange_schem...' at line 1
[21-Apr-2026 23:00:53 Asia/Kuwait] [orange] migration failed 000_runner_baseline.sql: SQLSTATE[42000]: Syntax error or access violation: 1064 You have an error in your SQL syntax; check the manual that corresponds to your MariaDB server version for the right syntax to use near 'الترحيلات يع?
ل؛ لا يغيّر بيانات.
SET @orange_schem...' at line 1
[21-Apr-2026 23:01:04 Asia/Kuwait] [orange] migration failed 000_runner_baseline.sql: SQLSTATE[42000]: Syntax error or access violation: 1064 You have an error in your SQL syntax; check the manual that corresponds to your MariaDB server version for the right syntax to use near 'الترحيلات يع?
ل؛ لا يغيّر بيانات.
SET @orange_schem...' at line 1
[21-Apr-2026 23:01:05 Asia/Kuwait] [orange] migration failed 000_runner_baseline.sql: SQLSTATE[42000]: Syntax error or access violation: 1064 You have an error in your SQL syntax; check the manual that corresponds to your MariaDB server version for the right syntax to use near 'الترحيلات يع?
ل؛ لا يغيّر بيانات.
SET @orange_schem...' at line 1
[21-Apr-2026 23:01:06 Asia/Kuwait] [orange] migration failed 000_runner_baseline.sql: SQLSTATE[42000]: Syntax error or access violation: 1064 You have an error in your SQL syntax; check the manual that corresponds to your MariaDB server version for the right syntax to use near 'الترحيلات يع?
ل؛ لا يغيّر بيانات.
SET @orange_schem...' at line 1
[21-Apr-2026 23:13:57 Asia/Kuwait] [orange] migration failed 000_runner_baseline.sql: SQLSTATE[42000]: Syntax error or access violation: 1064 You have an error in your SQL syntax; check the manual that corresponds to your MariaDB server version for the right syntax to use near 'الترحيلات يع?
ل؛ لا يغيّر بيانات.
SET @orange_schem...' at line 1
[21-Apr-2026 23:13:58 Asia/Kuwait] [orange] migration failed 000_runner_baseline.sql: SQLSTATE[42000]: Syntax error or access violation: 1064 You have an error in your SQL syntax; check the manual that corresponds to your MariaDB server version for the right syntax to use near 'الترحيلات يع?
ل؛ لا يغيّر بيانات.
SET @orange_schem...' at line 1
[21-Apr-2026 23:13:59 Asia/Kuwait] [orange] migration failed 000_runner_baseline.sql: SQLSTATE[42000]: Syntax error or access violation: 1064 You have an error in your SQL syntax; check the manual that corresponds to your MariaDB server version for the right syntax to use near 'الترحيلات يع?
ل؛ لا يغيّر بيانات.
SET @orange_schem...' at line 1
[21-Apr-2026 23:14:00 Asia/Kuwait] [orange] migration failed 000_runner_baseline.sql: SQLSTATE[42000]: Syntax error or access violation: 1064 You have an error in your SQL syntax; check the manual that corresponds to your MariaDB server version for the right syntax to use near 'الترحيلات يع?
ل؛ لا يغيّر بيانات.
SET @orange_schem...' at line 1
[21-Apr-2026 23:14:01 Asia/Kuwait] [orange] migration failed 000_runner_baseline.sql: SQLSTATE[42000]: Syntax error or access violation: 1064 You have an error in your SQL syntax; check the manual that corresponds to your MariaDB server version for the right syntax to use near 'الترحيلات يع?
ل؛ لا يغيّر بيانات.
SET @orange_schem...' at line 1
[21-Apr-2026 23:14:02 Asia/Kuwait] [orange] migration failed 000_runner_baseline.sql: SQLSTATE[42000]: Syntax error or access violation: 1064 You have an error in your SQL syntax; check the manual that corresponds to your MariaDB server version for the right syntax to use near 'الترحيلات يع?
ل؛ لا يغيّر بيانات.
SET @orange_schem...' at line 1
[21-Apr-2026 23:14:05 Asia/Kuwait] [orange] migration failed 000_runner_baseline.sql: SQLSTATE[42000]: Syntax error or access violation: 1064 You have an error in your SQL syntax; check the manual that corresponds to your MariaDB server version for the right syntax to use near 'الترحيلات يع?
ل؛ لا يغيّر بيانات.
SET @orange_schem...' at line 1
[21-Apr-2026 23:14:06 Asia/Kuwait] [orange] migration failed 000_runner_baseline.sql: SQLSTATE[42000]: Syntax error or access violation: 1064 You have an error in your SQL syntax; check the manual that corresponds to your MariaDB server version for the right syntax to use near 'الترحيلات يع?
ل؛ لا يغيّر بيانات.
SET @orange_schem...' at line 1
[21-Apr-2026 23:14:07 Asia/Kuwait] [orange] migration failed 000_runner_baseline.sql: SQLSTATE[42000]: Syntax error or access violation: 1064 You have an error in your SQL syntax; check the manual that corresponds to your MariaDB server version for the right syntax to use near 'الترحيلات يع?
ل؛ لا يغيّر بيانات.
SET @orange_schem...' at line 1
[21-Apr-2026 23:14:08 Asia/Kuwait] [orange] migration failed 000_runner_baseline.sql: SQLSTATE[42000]: Syntax error or access violation: 1064 You have an error in your SQL syntax; check the manual that corresponds to your MariaDB server version for the right syntax to use near 'الترحيلات يع?
ل؛ لا يغيّر بيانات.
SET @orange_schem...' at line 1
[21-Apr-2026 23:17:07 Asia/Kuwait] [orange] migration failed 000_runner_baseline.sql: SQLSTATE[42000]: Syntax error or access violation: 1064 You have an error in your SQL syntax; check the manual that corresponds to your MariaDB server version for the right syntax to use near 'الترحيلات يع?
ل؛ لا يغيّر بيانات.
SET @orange_schem...' at line 1
[21-Apr-2026 23:17:08 Asia/Kuwait] [orange] migration failed 000_runner_baseline.sql: SQLSTATE[42000]: Syntax error or access violation: 1064 You have an error in your SQL syntax; check the manual that corresponds to your MariaDB server version for the right syntax to use near 'الترحيلات يع?
ل؛ لا يغيّر بيانات.
SET @orange_schem...' at line 1
[21-Apr-2026 23:17:12 Asia/Kuwait] [orange] migration failed 000_runner_baseline.sql: SQLSTATE[42000]: Syntax error or access violation: 1064 You have an error in your SQL syntax; check the manual that corresponds to your MariaDB server version for the right syntax to use near 'الترحيلات يع?
ل؛ لا يغيّر بيانات.
SET @orange_schem...' at line 1
[21-Apr-2026 23:17:14 Asia/Kuwait] [orange] migration failed 000_runner_baseline.sql: SQLSTATE[42000]: Syntax error or access violation: 1064 You have an error in your SQL syntax; check the manual that corresponds to your MariaDB server version for the right syntax to use near 'الترحيلات يع?
ل؛ لا يغيّر بيانات.
SET @orange_schem...' at line 1
[21-Apr-2026 23:17:18 Asia/Kuwait] [orange] migration failed 000_runner_baseline.sql: SQLSTATE[42000]: Syntax error or access violation: 1064 You have an error in your SQL syntax; check the manual that corresponds to your MariaDB server version for the right syntax to use near 'الترحيلات يع?
ل؛ لا يغيّر بيانات.
SET @orange_schem...' at line 1
[21-Apr-2026 23:17:19 Asia/Kuwait] [orange] migration failed 000_runner_baseline.sql: SQLSTATE[42000]: Syntax error or access violation: 1064 You have an error in your SQL syntax; check the manual that corresponds to your MariaDB server version for the right syntax to use near 'الترحيلات يع?
ل؛ لا يغيّر بيانات.
SET @orange_schem...' at line 1
[21-Apr-2026 23:17:25 Asia/Kuwait] [orange] migration failed 000_runner_baseline.sql: SQLSTATE[42000]: Syntax error or access violation: 1064 You have an error in your SQL syntax; check the manual that corresponds to your MariaDB server version for the right syntax to use near 'الترحيلات يع?
ل؛ لا يغيّر بيانات.
SET @orange_schem...' at line 1
[21-Apr-2026 23:17:26 Asia/Kuwait] [orange] migration failed 000_runner_baseline.sql: SQLSTATE[42000]: Syntax error or access violation: 1064 You have an error in your SQL syntax; check the manual that corresponds to your MariaDB server version for the right syntax to use near 'الترحيلات يع?
ل؛ لا يغيّر بيانات.
SET @orange_schem...' at line 1
[21-Apr-2026 23:17:27 Asia/Kuwait] [orange] migration failed 000_runner_baseline.sql: SQLSTATE[42000]: Syntax error or access violation: 1064 You have an error in your SQL syntax; check the manual that corresponds to your MariaDB server version for the right syntax to use near 'الترحيلات يع?
ل؛ لا يغيّر بيانات.
SET @orange_schem...' at line 1
[21-Apr-2026 23:17:28 Asia/Kuwait] [orange] migration failed 000_runner_baseline.sql: SQLSTATE[42000]: Syntax error or access violation: 1064 You have an error in your SQL syntax; check the manual that corresponds to your MariaDB server version for the right syntax to use near 'الترحيلات يع?
ل؛ لا يغيّر بيانات.
SET @orange_schem...' at line 1
[21-Apr-2026 23:17:30 Asia/Kuwait] [orange] migration failed 000_runner_baseline.sql: SQLSTATE[42000]: Syntax error or access violation: 1064 You have an error in your SQL syntax; check the manual that corresponds to your MariaDB server version for the right syntax to use near 'الترحيلات يع?
ل؛ لا يغيّر بيانات.
SET @orange_schem...' at line 1
[21-Apr-2026 23:17:31 Asia/Kuwait] [orange] migration failed 000_runner_baseline.sql: SQLSTATE[42000]: Syntax error or access violation: 1064 You have an error in your SQL syntax; check the manual that corresponds to your MariaDB server version for the right syntax to use near 'الترحيلات يع?
ل؛ لا يغيّر بيانات.
SET @orange_schem...' at line 1
[21-Apr-2026 23:17:33 Asia/Kuwait] [orange] migration failed 000_runner_baseline.sql: SQLSTATE[42000]: Syntax error or access violation: 1064 You have an error in your SQL syntax; check the manual that corresponds to your MariaDB server version for the right syntax to use near 'الترحيلات يع?
ل؛ لا يغيّر بيانات.
SET @orange_schem...' at line 1
[21-Apr-2026 23:17:35 Asia/Kuwait] [orange] migration failed 000_runner_baseline.sql: SQLSTATE[42000]: Syntax error or access violation: 1064 You have an error in your SQL syntax; check the manual that corresponds to your MariaDB server version for the right syntax to use near 'الترحيلات يع?
ل؛ لا يغيّر بيانات.
SET @orange_schem...' at line 1
[21-Apr-2026 23:17:37 Asia/Kuwait] [orange] migration failed 000_runner_baseline.sql: SQLSTATE[42000]: Syntax error or access violation: 1064 You have an error in your SQL syntax; check the manual that corresponds to your MariaDB server version for the right syntax to use near 'الترحيلات يع?
ل؛ لا يغيّر بيانات.
SET @orange_schem...' at line 1
[21-Apr-2026 23:17:37 Asia/Kuwait] [orange] migration failed 000_runner_baseline.sql: SQLSTATE[42000]: Syntax error or access violation: 1064 You have an error in your SQL syntax; check the manual that corresponds to your MariaDB server version for the right syntax to use near 'الترحيلات يع?
ل؛ لا يغيّر بيانات.
SET @orange_schem...' at line 1
[21-Apr-2026 23:17:39 Asia/Kuwait] [orange] migration failed 000_runner_baseline.sql: SQLSTATE[42000]: Syntax error or access violation: 1064 You have an error in your SQL syntax; check the manual that corresponds to your MariaDB server version for the right syntax to use near 'الترحيلات يع?
ل؛ لا يغيّر بيانات.
SET @orange_schem...' at line 1
[21-Apr-2026 23:17:40 Asia/Kuwait] [orange] migration failed 000_runner_baseline.sql: SQLSTATE[42000]: Syntax error or access violation: 1064 You have an error in your SQL syntax; check the manual that corresponds to your MariaDB server version for the right syntax to use near 'الترحيلات يع?
ل؛ لا يغيّر بيانات.
SET @orange_schem...' at line 1
[21-Apr-2026 23:17:42 Asia/Kuwait] [orange] migration failed 000_runner_baseline.sql: SQLSTATE[42000]: Syntax error or access violation: 1064 You have an error in your SQL syntax; check the manual that corresponds to your MariaDB server version for the right syntax to use near 'الترحيلات يع?
ل؛ لا يغيّر بيانات.
SET @orange_schem...' at line 1
[21-Apr-2026 23:17:42 Asia/Kuwait] [orange] migration failed 000_runner_baseline.sql: SQLSTATE[42000]: Syntax error or access violation: 1064 You have an error in your SQL syntax; check the manual that corresponds to your MariaDB server version for the right syntax to use near 'الترحيلات يع?
ل؛ لا يغيّر بيانات.
SET @orange_schem...' at line 1
[21-Apr-2026 23:17:43 Asia/Kuwait] [orange] migration failed 000_runner_baseline.sql: SQLSTATE[42000]: Syntax error or access violation: 1064 You have an error in your SQL syntax; check the manual that corresponds to your MariaDB server version for the right syntax to use near 'الترحيلات يع?
ل؛ لا يغيّر بيانات.
SET @orange_schem...' at line 1
[21-Apr-2026 23:17:44 Asia/Kuwait] [orange] migration failed 000_runner_baseline.sql: SQLSTATE[42000]: Syntax error or access violation: 1064 You have an error in your SQL syntax; check the manual that corresponds to your MariaDB server version for the right syntax to use near 'الترحيلات يع?
ل؛ لا يغيّر بيانات.
SET @orange_schem...' at line 1
[21-Apr-2026 23:17:46 Asia/Kuwait] [orange] migration failed 000_runner_baseline.sql: SQLSTATE[42000]: Syntax error or access violation: 1064 You have an error in your SQL syntax; check the manual that corresponds to your MariaDB server version for the right syntax to use near 'الترحيلات يع?
ل؛ لا يغيّر بيانات.
SET @orange_schem...' at line 1
[21-Apr-2026 23:17:46 Asia/Kuwait] [orange] migration failed 000_runner_baseline.sql: SQLSTATE[42000]: Syntax error or access violation: 1064 You have an error in your SQL syntax; check the manual that corresponds to your MariaDB server version for the right syntax to use near 'الترحيلات يع?
ل؛ لا يغيّر بيانات.
SET @orange_schem...' at line 1
[21-Apr-2026 23:17:48 Asia/Kuwait] [orange] migration failed 000_runner_baseline.sql: SQLSTATE[42000]: Syntax error or access violation: 1064 You have an error in your SQL syntax; check the manual that corresponds to your MariaDB server version for the right syntax to use near 'الترحيلات يع?
ل؛ لا يغيّر بيانات.
SET @orange_schem...' at line 1
[21-Apr-2026 23:17:48 Asia/Kuwait] [orange] migration failed 000_runner_baseline.sql: SQLSTATE[42000]: Syntax error or access violation: 1064 You have an error in your SQL syntax; check the manual that corresponds to your MariaDB server version for the right syntax to use near 'الترحيلات يع?
ل؛ لا يغيّر بيانات.
SET @orange_schem...' at line 1
[21-Apr-2026 23:17:50 Asia/Kuwait] [orange] migration failed 000_runner_baseline.sql: SQLSTATE[42000]: Syntax error or access violation: 1064 You have an error in your SQL syntax; check the manual that corresponds to your MariaDB server version for the right syntax to use near 'الترحيلات يع?
ل؛ لا يغيّر بيانات.
SET @orange_schem...' at line 1
[21-Apr-2026 23:17:51 Asia/Kuwait] [orange] migration failed 000_runner_baseline.sql: SQLSTATE[42000]: Syntax error or access violation: 1064 You have an error in your SQL syntax; check the manual that corresponds to your MariaDB server version for the right syntax to use near 'الترحيلات يع?
ل؛ لا يغيّر بيانات.
SET @orange_schem...' at line 1
[21-Apr-2026 23:21:20 Asia/Kuwait] [orange] migration failed 000_runner_baseline.sql: SQLSTATE[42000]: Syntax error or access violation: 1064 You have an error in your SQL syntax; check the manual that corresponds to your MariaDB server version for the right syntax to use near 'الترحيلات يع?
ل؛ لا يغيّر بيانات.
SET @orange_schem...' at line 1
[21-Apr-2026 23:21:25 Asia/Kuwait] [orange] migration failed 000_runner_baseline.sql: SQLSTATE[42000]: Syntax error or access violation: 1064 You have an error in your SQL syntax; check the manual that corresponds to your MariaDB server version for the right syntax to use near 'الترحيلات يع?
ل؛ لا يغيّر بيانات.
SET @orange_schem...' at line 1
[21-Apr-2026 23:21:28 Asia/Kuwait] [orange] migration failed 000_runner_baseline.sql: SQLSTATE[42000]: Syntax error or access violation: 1064 You have an error in your SQL syntax; check the manual that corresponds to your MariaDB server version for the right syntax to use near 'الترحيلات يع?
ل؛ لا يغيّر بيانات.
SET @orange_schem...' at line 1
[21-Apr-2026 23:21:31 Asia/Kuwait] [orange] migration failed 000_runner_baseline.sql: SQLSTATE[42000]: Syntax error or access violation: 1064 You have an error in your SQL syntax; check the manual that corresponds to your MariaDB server version for the right syntax to use near 'الترحيلات يع?
ل؛ لا يغيّر بيانات.
SET @orange_schem...' at line 1
[21-Apr-2026 23:21:32 Asia/Kuwait] [orange] migration failed 000_runner_baseline.sql: SQLSTATE[42000]: Syntax error or access violation: 1064 You have an error in your SQL syntax; check the manual that corresponds to your MariaDB server version for the right syntax to use near 'الترحيلات يع?
ل؛ لا يغيّر بيانات.
SET @orange_schem...' at line 1
[21-Apr-2026 23:21:32 Asia/Kuwait] [orange] migration failed 000_runner_baseline.sql: SQLSTATE[42000]: Syntax error or access violation: 1064 You have an error in your SQL syntax; check the manual that corresponds to your MariaDB server version for the right syntax to use near 'الترحيلات يع?
ل؛ لا يغيّر بيانات.
SET @orange_schem...' at line 1
[21-Apr-2026 23:22:00 Asia/Kuwait] [orange] migration failed 000_runner_baseline.sql: SQLSTATE[42000]: Syntax error or access violation: 1064 You have an error in your SQL syntax; check the manual that corresponds to your MariaDB server version for the right syntax to use near 'الترحيلات يع?
ل؛ لا يغيّر بيانات.
SET @orange_schem...' at line 1
[21-Apr-2026 23:22:33 Asia/Kuwait] [orange] migration failed 000_runner_baseline.sql: SQLSTATE[42000]: Syntax error or access violation: 1064 You have an error in your SQL syntax; check the manual that corresponds to your MariaDB server version for the right syntax to use near 'الترحيلات يع?
ل؛ لا يغيّر بيانات.
SET @orange_schem...' at line 1
[21-Apr-2026 23:22:34 Asia/Kuwait] [orange] migration failed 000_runner_baseline.sql: SQLSTATE[42000]: Syntax error or access violation: 1064 You have an error in your SQL syntax; check the manual that corresponds to your MariaDB server version for the right syntax to use near 'الترحيلات يع?
ل؛ لا يغيّر بيانات.
SET @orange_schem...' at line 1
[21-Apr-2026 23:22:38 Asia/Kuwait] [orange] migration failed 000_runner_baseline.sql: SQLSTATE[42000]: Syntax error or access violation: 1064 You have an error in your SQL syntax; check the manual that corresponds to your MariaDB server version for the right syntax to use near 'الترحيلات يع?
ل؛ لا يغيّر بيانات.
SET @orange_schem...' at line 1
[21-Apr-2026 23:22:39 Asia/Kuwait] [orange] migration failed 000_runner_baseline.sql: SQLSTATE[42000]: Syntax error or access violation: 1064 You have an error in your SQL syntax; check the manual that corresponds to your MariaDB server version for the right syntax to use near 'الترحيلات يع?
ل؛ لا يغيّر بيانات.
SET @orange_schem...' at line 1
[21-Apr-2026 23:27:59 Asia/Kuwait] [orange] migration failed 000_runner_baseline.sql: SQLSTATE[42000]: Syntax error or access violation: 1064 You have an error in your SQL syntax; check the manual that corresponds to your MariaDB server version for the right syntax to use near 'الترحيلات يع?
ل؛ لا يغيّر بيانات.
SET @orange_schem...' at line 1
[21-Apr-2026 23:28:00 Asia/Kuwait] [orange] migration failed 000_runner_baseline.sql: SQLSTATE[42000]: Syntax error or access violation: 1064 You have an error in your SQL syntax; check the manual that corresponds to your MariaDB server version for the right syntax to use near 'الترحيلات يع?
ل؛ لا يغيّر بيانات.
SET @orange_schem...' at line 1
[21-Apr-2026 23:28:01 Asia/Kuwait] [orange] migration failed 000_runner_baseline.sql: SQLSTATE[42000]: Syntax error or access violation: 1064 You have an error in your SQL syntax; check the manual that corresponds to your MariaDB server version for the right syntax to use near 'الترحيلات يع?
ل؛ لا يغيّر بيانات.
SET @orange_schem...' at line 1
[21-Apr-2026 23:28:02 Asia/Kuwait] [orange] migration failed 000_runner_baseline.sql: SQLSTATE[42000]: Syntax error or access violation: 1064 You have an error in your SQL syntax; check the manual that corresponds to your MariaDB server version for the right syntax to use near 'الترحيلات يع?
ل؛ لا يغيّر بيانات.
SET @orange_schem...' at line 1
[21-Apr-2026 23:28:11 Asia/Kuwait] [orange] migration failed 000_runner_baseline.sql: SQLSTATE[42000]: Syntax error or access violation: 1064 You have an error in your SQL syntax; check the manual that corresponds to your MariaDB server version for the right syntax to use near 'الترحيلات يع?
ل؛ لا يغيّر بيانات.
SET @orange_schem...' at line 1
[21-Apr-2026 23:28:12 Asia/Kuwait] [orange] migration failed 000_runner_baseline.sql: SQLSTATE[42000]: Syntax error or access violation: 1064 You have an error in your SQL syntax; check the manual that corresponds to your MariaDB server version for the right syntax to use near 'الترحيلات يع?
ل؛ لا يغيّر بيانات.
SET @orange_schem...' at line 1
[21-Apr-2026 23:28:13 Asia/Kuwait] [orange] migration failed 000_runner_baseline.sql: SQLSTATE[42000]: Syntax error or access violation: 1064 You have an error in your SQL syntax; check the manual that corresponds to your MariaDB server version for the right syntax to use near 'الترحيلات يع?
ل؛ لا يغيّر بيانات.
SET @orange_schem...' at line 1
[21-Apr-2026 23:28:14 Asia/Kuwait] [orange] migration failed 000_runner_baseline.sql: SQLSTATE[42000]: Syntax error or access violation: 1064 You have an error in your SQL syntax; check the manual that corresponds to your MariaDB server version for the right syntax to use near 'الترحيلات يع?
ل؛ لا يغيّر بيانات.
SET @orange_schem...' at line 1
[21-Apr-2026 23:28:15 Asia/Kuwait] [orange] migration failed 000_runner_baseline.sql: SQLSTATE[42000]: Syntax error or access violation: 1064 You have an error in your SQL syntax; check the manual that corresponds to your MariaDB server version for the right syntax to use near 'الترحيلات يع?
ل؛ لا يغيّر بيانات.
SET @orange_schem...' at line 1
[21-Apr-2026 23:28:16 Asia/Kuwait] [orange] migration failed 000_runner_baseline.sql: SQLSTATE[42000]: Syntax error or access violation: 1064 You have an error in your SQL syntax; check the manual that corresponds to your MariaDB server version for the right syntax to use near 'الترحيلات يع?
ل؛ لا يغيّر بيانات.
SET @orange_schem...' at line 1
[21-Apr-2026 23:28:19 Asia/Kuwait] [orange] migration failed 000_runner_baseline.sql: SQLSTATE[42000]: Syntax error or access violation: 1064 You have an error in your SQL syntax; check the manual that corresponds to your MariaDB server version for the right syntax to use near 'الترحيلات يع?
ل؛ لا يغيّر بيانات.
SET @orange_schem...' at line 1
[21-Apr-2026 23:28:19 Asia/Kuwait] [orange] migration failed 000_runner_baseline.sql: SQLSTATE[42000]: Syntax error or access violation: 1064 You have an error in your SQL syntax; check the manual that corresponds to your MariaDB server version for the right syntax to use near 'الترحيلات يع?
ل؛ لا يغيّر بيانات.
SET @orange_schem...' at line 1
[21-Apr-2026 23:28:20 Asia/Kuwait] [orange] migration failed 000_runner_baseline.sql: SQLSTATE[42000]: Syntax error or access violation: 1064 You have an error in your SQL syntax; check the manual that corresponds to your MariaDB server version for the right syntax to use near 'الترحيلات يع?
ل؛ لا يغيّر بيانات.
SET @orange_schem...' at line 1
[21-Apr-2026 23:28:21 Asia/Kuwait] [orange] migration failed 000_runner_baseline.sql: SQLSTATE[42000]: Syntax error or access violation: 1064 You have an error in your SQL syntax; check the manual that corresponds to your MariaDB server version for the right syntax to use near 'الترحيلات يع?
ل؛ لا يغيّر بيانات.
SET @orange_schem...' at line 1
[21-Apr-2026 23:28:22 Asia/Kuwait] [orange] migration failed 000_runner_baseline.sql: SQLSTATE[42000]: Syntax error or access violation: 1064 You have an error in your SQL syntax; check the manual that corresponds to your MariaDB server version for the right syntax to use near 'الترحيلات يع?
ل؛ لا يغيّر بيانات.
SET @orange_schem...' at line 1
[21-Apr-2026 23:28:23 Asia/Kuwait] [orange] migration failed 000_runner_baseline.sql: SQLSTATE[42000]: Syntax error or access violation: 1064 You have an error in your SQL syntax; check the manual that corresponds to your MariaDB server version for the right syntax to use near 'الترحيلات يع?
ل؛ لا يغيّر بيانات.
SET @orange_schem...' at line 1
[21-Apr-2026 23:28:24 Asia/Kuwait] [orange] migration failed 000_runner_baseline.sql: SQLSTATE[42000]: Syntax error or access violation: 1064 You have an error in your SQL syntax; check the manual that corresponds to your MariaDB server version for the right syntax to use near 'الترحيلات يع?
ل؛ لا يغيّر بيانات.
SET @orange_schem...' at line 1
[21-Apr-2026 23:28:24 Asia/Kuwait] [orange] migration failed 000_runner_baseline.sql: SQLSTATE[42000]: Syntax error or access violation: 1064 You have an error in your SQL syntax; check the manual that corresponds to your MariaDB server version for the right syntax to use near 'الترحيلات يع?
ل؛ لا يغيّر بيانات.
SET @orange_schem...' at line 1
[21-Apr-2026 23:29:37 Asia/Kuwait] [orange] migration failed 000_runner_baseline.sql: SQLSTATE[42000]: Syntax error or access violation: 1064 You have an error in your SQL syntax; check the manual that corresponds to your MariaDB server version for the right syntax to use near 'الترحيلات يع?
ل؛ لا يغيّر بيانات.
SET @orange_schem...' at line 1
[21-Apr-2026 23:29:47 Asia/Kuwait] [orange] migration failed 000_runner_baseline.sql: SQLSTATE[42000]: Syntax error or access violation: 1064 You have an error in your SQL syntax; check the manual that corresponds to your MariaDB server version for the right syntax to use near 'الترحيلات يع?
ل؛ لا يغيّر بيانات.
SET @orange_schem...' at line 1
[21-Apr-2026 23:30:57 Asia/Kuwait] [orange] migration failed 000_runner_baseline.sql: SQLSTATE[42000]: Syntax error or access violation: 1064 You have an error in your SQL syntax; check the manual that corresponds to your MariaDB server version for the right syntax to use near 'الترحيلات يع?
ل؛ لا يغيّر بيانات.
SET @orange_schem...' at line 1
[21-Apr-2026 23:30:58 Asia/Kuwait] [orange] migration failed 000_runner_baseline.sql: SQLSTATE[42000]: Syntax error or access violation: 1064 You have an error in your SQL syntax; check the manual that corresponds to your MariaDB server version for the right syntax to use near 'الترحيلات يع?
ل؛ لا يغيّر بيانات.
SET @orange_schem...' at line 1
[21-Apr-2026 23:31:13 Asia/Kuwait] [orange] migration failed 000_runner_baseline.sql: SQLSTATE[42000]: Syntax error or access violation: 1064 You have an error in your SQL syntax; check the manual that corresponds to your MariaDB server version for the right syntax to use near 'الترحيلات يع?
ل؛ لا يغيّر بيانات.
SET @orange_schem...' at line 1
[21-Apr-2026 23:31:20 Asia/Kuwait] [orange] migration failed 000_runner_baseline.sql: SQLSTATE[42000]: Syntax error or access violation: 1064 You have an error in your SQL syntax; check the manual that corresponds to your MariaDB server version for the right syntax to use near 'الترحيلات يع?
ل؛ لا يغيّر بيانات.
SET @orange_schem...' at line 1
[21-Apr-2026 23:31:22 Asia/Kuwait] [orange] migration failed 000_runner_baseline.sql: SQLSTATE[42000]: Syntax error or access violation: 1064 You have an error in your SQL syntax; check the manual that corresponds to your MariaDB server version for the right syntax to use near 'الترحيلات يع?
ل؛ لا يغيّر بيانات.
SET @orange_schem...' at line 1
[21-Apr-2026 23:31:49 Asia/Kuwait] [orange] migration failed 000_runner_baseline.sql: SQLSTATE[42000]: Syntax error or access violation: 1064 You have an error in your SQL syntax; check the manual that corresponds to your MariaDB server version for the right syntax to use near 'الترحيلات يع?
ل؛ لا يغيّر بيانات.
SET @orange_schem...' at line 1
[21-Apr-2026 23:31:50 Asia/Kuwait] [orange] migration failed 000_runner_baseline.sql: SQLSTATE[42000]: Syntax error or access violation: 1064 You have an error in your SQL syntax; check the manual that corresponds to your MariaDB server version for the right syntax to use near 'الترحيلات يع?
ل؛ لا يغيّر بيانات.
SET @orange_schem...' at line 1
[21-Apr-2026 23:31:57 Asia/Kuwait] [orange] migration failed 000_runner_baseline.sql: SQLSTATE[42000]: Syntax error or access violation: 1064 You have an error in your SQL syntax; check the manual that corresponds to your MariaDB server version for the right syntax to use near 'الترحيلات يع?
ل؛ لا يغيّر بيانات.
SET @orange_schem...' at line 1
[21-Apr-2026 23:31:58 Asia/Kuwait] [orange] migration failed 000_runner_baseline.sql: SQLSTATE[42000]: Syntax error or access violation: 1064 You have an error in your SQL syntax; check the manual that corresponds to your MariaDB server version for the right syntax to use near 'الترحيلات يع?
ل؛ لا يغيّر بيانات.
SET @orange_schem...' at line 1
[21-Apr-2026 23:33:54 Asia/Kuwait] [orange] migration failed 000_runner_baseline.sql: SQLSTATE[42000]: Syntax error or access violation: 1064 You have an error in your SQL syntax; check the manual that corresponds to your MariaDB server version for the right syntax to use near 'الترحيلات يع?
ل؛ لا يغيّر بيانات.
SET @orange_schem...' at line 1
[21-Apr-2026 23:34:10 Asia/Kuwait] [orange] migration failed 000_runner_baseline.sql: SQLSTATE[42000]: Syntax error or access violation: 1064 You have an error in your SQL syntax; check the manual that corresponds to your MariaDB server version for the right syntax to use near 'الترحيلات يع?
ل؛ لا يغيّر بيانات.
SET @orange_schem...' at line 1
[21-Apr-2026 23:36:59 Asia/Kuwait] [orange] migration failed 000_runner_baseline.sql: SQLSTATE[42000]: Syntax error or access violation: 1064 You have an error in your SQL syntax; check the manual that corresponds to your MariaDB server version for the right syntax to use near 'الترحيلات يع?
ل؛ لا يغيّر بيانات.
SET @orange_schem...' at line 1
[21-Apr-2026 23:38:04 Asia/Kuwait] [orange] migration failed 000_runner_baseline.sql: SQLSTATE[42000]: Syntax error or access violation: 1064 You have an error in your SQL syntax; check the manual that corresponds to your MariaDB server version for the right syntax to use near 'الترحيلات يع?
ل؛ لا يغيّر بيانات.
SET @orange_schem...' at line 1
[21-Apr-2026 23:40:58 Asia/Kuwait] [orange] migration failed 000_runner_baseline.sql: SQLSTATE[42000]: Syntax error or access violation: 1064 You have an error in your SQL syntax; check the manual that corresponds to your MariaDB server version for the right syntax to use near 'الترحيلات يع?
ل؛ لا يغيّر بيانات.
SET @orange_schem...' at line 1
[21-Apr-2026 23:41:05 Asia/Kuwait] [orange] migration failed 000_runner_baseline.sql: SQLSTATE[42000]: Syntax error or access violation: 1064 You have an error in your SQL syntax; check the manual that corresponds to your MariaDB server version for the right syntax to use near 'الترحيلات يع?
ل؛ لا يغيّر بيانات.
SET @orange_schem...' at line 1
[21-Apr-2026 23:41:10 Asia/Kuwait] [orange] migration failed 000_runner_baseline.sql: SQLSTATE[42000]: Syntax error or access violation: 1064 You have an error in your SQL syntax; check the manual that corresponds to your MariaDB server version for the right syntax to use near 'الترحيلات يع?
ل؛ لا يغيّر بيانات.
SET @orange_schem...' at line 1
[21-Apr-2026 23:41:11 Asia/Kuwait] [orange] migration failed 000_runner_baseline.sql: SQLSTATE[42000]: Syntax error or access violation: 1064 You have an error in your SQL syntax; check the manual that corresponds to your MariaDB server version for the right syntax to use near 'الترحيلات يع?
ل؛ لا يغيّر بيانات.
SET @orange_schem...' at line 1
[21-Apr-2026 23:41:12 Asia/Kuwait] [orange] migration failed 000_runner_baseline.sql: SQLSTATE[42000]: Syntax error or access violation: 1064 You have an error in your SQL syntax; check the manual that corresponds to your MariaDB server version for the right syntax to use near 'الترحيلات يع?
ل؛ لا يغيّر بيانات.
SET @orange_schem...' at line 1
[21-Apr-2026 23:41:13 Asia/Kuwait] [orange] migration failed 000_runner_baseline.sql: SQLSTATE[42000]: Syntax error or access violation: 1064 You have an error in your SQL syntax; check the manual that corresponds to your MariaDB server version for the right syntax to use near 'الترحيلات يع?
ل؛ لا يغيّر بيانات.
SET @orange_schem...' at line 1
[21-Apr-2026 23:41:21 Asia/Kuwait] [orange] migration failed 000_runner_baseline.sql: SQLSTATE[42000]: Syntax error or access violation: 1064 You have an error in your SQL syntax; check the manual that corresponds to your MariaDB server version for the right syntax to use near 'الترحيلات يع?
ل؛ لا يغيّر بيانات.
SET @orange_schem...' at line 1
[21-Apr-2026 23:41:22 Asia/Kuwait] [orange] migration failed 000_runner_baseline.sql: SQLSTATE[42000]: Syntax error or access violation: 1064 You have an error in your SQL syntax; check the manual that corresponds to your MariaDB server version for the right syntax to use near 'الترحيلات يع?
ل؛ لا يغيّر بيانات.
SET @orange_schem...' at line 1
[21-Apr-2026 23:44:45 Asia/Kuwait] [orange] migration failed 000_runner_baseline.sql: SQLSTATE[42000]: Syntax error or access violation: 1064 You have an error in your SQL syntax; check the manual that corresponds to your MariaDB server version for the right syntax to use near 'الترحيلات يع?
ل؛ لا يغيّر بيانات.
SET @orange_schem...' at line 1
[21-Apr-2026 23:44:57 Asia/Kuwait] [orange] migration failed 000_runner_baseline.sql: SQLSTATE[42000]: Syntax error or access violation: 1064 You have an error in your SQL syntax; check the manual that corresponds to your MariaDB server version for the right syntax to use near 'الترحيلات يع?
ل؛ لا يغيّر بيانات.
SET @orange_schem...' at line 1
[21-Apr-2026 23:45:33 Asia/Kuwait] [orange] migration failed 000_runner_baseline.sql: SQLSTATE[42000]: Syntax error or access violation: 1064 You have an error in your SQL syntax; check the manual that corresponds to your MariaDB server version for the right syntax to use near 'الترحيلات يع?
ل؛ لا يغيّر بيانات.
SET @orange_schem...' at line 1
[21-Apr-2026 23:46:07 Asia/Kuwait] [orange] migration failed 000_runner_baseline.sql: SQLSTATE[42000]: Syntax error or access violation: 1064 You have an error in your SQL syntax; check the manual that corresponds to your MariaDB server version for the right syntax to use near 'الترحيلات يع?
ل؛ لا يغيّر بيانات.
SET @orange_schem...' at line 1
[21-Apr-2026 23:46:30 Asia/Kuwait] [orange] migration failed 000_runner_baseline.sql: SQLSTATE[42000]: Syntax error or access violation: 1064 You have an error in your SQL syntax; check the manual that corresponds to your MariaDB server version for the right syntax to use near 'الترحيلات يع?
ل؛ لا يغيّر بيانات.
SET @orange_schem...' at line 1
[21-Apr-2026 23:46:50 Asia/Kuwait] [orange] migration failed 000_runner_baseline.sql: SQLSTATE[42000]: Syntax error or access violation: 1064 You have an error in your SQL syntax; check the manual that corresponds to your MariaDB server version for the right syntax to use near 'الترحيلات يع?
ل؛ لا يغيّر بيانات.
SET @orange_schem...' at line 1
[21-Apr-2026 23:47:36 Asia/Kuwait] [orange] migration failed 000_runner_baseline.sql: SQLSTATE[42000]: Syntax error or access violation: 1064 You have an error in your SQL syntax; check the manual that corresponds to your MariaDB server version for the right syntax to use near 'الترحيلات يع?
ل؛ لا يغيّر بيانات.
SET @orange_schem...' at line 1
[21-Apr-2026 23:48:34 Asia/Kuwait] [orange] migration failed 000_runner_baseline.sql: SQLSTATE[42000]: Syntax error or access violation: 1064 You have an error in your SQL syntax; check the manual that corresponds to your MariaDB server version for the right syntax to use near 'الترحيلات يع?
ل؛ لا يغيّر بيانات.
SET @orange_schem...' at line 1
[21-Apr-2026 23:49:12 Asia/Kuwait] [orange] migration failed 000_runner_baseline.sql: SQLSTATE[42000]: Syntax error or access violation: 1064 You have an error in your SQL syntax; check the manual that corresponds to your MariaDB server version for the right syntax to use near 'الترحيلات يع?
ل؛ لا يغيّر بيانات.
SET @orange_schem...' at line 1
[21-Apr-2026 23:49:37 Asia/Kuwait] [orange] migration failed 000_runner_baseline.sql: SQLSTATE[42000]: Syntax error or access violation: 1064 You have an error in your SQL syntax; check the manual that corresponds to your MariaDB server version for the right syntax to use near 'الترحيلات يع?
ل؛ لا يغيّر بيانات.
SET @orange_schem...' at line 1
[21-Apr-2026 23:49:37 Asia/Kuwait] PHP Fatal error:  Uncaught TypeError: htmlspecialchars(): Argument #1 ($string) must be of type string, int given in C:\inetpub\vhosts\clickstorekw.com\orangeshoppro.com\includes\storefront_phone_country_select.php:29
Stack trace:
#0 C:\inetpub\vhosts\clickstorekw.com\orangeshoppro.com\includes\storefront_phone_country_select.php(29): htmlspecialchars()
#1 C:\inetpub\vhosts\clickstorekw.com\orangeshoppro.com\admin\pages\customers.php(71): orange_storefront_render_phone_country_select()
#2 C:\inetpub\vhosts\clickstorekw.com\orangeshoppro.com\admin\index.php(60): include('...')
#3 {main}
  thrown in C:\inetpub\vhosts\clickstorekw.com\orangeshoppro.com\includes\storefront_phone_country_select.php on line 29
[21-Apr-2026 23:49:58 Asia/Kuwait] [orange] migration failed 000_runner_baseline.sql: SQLSTATE[42000]: Syntax error or access violation: 1064 You have an error in your SQL syntax; check the manual that corresponds to your MariaDB server version for the right syntax to use near 'الترحيلات يع?
ل؛ لا يغيّر بيانات.
SET @orange_schem...' at line 1
[21-Apr-2026 23:51:23 Asia/Kuwait] [orange] migration failed 000_runner_baseline.sql: SQLSTATE[42000]: Syntax error or access violation: 1064 You have an error in your SQL syntax; check the manual that corresponds to your MariaDB server version for the right syntax to use near 'الترحيلات يع?
ل؛ لا يغيّر بيانات.
SET @orange_schem...' at line 1
[21-Apr-2026 23:51:25 Asia/Kuwait] [orange] migration failed 000_runner_baseline.sql: SQLSTATE[42000]: Syntax error or access violation: 1064 You have an error in your SQL syntax; check the manual that corresponds to your MariaDB server version for the right syntax to use near 'الترحيلات يع?
ل؛ لا يغيّر بيانات.
SET @orange_schem...' at line 1
[21-Apr-2026 23:51:27 Asia/Kuwait] [orange] migration failed 000_runner_baseline.sql: SQLSTATE[42000]: Syntax error or access violation: 1064 You have an error in your SQL syntax; check the manual that corresponds to your MariaDB server version for the right syntax to use near 'الترحيلات يع?
ل؛ لا يغيّر بيانات.
SET @orange_schem...' at line 1
[21-Apr-2026 23:51:29 Asia/Kuwait] [orange] migration failed 000_runner_baseline.sql: SQLSTATE[42000]: Syntax error or access violation: 1064 You have an error in your SQL syntax; check the manual that corresponds to your MariaDB server version for the right syntax to use near 'الترحيلات يع?
ل؛ لا يغيّر بيانات.
SET @orange_schem...' at line 1
[21-Apr-2026 23:51:41 Asia/Kuwait] [orange] migration failed 000_runner_baseline.sql: SQLSTATE[42000]: Syntax error or access violation: 1064 You have an error in your SQL syntax; check the manual that corresponds to your MariaDB server version for the right syntax to use near 'الترحيلات يع?
ل؛ لا يغيّر بيانات.
SET @orange_schem...' at line 1
[21-Apr-2026 23:51:42 Asia/Kuwait] [orange] migration failed 000_runner_baseline.sql: SQLSTATE[42000]: Syntax error or access violation: 1064 You have an error in your SQL syntax; check the manual that corresponds to your MariaDB server version for the right syntax to use near 'الترحيلات يع?
ل؛ لا يغيّر بيانات.
SET @orange_schem...' at line 1
[21-Apr-2026 23:52:01 Asia/Kuwait] [orange] migration failed 000_runner_baseline.sql: SQLSTATE[42000]: Syntax error or access violation: 1064 You have an error in your SQL syntax; check the manual that corresponds to your MariaDB server version for the right syntax to use near 'الترحيلات يع?
ل؛ لا يغيّر بيانات.
SET @orange_schem...' at line 1
[21-Apr-2026 23:52:09 Asia/Kuwait] [orange] migration failed 000_runner_baseline.sql: SQLSTATE[42000]: Syntax error or access violation: 1064 You have an error in your SQL syntax; check the manual that corresponds to your MariaDB server version for the right syntax to use near 'الترحيلات يع?
ل؛ لا يغيّر بيانات.
SET @orange_schem...' at line 1
[21-Apr-2026 23:55:27 Asia/Kuwait] [orange] migration failed 000_runner_baseline.sql: SQLSTATE[42000]: Syntax error or access violation: 1064 You have an error in your SQL syntax; check the manual that corresponds to your MariaDB server version for the right syntax to use near 'الترحيلات يع?
ل؛ لا يغيّر بيانات.
SET @orange_schem...' at line 1
[21-Apr-2026 23:56:06 Asia/Kuwait] [orange] migration failed 000_runner_baseline.sql: SQLSTATE[42000]: Syntax error or access violation: 1064 You have an error in your SQL syntax; check the manual that corresponds to your MariaDB server version for the right syntax to use near 'الترحيلات يع?
ل؛ لا يغيّر بيانات.
SET @orange_schem...' at line 1
[21-Apr-2026 23:56:57 Asia/Kuwait] [orange] migration failed 000_runner_baseline.sql: SQLSTATE[42000]: Syntax error or access violation: 1064 You have an error in your SQL syntax; check the manual that corresponds to your MariaDB server version for the right syntax to use near 'الترحيلات يع?
ل؛ لا يغيّر بيانات.
SET @orange_schem...' at line 1
[21-Apr-2026 23:58:53 Asia/Kuwait] [orange] migration failed 000_runner_baseline.sql: SQLSTATE[42000]: Syntax error or access violation: 1064 You have an error in your SQL syntax; check the manual that corresponds to your MariaDB server version for the right syntax to use near 'الترحيلات يع?
ل؛ لا يغيّر بيانات.
SET @orange_schem...' at line 1
[21-Apr-2026 23:59:01 Asia/Kuwait] [orange] migration failed 000_runner_baseline.sql: SQLSTATE[42000]: Syntax error or access violation: 1064 You have an error in your SQL syntax; check the manual that corresponds to your MariaDB server version for the right syntax to use near 'الترحيلات يع?
ل؛ لا يغيّر بيانات.
SET @orange_schem...' at line 1
[21-Apr-2026 23:59:37 Asia/Kuwait] [orange] migration failed 000_runner_baseline.sql: SQLSTATE[42000]: Syntax error or access violation: 1064 You have an error in your SQL syntax; check the manual that corresponds to your MariaDB server version for the right syntax to use near 'الترحيلات يع?
ل؛ لا يغيّر بيانات.
SET @orange_schem...' at line 1
[22-Apr-2026 00:02:13 Asia/Kuwait] [orange] migration failed 000_runner_baseline.sql: SQLSTATE[42000]: Syntax error or access violation: 1064 You have an error in your SQL syntax; check the manual that corresponds to your MariaDB server version for the right syntax to use near 'الترحيلات يع?
ل؛ لا يغيّر بيانات.
SET @orange_schem...' at line 1
[22-Apr-2026 00:04:52 Asia/Kuwait] [orange] migration failed 000_runner_baseline.sql: SQLSTATE[42000]: Syntax error or access violation: 1064 You have an error in your SQL syntax; check the manual that corresponds to your MariaDB server version for the right syntax to use near 'الترحيلات يع?
ل؛ لا يغيّر بيانات.
SET @orange_schem...' at line 1
[22-Apr-2026 00:05:31 Asia/Kuwait] [orange] migration failed 000_runner_baseline.sql: SQLSTATE[42000]: Syntax error or access violation: 1064 You have an error in your SQL syntax; check the manual that corresponds to your MariaDB server version for the right syntax to use near 'الترحيلات يع?
ل؛ لا يغيّر بيانات.
SET @orange_schem...' at line 1
[22-Apr-2026 00:05:47 Asia/Kuwait] [orange] migration failed 000_runner_baseline.sql: SQLSTATE[42000]: Syntax error or access violation: 1064 You have an error in your SQL syntax; check the manual that corresponds to your MariaDB server version for the right syntax to use near 'الترحيلات يع?
ل؛ لا يغيّر بيانات.
SET @orange_schem...' at line 1
[22-Apr-2026 00:06:01 Asia/Kuwait] [orange] migration failed 000_runner_baseline.sql: SQLSTATE[42000]: Syntax error or access violation: 1064 You have an error in your SQL syntax; check the manual that corresponds to your MariaDB server version for the right syntax to use near 'الترحيلات يع?
ل؛ لا يغيّر بيانات.
SET @orange_schem...' at line 1
[22-Apr-2026 00:06:14 Asia/Kuwait] [orange] migration failed 000_runner_baseline.sql: SQLSTATE[42000]: Syntax error or access violation: 1064 You have an error in your SQL syntax; check the manual that corresponds to your MariaDB server version for the right syntax to use near 'الترحيلات يع?
ل؛ لا يغيّر بيانات.
SET @orange_schem...' at line 1
[22-Apr-2026 00:08:52 Asia/Kuwait] [orange] migration failed 000_runner_baseline.sql: SQLSTATE[42000]: Syntax error or access violation: 1064 You have an error in your SQL syntax; check the manual that corresponds to your MariaDB server version for the right syntax to use near 'الترحيلات يع?
ل؛ لا يغيّر بيانات.
SET @orange_schem...' at line 1
[22-Apr-2026 00:09:07 Asia/Kuwait] [orange] migration failed 000_runner_baseline.sql: SQLSTATE[42000]: Syntax error or access violation: 1064 You have an error in your SQL syntax; check the manual that corresponds to your MariaDB server version for the right syntax to use near 'الترحيلات يع?
ل؛ لا يغيّر بيانات.
SET @orange_schem...' at line 1
[22-Apr-2026 00:09:15 Asia/Kuwait] [orange] migration failed 000_runner_baseline.sql: SQLSTATE[42000]: Syntax error or access violation: 1064 You have an error in your SQL syntax; check the manual that corresponds to your MariaDB server version for the right syntax to use near 'الترحيلات يع?
ل؛ لا يغيّر بيانات.
SET @orange_schem...' at line 1
[22-Apr-2026 00:11:15 Asia/Kuwait] [orange] migration failed 000_runner_baseline.sql: SQLSTATE[42000]: Syntax error or access violation: 1064 You have an error in your SQL syntax; check the manual that corresponds to your MariaDB server version for the right syntax to use near 'الترحيلات يع?
ل؛ لا يغيّر بيانات.
SET @orange_schem...' at line 1
[22-Apr-2026 00:11:17 Asia/Kuwait] [orange] migration failed 000_runner_baseline.sql: SQLSTATE[42000]: Syntax error or access violation: 1064 You have an error in your SQL syntax; check the manual that corresponds to your MariaDB server version for the right syntax to use near 'الترحيلات يع?
ل؛ لا يغيّر بيانات.
SET @orange_schem...' at line 1
[22-Apr-2026 00:12:37 Asia/Kuwait] [orange] migration failed 000_runner_baseline.sql: SQLSTATE[42000]: Syntax error or access violation: 1064 You have an error in your SQL syntax; check the manual that corresponds to your MariaDB server version for the right syntax to use near 'الترحيلات يع?
ل؛ لا يغيّر بيانات.
SET @orange_schem...' at line 1
[22-Apr-2026 00:12:46 Asia/Kuwait] [orange] migration failed 000_runner_baseline.sql: SQLSTATE[42000]: Syntax error or access violation: 1064 You have an error in your SQL syntax; check the manual that corresponds to your MariaDB server version for the right syntax to use near 'الترحيلات يع?
ل؛ لا يغيّر بيانات.
SET @orange_schem...' at line 1
[22-Apr-2026 00:17:11 Asia/Kuwait] [orange] migration failed 000_runner_baseline.sql: SQLSTATE[42000]: Syntax error or access violation: 1064 You have an error in your SQL syntax; check the manual that corresponds to your MariaDB server version for the right syntax to use near 'الترحيلات يع?
ل؛ لا يغيّر بيانات.
SET @orange_schem...' at line 1
[22-Apr-2026 00:17:14 Asia/Kuwait] [orange] migration failed 000_runner_baseline.sql: SQLSTATE[42000]: Syntax error or access violation: 1064 You have an error in your SQL syntax; check the manual that corresponds to your MariaDB server version for the right syntax to use near 'الترحيلات يع?
ل؛ لا يغيّر بيانات.
SET @orange_schem...' at line 1
[22-Apr-2026 00:17:26 Asia/Kuwait] [orange] migration failed 000_runner_baseline.sql: SQLSTATE[42000]: Syntax error or access violation: 1064 You have an error in your SQL syntax; check the manual that corresponds to your MariaDB server version for the right syntax to use near 'الترحيلات يع?
ل؛ لا يغيّر بيانات.
SET @orange_schem...' at line 1
[22-Apr-2026 00:20:23 Asia/Kuwait] [orange] migration failed 000_runner_baseline.sql: SQLSTATE[42000]: Syntax error or access violation: 1064 You have an error in your SQL syntax; check the manual that corresponds to your MariaDB server version for the right syntax to use near 'الترحيلات يع?
ل؛ لا يغيّر بيانات.
SET @orange_schem...' at line 1
[22-Apr-2026 00:20:34 Asia/Kuwait] [orange] migration failed 000_runner_baseline.sql: SQLSTATE[42000]: Syntax error or access violation: 1064 You have an error in your SQL syntax; check the manual that corresponds to your MariaDB server version for the right syntax to use near 'الترحيلات يع?
ل؛ لا يغيّر بيانات.
SET @orange_schem...' at line 1
[22-Apr-2026 00:21:09 Asia/Kuwait] [orange] migration failed 000_runner_baseline.sql: SQLSTATE[42000]: Syntax error or access violation: 1064 You have an error in your SQL syntax; check the manual that corresponds to your MariaDB server version for the right syntax to use near 'الترحيلات يع?
ل؛ لا يغيّر بيانات.
SET @orange_schem...' at line 1
[22-Apr-2026 00:21:10 Asia/Kuwait] [orange] migration failed 000_runner_baseline.sql: SQLSTATE[42000]: Syntax error or access violation: 1064 You have an error in your SQL syntax; check the manual that corresponds to your MariaDB server version for the right syntax to use near 'الترحيلات يع?
ل؛ لا يغيّر بيانات.
SET @orange_schem...' at line 1
[22-Apr-2026 00:21:14 Asia/Kuwait] [orange] migration failed 000_runner_baseline.sql: SQLSTATE[42000]: Syntax error or access violation: 1064 You have an error in your SQL syntax; check the manual that corresponds to your MariaDB server version for the right syntax to use near 'الترحيلات يع?
ل؛ لا يغيّر بيانات.
SET @orange_schem...' at line 1
[22-Apr-2026 00:21:16 Asia/Kuwait] [orange] migration failed 000_runner_baseline.sql: SQLSTATE[42000]: Syntax error or access violation: 1064 You have an error in your SQL syntax; check the manual that corresponds to your MariaDB server version for the right syntax to use near 'الترحيلات يع?
ل؛ لا يغيّر بيانات.
SET @orange_schem...' at line 1
[22-Apr-2026 00:21:17 Asia/Kuwait] [orange] migration failed 000_runner_baseline.sql: SQLSTATE[42000]: Syntax error or access violation: 1064 You have an error in your SQL syntax; check the manual that corresponds to your MariaDB server version for the right syntax to use near 'الترحيلات يع?
ل؛ لا يغيّر بيانات.
SET @orange_schem...' at line 1
[22-Apr-2026 00:21:18 Asia/Kuwait] [orange] migration failed 000_runner_baseline.sql: SQLSTATE[42000]: Syntax error or access violation: 1064 You have an error in your SQL syntax; check the manual that corresponds to your MariaDB server version for the right syntax to use near 'الترحيلات يع?
ل؛ لا يغيّر بيانات.
SET @orange_schem...' at line 1
[22-Apr-2026 00:21:20 Asia/Kuwait] [orange] migration failed 000_runner_baseline.sql: SQLSTATE[42000]: Syntax error or access violation: 1064 You have an error in your SQL syntax; check the manual that corresponds to your MariaDB server version for the right syntax to use near 'الترحيلات يع?
ل؛ لا يغيّر بيانات.
SET @orange_schem...' at line 1
[22-Apr-2026 00:21:21 Asia/Kuwait] [orange] migration failed 000_runner_baseline.sql: SQLSTATE[42000]: Syntax error or access violation: 1064 You have an error in your SQL syntax; check the manual that corresponds to your MariaDB server version for the right syntax to use near 'الترحيلات يع?
ل؛ لا يغيّر بيانات.
SET @orange_schem...' at line 1
[22-Apr-2026 00:24:37 Asia/Kuwait] [orange] migration failed 000_runner_baseline.sql: SQLSTATE[42000]: Syntax error or access violation: 1064 You have an error in your SQL syntax; check the manual that corresponds to your MariaDB server version for the right syntax to use near 'الترحيلات يع?
ل؛ لا يغيّر بيانات.
SET @orange_schem...' at line 1
[22-Apr-2026 00:24:38 Asia/Kuwait] [orange] migration failed 000_runner_baseline.sql: SQLSTATE[42000]: Syntax error or access violation: 1064 You have an error in your SQL syntax; check the manual that corresponds to your MariaDB server version for the right syntax to use near 'الترحيلات يع?
ل؛ لا يغيّر بيانات.
SET @orange_schem...' at line 1
[22-Apr-2026 00:34:12 Asia/Kuwait] [orange] migration failed 000_runner_baseline.sql: SQLSTATE[42000]: Syntax error or access violation: 1064 You have an error in your SQL syntax; check the manual that corresponds to your MariaDB server version for the right syntax to use near 'الترحيلات يع?
ل؛ لا يغيّر بيانات.
SET @orange_schem...' at line 1
[22-Apr-2026 00:34:23 Asia/Kuwait] [orange] migration failed 000_runner_baseline.sql: SQLSTATE[42000]: Syntax error or access violation: 1064 You have an error in your SQL syntax; check the manual that corresponds to your MariaDB server version for the right syntax to use near 'الترحيلات يع?
ل؛ لا يغيّر بيانات.
SET @orange_schem...' at line 1
[22-Apr-2026 00:37:17 Asia/Kuwait] [orange] migration failed 000_runner_baseline.sql: SQLSTATE[42000]: Syntax error or access violation: 1064 You have an error in your SQL syntax; check the manual that corresponds to your MariaDB server version for the right syntax to use near 'الترحيلات يع?
ل؛ لا يغيّر بيانات.
SET @orange_schem...' at line 1
[22-Apr-2026 00:37:17 Asia/Kuwait] PHP Warning:  Undefined variable $lowStockVariantsDash in C:\inetpub\vhosts\clickstorekw.com\orangeshoppro.com\admin\pages\dashboard.php on line 62
[22-Apr-2026 00:37:17 Asia/Kuwait] PHP Warning:  Undefined variable $lowStockVariantsDash in C:\inetpub\vhosts\clickstorekw.com\orangeshoppro.com\admin\pages\dashboard.php on line 64
[22-Apr-2026 00:37:17 Asia/Kuwait] PHP Warning:  Undefined variable $lowStockThDash in C:\inetpub\vhosts\clickstorekw.com\orangeshoppro.com\admin\pages\dashboard.php on line 65
[22-Apr-2026 00:37:26 Asia/Kuwait] [orange] migration failed 000_runner_baseline.sql: SQLSTATE[42000]: Syntax error or access violation: 1064 You have an error in your SQL syntax; check the manual that corresponds to your MariaDB server version for the right syntax to use near 'الترحيلات يع?
ل؛ لا يغيّر بيانات.
SET @orange_schem...' at line 1
[22-Apr-2026 00:44:44 Asia/Kuwait] [orange] migration failed 000_runner_baseline.sql: SQLSTATE[42000]: Syntax error or access violation: 1064 You have an error in your SQL syntax; check the manual that corresponds to your MariaDB server version for the right syntax to use near 'الترحيلات يع?
ل؛ لا يغيّر بيانات.
SET @orange_schem...' at line 1
[22-Apr-2026 00:45:01 Asia/Kuwait] [orange] migration failed 000_runner_baseline.sql: SQLSTATE[42000]: Syntax error or access violation: 1064 You have an error in your SQL syntax; check the manual that corresponds to your MariaDB server version for the right syntax to use near 'الترحيلات يع?
ل؛ لا يغيّر بيانات.
SET @orange_schem...' at line 1
[22-Apr-2026 00:45:02 Asia/Kuwait] [orange] migration failed 000_runner_baseline.sql: SQLSTATE[42000]: Syntax error or access violation: 1064 You have an error in your SQL syntax; check the manual that corresponds to your MariaDB server version for the right syntax to use near 'الترحيلات يع?
ل؛ لا يغيّر بيانات.
SET @orange_schem...' at line 1
[22-Apr-2026 00:48:22 Asia/Kuwait] [orange] migration failed 000_runner_baseline.sql: SQLSTATE[42000]: Syntax error or access violation: 1064 You have an error in your SQL syntax; check the manual that corresponds to your MariaDB server version for the right syntax to use near 'الترحيلات يع?
ل؛ لا يغيّر بيانات.
SET @orange_schem...' at line 1
[22-Apr-2026 00:48:32 Asia/Kuwait] [orange] migration failed 000_runner_baseline.sql: SQLSTATE[42000]: Syntax error or access violation: 1064 You have an error in your SQL syntax; check the manual that corresponds to your MariaDB server version for the right syntax to use near 'الترحيلات يع?
ل؛ لا يغيّر بيانات.
SET @orange_schem...' at line 1
[22-Apr-2026 00:49:31 Asia/Kuwait] [orange] migration failed 000_runner_baseline.sql: SQLSTATE[42000]: Syntax error or access violation: 1064 You have an error in your SQL syntax; check the manual that corresponds to your MariaDB server version for the right syntax to use near 'الترحيلات يع?
ل؛ لا يغيّر بيانات.
SET @orange_schem...' at line 1
[22-Apr-2026 00:56:12 Asia/Kuwait] [orange] migration failed 000_runner_baseline.sql: SQLSTATE[42000]: Syntax error or access violation: 1064 You have an error in your SQL syntax; check the manual that corresponds to your MariaDB server version for the right syntax to use near 'الترحيلات يع?
ل؛ لا يغيّر بيانات.
SET @orange_schem...' at line 1
[22-Apr-2026 00:56:39 Asia/Kuwait] [orange] migration failed 000_runner_baseline.sql: SQLSTATE[42000]: Syntax error or access violation: 1064 You have an error in your SQL syntax; check the manual that corresponds to your MariaDB server version for the right syntax to use near 'الترحيلات يع?
ل؛ لا يغيّر بيانات.
SET @orange_schem...' at line 1
[22-Apr-2026 00:56:44 Asia/Kuwait] [orange] migration failed 000_runner_baseline.sql: SQLSTATE[42000]: Syntax error or access violation: 1064 You have an error in your SQL syntax; check the manual that corresponds to your MariaDB server version for the right syntax to use near 'الترحيلات يع?
ل؛ لا يغيّر بيانات.
SET @orange_schem...' at line 1
[22-Apr-2026 00:57:05 Asia/Kuwait] [orange] migration failed 000_runner_baseline.sql: SQLSTATE[42000]: Syntax error or access violation: 1064 You have an error in your SQL syntax; check the manual that corresponds to your MariaDB server version for the right syntax to use near 'الترحيلات يع?
ل؛ لا يغيّر بيانات.
SET @orange_schem...' at line 1
[22-Apr-2026 00:58:53 Asia/Kuwait] [orange] migration failed 000_runner_baseline.sql: SQLSTATE[42000]: Syntax error or access violation: 1064 You have an error in your SQL syntax; check the manual that corresponds to your MariaDB server version for the right syntax to use near 'الترحيلات يع?
ل؛ لا يغيّر بيانات.
SET @orange_schem...' at line 1
[22-Apr-2026 00:58:58 Asia/Kuwait] [orange] migration failed 000_runner_baseline.sql: SQLSTATE[42000]: Syntax error or access violation: 1064 You have an error in your SQL syntax; check the manual that corresponds to your MariaDB server version for the right syntax to use near 'الترحيلات يع?
ل؛ لا يغيّر بيانات.
SET @orange_schem...' at line 1
[22-Apr-2026 00:59:00 Asia/Kuwait] [orange] migration failed 000_runner_baseline.sql: SQLSTATE[42000]: Syntax error or access violation: 1064 You have an error in your SQL syntax; check the manual that corresponds to your MariaDB server version for the right syntax to use near 'الترحيلات يع?
ل؛ لا يغيّر بيانات.
SET @orange_schem...' at line 1
[22-Apr-2026 00:59:08 Asia/Kuwait] [orange] migration failed 000_runner_baseline.sql: SQLSTATE[42000]: Syntax error or access violation: 1064 You have an error in your SQL syntax; check the manual that corresponds to your MariaDB server version for the right syntax to use near 'الترحيلات يع?
ل؛ لا يغيّر بيانات.
SET @orange_schem...' at line 1
[22-Apr-2026 00:59:09 Asia/Kuwait] [orange] migration failed 000_runner_baseline.sql: SQLSTATE[42000]: Syntax error or access violation: 1064 You have an error in your SQL syntax; check the manual that corresponds to your MariaDB server version for the right syntax to use near 'الترحيلات يع?
ل؛ لا يغيّر بيانات.
SET @orange_schem...' at line 1
[22-Apr-2026 00:59:12 Asia/Kuwait] [orange] migration failed 000_runner_baseline.sql: SQLSTATE[42000]: Syntax error or access violation: 1064 You have an error in your SQL syntax; check the manual that corresponds to your MariaDB server version for the right syntax to use near 'الترحيلات يع?
ل؛ لا يغيّر بيانات.
SET @orange_schem...' at line 1
[22-Apr-2026 00:59:13 Asia/Kuwait] [orange] migration failed 000_runner_baseline.sql: SQLSTATE[42000]: Syntax error or access violation: 1064 You have an error in your SQL syntax; check the manual that corresponds to your MariaDB server version for the right syntax to use near 'الترحيلات يع?
ل؛ لا يغيّر بيانات.
SET @orange_schem...' at line 1
[22-Apr-2026 01:05:03 Asia/Kuwait] [orange] migration failed 000_runner_baseline.sql: SQLSTATE[42000]: Syntax error or access violation: 1064 You have an error in your SQL syntax; check the manual that corresponds to your MariaDB server version for the right syntax to use near 'الترحيلات يع?
ل؛ لا يغيّر بيانات.
SET @orange_schem...' at line 1
[22-Apr-2026 01:05:15 Asia/Kuwait] [orange] migration failed 000_runner_baseline.sql: SQLSTATE[42000]: Syntax error or access violation: 1064 You have an error in your SQL syntax; check the manual that corresponds to your MariaDB server version for the right syntax to use near 'الترحيلات يع?
ل؛ لا يغيّر بيانات.
SET @orange_schem...' at line 1
[22-Apr-2026 01:11:43 Asia/Kuwait] [orange] migration failed 000_runner_baseline.sql: SQLSTATE[42000]: Syntax error or access violation: 1064 You have an error in your SQL syntax; check the manual that corresponds to your MariaDB server version for the right syntax to use near 'الترحيلات يع?
ل؛ لا يغيّر بيانات.
SET @orange_schem...' at line 1
[22-Apr-2026 01:11:54 Asia/Kuwait] [orange] migration failed 000_runner_baseline.sql: SQLSTATE[42000]: Syntax error or access violation: 1064 You have an error in your SQL syntax; check the manual that corresponds to your MariaDB server version for the right syntax to use near 'الترحيلات يع?
ل؛ لا يغيّر بيانات.
SET @orange_schem...' at line 1
[22-Apr-2026 01:12:13 Asia/Kuwait] [orange] migration failed 000_runner_baseline.sql: SQLSTATE[42000]: Syntax error or access violation: 1064 You have an error in your SQL syntax; check the manual that corresponds to your MariaDB server version for the right syntax to use near 'الترحيلات يع?
ل؛ لا يغيّر بيانات.
SET @orange_schem...' at line 1
[22-Apr-2026 01:12:14 Asia/Kuwait] [orange] migration failed 000_runner_baseline.sql: SQLSTATE[42000]: Syntax error or access violation: 1064 You have an error in your SQL syntax; check the manual that corresponds to your MariaDB server version for the right syntax to use near 'الترحيلات يع?
ل؛ لا يغيّر بيانات.
SET @orange_schem...' at line 1
[22-Apr-2026 01:12:29 Asia/Kuwait] [orange] migration failed 000_runner_baseline.sql: SQLSTATE[42000]: Syntax error or access violation: 1064 You have an error in your SQL syntax; check the manual that corresponds to your MariaDB server version for the right syntax to use near 'الترحيلات يع?
ل؛ لا يغيّر بيانات.
SET @orange_schem...' at line 1
[22-Apr-2026 01:12:30 Asia/Kuwait] [orange] migration failed 000_runner_baseline.sql: SQLSTATE[42000]: Syntax error or access violation: 1064 You have an error in your SQL syntax; check the manual that corresponds to your MariaDB server version for the right syntax to use near 'الترحيلات يع?
ل؛ لا يغيّر بيانات.
SET @orange_schem...' at line 1
[22-Apr-2026 01:12:32 Asia/Kuwait] [orange] migration failed 000_runner_baseline.sql: SQLSTATE[42000]: Syntax error or access violation: 1064 You have an error in your SQL syntax; check the manual that corresponds to your MariaDB server version for the right syntax to use near 'الترحيلات يع?
ل؛ لا يغيّر بيانات.
SET @orange_schem...' at line 1
[22-Apr-2026 01:12:33 Asia/Kuwait] [orange] migration failed 000_runner_baseline.sql: SQLSTATE[42000]: Syntax error or access violation: 1064 You have an error in your SQL syntax; check the manual that corresponds to your MariaDB server version for the right syntax to use near 'الترحيلات يع?
ل؛ لا يغيّر بيانات.
SET @orange_schem...' at line 1
[22-Apr-2026 01:12:42 Asia/Kuwait] [orange] migration failed 000_runner_baseline.sql: SQLSTATE[42000]: Syntax error or access violation: 1064 You have an error in your SQL syntax; check the manual that corresponds to your MariaDB server version for the right syntax to use near 'الترحيلات يع?
ل؛ لا يغيّر بيانات.
SET @orange_schem...' at line 1
[22-Apr-2026 01:12:43 Asia/Kuwait] [orange] migration failed 000_runner_baseline.sql: SQLSTATE[42000]: Syntax error or access violation: 1064 You have an error in your SQL syntax; check the manual that corresponds to your MariaDB server version for the right syntax to use near 'الترحيلات يع?
ل؛ لا يغيّر بيانات.
SET @orange_schem...' at line 1
[22-Apr-2026 01:12:46 Asia/Kuwait] [orange] migration failed 000_runner_baseline.sql: SQLSTATE[42000]: Syntax error or access violation: 1064 You have an error in your SQL syntax; check the manual that corresponds to your MariaDB server version for the right syntax to use near 'الترحيلات يع?
ل؛ لا يغيّر بيانات.
SET @orange_schem...' at line 1
[22-Apr-2026 01:12:47 Asia/Kuwait] [orange] migration failed 000_runner_baseline.sql: SQLSTATE[42000]: Syntax error or access violation: 1064 You have an error in your SQL syntax; check the manual that corresponds to your MariaDB server version for the right syntax to use near 'الترحيلات يع?
ل؛ لا يغيّر بيانات.
SET @orange_schem...' at line 1
[22-Apr-2026 01:12:48 Asia/Kuwait] [orange] migration failed 000_runner_baseline.sql: SQLSTATE[42000]: Syntax error or access violation: 1064 You have an error in your SQL syntax; check the manual that corresponds to your MariaDB server version for the right syntax to use near 'الترحيلات يع?
ل؛ لا يغيّر بيانات.
SET @orange_schem...' at line 1
[22-Apr-2026 01:12:49 Asia/Kuwait] [orange] migration failed 000_runner_baseline.sql: SQLSTATE[42000]: Syntax error or access violation: 1064 You have an error in your SQL syntax; check the manual that corresponds to your MariaDB server version for the right syntax to use near 'الترحيلات يع?
ل؛ لا يغيّر بيانات.
SET @orange_schem...' at line 1
[22-Apr-2026 01:12:53 Asia/Kuwait] [orange] migration failed 000_runner_baseline.sql: SQLSTATE[42000]: Syntax error or access violation: 1064 You have an error in your SQL syntax; check the manual that corresponds to your MariaDB server version for the right syntax to use near 'الترحيلات يع?
ل؛ لا يغيّر بيانات.
SET @orange_schem...' at line 1
[22-Apr-2026 01:12:53 Asia/Kuwait] [orange] migration failed 000_runner_baseline.sql: SQLSTATE[42000]: Syntax error or access violation: 1064 You have an error in your SQL syntax; check the manual that corresponds to your MariaDB server version for the right syntax to use near 'الترحيلات يع?
ل؛ لا يغيّر بيانات.
SET @orange_schem...' at line 1
[22-Apr-2026 01:20:29 Asia/Kuwait] [orange] migration failed 000_runner_baseline.sql: SQLSTATE[42000]: Syntax error or access violation: 1064 You have an error in your SQL syntax; check the manual that corresponds to your MariaDB server version for the right syntax to use near 'الترحيلات يع?
ل؛ لا يغيّر بيانات.
SET @orange_schem...' at line 1
[22-Apr-2026 01:20:31 Asia/Kuwait] [orange] migration failed 000_runner_baseline.sql: SQLSTATE[42000]: Syntax error or access violation: 1064 You have an error in your SQL syntax; check the manual that corresponds to your MariaDB server version for the right syntax to use near 'الترحيلات يع?
ل؛ لا يغيّر بيانات.
SET @orange_schem...' at line 1
[22-Apr-2026 01:20:35 Asia/Kuwait] [orange] migration failed 000_runner_baseline.sql: SQLSTATE[42000]: Syntax error or access violation: 1064 You have an error in your SQL syntax; check the manual that corresponds to your MariaDB server version for the right syntax to use near 'الترحيلات يع?
ل؛ لا يغيّر بيانات.
SET @orange_schem...' at line 1
[22-Apr-2026 01:20:36 Asia/Kuwait] [orange] migration failed 000_runner_baseline.sql: SQLSTATE[42000]: Syntax error or access violation: 1064 You have an error in your SQL syntax; check the manual that corresponds to your MariaDB server version for the right syntax to use near 'الترحيلات يع?
ل؛ لا يغيّر بيانات.
SET @orange_schem...' at line 1
[22-Apr-2026 01:21:05 Asia/Kuwait] [orange] migration failed 000_runner_baseline.sql: SQLSTATE[42000]: Syntax error or access violation: 1064 You have an error in your SQL syntax; check the manual that corresponds to your MariaDB server version for the right syntax to use near 'الترحيلات يع?
ل؛ لا يغيّر بيانات.
SET @orange_schem...' at line 1
[22-Apr-2026 01:21:06 Asia/Kuwait] [orange] migration failed 000_runner_baseline.sql: SQLSTATE[42000]: Syntax error or access violation: 1064 You have an error in your SQL syntax; check the manual that corresponds to your MariaDB server version for the right syntax to use near 'الترحيلات يع?
ل؛ لا يغيّر بيانات.
SET @orange_schem...' at line 1
[22-Apr-2026 01:22:44 Asia/Kuwait] [orange] migration failed 000_runner_baseline.sql: SQLSTATE[42000]: Syntax error or access violation: 1064 You have an error in your SQL syntax; check the manual that corresponds to your MariaDB server version for the right syntax to use near 'الترحيلات يع?
ل؛ لا يغيّر بيانات.
SET @orange_schem...' at line 1
[22-Apr-2026 01:22:45 Asia/Kuwait] [orange] migration failed 000_runner_baseline.sql: SQLSTATE[42000]: Syntax error or access violation: 1064 You have an error in your SQL syntax; check the manual that corresponds to your MariaDB server version for the right syntax to use near 'الترحيلات يع?
ل؛ لا يغيّر بيانات.
SET @orange_schem...' at line 1
[22-Apr-2026 01:23:08 Asia/Kuwait] [orange] migration failed 000_runner_baseline.sql: SQLSTATE[42000]: Syntax error or access violation: 1064 You have an error in your SQL syntax; check the manual that corresponds to your MariaDB server version for the right syntax to use near 'الترحيلات يع?
ل؛ لا يغيّر بيانات.
SET @orange_schem...' at line 1
[22-Apr-2026 01:23:09 Asia/Kuwait] [orange] migration failed 000_runner_baseline.sql: SQLSTATE[42000]: Syntax error or access violation: 1064 You have an error in your SQL syntax; check the manual that corresponds to your MariaDB server version for the right syntax to use near 'الترحيلات يع?
ل؛ لا يغيّر بيانات.
SET @orange_schem...' at line 1
[22-Apr-2026 01:23:15 Asia/Kuwait] [orange] migration failed 000_runner_baseline.sql: SQLSTATE[42000]: Syntax error or access violation: 1064 You have an error in your SQL syntax; check the manual that corresponds to your MariaDB server version for the right syntax to use near 'الترحيلات يع?
ل؛ لا يغيّر بيانات.
SET @orange_schem...' at line 1
[22-Apr-2026 01:23:16 Asia/Kuwait] [orange] migration failed 000_runner_baseline.sql: SQLSTATE[42000]: Syntax error or access violation: 1064 You have an error in your SQL syntax; check the manual that corresponds to your MariaDB server version for the right syntax to use near 'الترحيلات يع?
ل؛ لا يغيّر بيانات.
SET @orange_schem...' at line 1
[22-Apr-2026 01:24:34 Asia/Kuwait] [orange] migration failed 000_runner_baseline.sql: SQLSTATE[42000]: Syntax error or access violation: 1064 You have an error in your SQL syntax; check the manual that corresponds to your MariaDB server version for the right syntax to use near 'الترحيلات يع?
ل؛ لا يغيّر بيانات.
SET @orange_schem...' at line 1
[22-Apr-2026 01:24:35 Asia/Kuwait] [orange] migration failed 000_runner_baseline.sql: SQLSTATE[42000]: Syntax error or access violation: 1064 You have an error in your SQL syntax; check the manual that corresponds to your MariaDB server version for the right syntax to use near 'الترحيلات يع?
ل؛ لا يغيّر بيانات.
SET @orange_schem...' at line 1
[22-Apr-2026 01:26:20 Asia/Kuwait] [orange] migration failed 000_runner_baseline.sql: SQLSTATE[42000]: Syntax error or access violation: 1064 You have an error in your SQL syntax; check the manual that corresponds to your MariaDB server version for the right syntax to use near 'الترحيلات يع?
ل؛ لا يغيّر بيانات.
SET @orange_schem...' at line 1
[22-Apr-2026 01:26:21 Asia/Kuwait] [orange] migration failed 000_runner_baseline.sql: SQLSTATE[42000]: Syntax error or access violation: 1064 You have an error in your SQL syntax; check the manual that corresponds to your MariaDB server version for the right syntax to use near 'الترحيلات يع?
ل؛ لا يغيّر بيانات.
SET @orange_schem...' at line 1
[22-Apr-2026 01:28:53 Asia/Kuwait] [orange] migration failed 000_runner_baseline.sql: SQLSTATE[42000]: Syntax error or access violation: 1064 You have an error in your SQL syntax; check the manual that corresponds to your MariaDB server version for the right syntax to use near 'الترحيلات يع?
ل؛ لا يغيّر بيانات.
SET @orange_schem...' at line 1
[22-Apr-2026 01:28:56 Asia/Kuwait] [orange] migration failed 000_runner_baseline.sql: SQLSTATE[42000]: Syntax error or access violation: 1064 You have an error in your SQL syntax; check the manual that corresponds to your MariaDB server version for the right syntax to use near 'الترحيلات يع?
ل؛ لا يغيّر بيانات.
SET @orange_schem...' at line 1
[22-Apr-2026 01:29:05 Asia/Kuwait] [orange] migration failed 000_runner_baseline.sql: SQLSTATE[42000]: Syntax error or access violation: 1064 You have an error in your SQL syntax; check the manual that corresponds to your MariaDB server version for the right syntax to use near 'الترحيلات يع?
ل؛ لا يغيّر بيانات.
SET @orange_schem...' at line 1
[22-Apr-2026 01:29:12 Asia/Kuwait] [orange] migration failed 000_runner_baseline.sql: SQLSTATE[42000]: Syntax error or access violation: 1064 You have an error in your SQL syntax; check the manual that corresponds to your MariaDB server version for the right syntax to use near 'الترحيلات يع?
ل؛ لا يغيّر بيانات.
SET @orange_schem...' at line 1
[22-Apr-2026 01:29:13 Asia/Kuwait] [orange] migration failed 000_runner_baseline.sql: SQLSTATE[42000]: Syntax error or access violation: 1064 You have an error in your SQL syntax; check the manual that corresponds to your MariaDB server version for the right syntax to use near 'الترحيلات يع?
ل؛ لا يغيّر بيانات.
SET @orange_schem...' at line 1
[22-Apr-2026 01:29:55 Asia/Kuwait] [orange] migration failed 000_runner_baseline.sql: SQLSTATE[42000]: Syntax error or access violation: 1064 You have an error in your SQL syntax; check the manual that corresponds to your MariaDB server version for the right syntax to use near 'الترحيلات يع?
ل؛ لا يغيّر بيانات.
SET @orange_schem...' at line 1
[22-Apr-2026 01:29:55 Asia/Kuwait] [orange] migration failed 000_runner_baseline.sql: SQLSTATE[42000]: Syntax error or access violation: 1064 You have an error in your SQL syntax; check the manual that corresponds to your MariaDB server version for the right syntax to use near 'الترحيلات يع?
ل؛ لا يغيّر بيانات.
SET @orange_schem...' at line 1
[22-Apr-2026 01:30:19 Asia/Kuwait] [orange] migration failed 000_runner_baseline.sql: SQLSTATE[42000]: Syntax error or access violation: 1064 You have an error in your SQL syntax; check the manual that corresponds to your MariaDB server version for the right syntax to use near 'الترحيلات يع?
ل؛ لا يغيّر بيانات.
SET @orange_schem...' at line 1
[22-Apr-2026 01:30:21 Asia/Kuwait] [orange] migration failed 000_runner_baseline.sql: SQLSTATE[42000]: Syntax error or access violation: 1064 You have an error in your SQL syntax; check the manual that corresponds to your MariaDB server version for the right syntax to use near 'الترحيلات يع?
ل؛ لا يغيّر بيانات.
SET @orange_schem...' at line 1
[22-Apr-2026 01:31:11 Asia/Kuwait] [orange] migration failed 000_runner_baseline.sql: SQLSTATE[42000]: Syntax error or access violation: 1064 You have an error in your SQL syntax; check the manual that corresponds to your MariaDB server version for the right syntax to use near 'الترحيلات يع?
ل؛ لا يغيّر بيانات.
SET @orange_schem...' at line 1
[22-Apr-2026 01:31:12 Asia/Kuwait] [orange] migration failed 000_runner_baseline.sql: SQLSTATE[42000]: Syntax error or access violation: 1064 You have an error in your SQL syntax; check the manual that corresponds to your MariaDB server version for the right syntax to use near 'الترحيلات يع?
ل؛ لا يغيّر بيانات.
SET @orange_schem...' at line 1
[22-Apr-2026 01:31:16 Asia/Kuwait] [orange] migration failed 000_runner_baseline.sql: SQLSTATE[42000]: Syntax error or access violation: 1064 You have an error in your SQL syntax; check the manual that corresponds to your MariaDB server version for the right syntax to use near 'الترحيلات يع?
ل؛ لا يغيّر بيانات.
SET @orange_schem...' at line 1
[22-Apr-2026 01:31:17 Asia/Kuwait] [orange] migration failed 000_runner_baseline.sql: SQLSTATE[42000]: Syntax error or access violation: 1064 You have an error in your SQL syntax; check the manual that corresponds to your MariaDB server version for the right syntax to use near 'الترحيلات يع?
ل؛ لا يغيّر بيانات.
SET @orange_schem...' at line 1
[22-Apr-2026 01:32:13 Asia/Kuwait] [orange] migration failed 000_runner_baseline.sql: SQLSTATE[42000]: Syntax error or access violation: 1064 You have an error in your SQL syntax; check the manual that corresponds to your MariaDB server version for the right syntax to use near 'الترحيلات يع?
ل؛ لا يغيّر بيانات.
SET @orange_schem...' at line 1
[22-Apr-2026 01:32:14 Asia/Kuwait] [orange] migration failed 000_runner_baseline.sql: SQLSTATE[42000]: Syntax error or access violation: 1064 You have an error in your SQL syntax; check the manual that corresponds to your MariaDB server version for the right syntax to use near 'الترحيلات يع?
ل؛ لا يغيّر بيانات.
SET @orange_schem...' at line 1
[22-Apr-2026 01:34:41 Asia/Kuwait] [orange] migration failed 000_runner_baseline.sql: SQLSTATE[42000]: Syntax error or access violation: 1064 You have an error in your SQL syntax; check the manual that corresponds to your MariaDB server version for the right syntax to use near 'الترحيلات يع?
ل؛ لا يغيّر بيانات.
SET @orange_schem...' at line 1
[22-Apr-2026 01:34:45 Asia/Kuwait] [orange] migration failed 000_runner_baseline.sql: SQLSTATE[42000]: Syntax error or access violation: 1064 You have an error in your SQL syntax; check the manual that corresponds to your MariaDB server version for the right syntax to use near 'الترحيلات يع?
ل؛ لا يغيّر بيانات.
SET @orange_schem...' at line 1
[22-Apr-2026 01:34:46 Asia/Kuwait] [orange] migration failed 000_runner_baseline.sql: SQLSTATE[42000]: Syntax error or access violation: 1064 You have an error in your SQL syntax; check the manual that corresponds to your MariaDB server version for the right syntax to use near 'الترحيلات يع?
ل؛ لا يغيّر بيانات.
SET @orange_schem...' at line 1
[22-Apr-2026 01:34:53 Asia/Kuwait] [orange] migration failed 000_runner_baseline.sql: SQLSTATE[42000]: Syntax error or access violation: 1064 You have an error in your SQL syntax; check the manual that corresponds to your MariaDB server version for the right syntax to use near 'الترحيلات يع?
ل؛ لا يغيّر بيانات.
SET @orange_schem...' at line 1
[22-Apr-2026 01:35:06 Asia/Kuwait] [orange] migration failed 000_runner_baseline.sql: SQLSTATE[42000]: Syntax error or access violation: 1064 You have an error in your SQL syntax; check the manual that corresponds to your MariaDB server version for the right syntax to use near 'الترحيلات يع?
ل؛ لا يغيّر بيانات.
SET @orange_schem...' at line 1
[22-Apr-2026 01:35:07 Asia/Kuwait] [orange] migration failed 000_runner_baseline.sql: SQLSTATE[42000]: Syntax error or access violation: 1064 You have an error in your SQL syntax; check the manual that corresponds to your MariaDB server version for the right syntax to use near 'الترحيلات يع?
ل؛ لا يغيّر بيانات.
SET @orange_schem...' at line 1
[22-Apr-2026 01:35:27 Asia/Kuwait] [orange] migration failed 000_runner_baseline.sql: SQLSTATE[42000]: Syntax error or access violation: 1064 You have an error in your SQL syntax; check the manual that corresponds to your MariaDB server version for the right syntax to use near 'الترحيلات يع?
ل؛ لا يغيّر بيانات.
SET @orange_schem...' at line 1
[22-Apr-2026 01:35:28 Asia/Kuwait] [orange] migration failed 000_runner_baseline.sql: SQLSTATE[42000]: Syntax error or access violation: 1064 You have an error in your SQL syntax; check the manual that corresponds to your MariaDB server version for the right syntax to use near 'الترحيلات يع?
ل؛ لا يغيّر بيانات.
SET @orange_schem...' at line 1
[22-Apr-2026 01:35:38 Asia/Kuwait] [orange] migration failed 000_runner_baseline.sql: SQLSTATE[42000]: Syntax error or access violation: 1064 You have an error in your SQL syntax; check the manual that corresponds to your MariaDB server version for the right syntax to use near 'الترحيلات يع?
ل؛ لا يغيّر بيانات.
SET @orange_schem...' at line 1
[22-Apr-2026 01:35:39 Asia/Kuwait] [orange] migration failed 000_runner_baseline.sql: SQLSTATE[42000]: Syntax error or access violation: 1064 You have an error in your SQL syntax; check the manual that corresponds to your MariaDB server version for the right syntax to use near 'الترحيلات يع?
ل؛ لا يغيّر بيانات.
SET @orange_schem...' at line 1
[22-Apr-2026 01:38:21 Asia/Kuwait] [orange] migration failed 000_runner_baseline.sql: SQLSTATE[42000]: Syntax error or access violation: 1064 You have an error in your SQL syntax; check the manual that corresponds to your MariaDB server version for the right syntax to use near 'الترحيلات يع?
ل؛ لا يغيّر بيانات.
SET @orange_schem...' at line 1
[22-Apr-2026 01:38:45 Asia/Kuwait] [orange] migration failed 000_runner_baseline.sql: SQLSTATE[42000]: Syntax error or access violation: 1064 You have an error in your SQL syntax; check the manual that corresponds to your MariaDB server version for the right syntax to use near 'الترحيلات يع?
ل؛ لا يغيّر بيانات.
SET @orange_schem...' at line 1
[22-Apr-2026 01:38:46 Asia/Kuwait] [orange] migration failed 000_runner_baseline.sql: SQLSTATE[42000]: Syntax error or access violation: 1064 You have an error in your SQL syntax; check the manual that corresponds to your MariaDB server version for the right syntax to use near 'الترحيلات يع?
ل؛ لا يغيّر بيانات.
SET @orange_schem...' at line 1
[22-Apr-2026 01:40:37 Asia/Kuwait] [orange] migration failed 000_runner_baseline.sql: SQLSTATE[42000]: Syntax error or access violation: 1064 You have an error in your SQL syntax; check the manual that corresponds to your MariaDB server version for the right syntax to use near 'الترحيلات يع?
ل؛ لا يغيّر بيانات.
SET @orange_schem...' at line 1
[22-Apr-2026 01:40:49 Asia/Kuwait] [orange] migration failed 000_runner_baseline.sql: SQLSTATE[42000]: Syntax error or access violation: 1064 You have an error in your SQL syntax; check the manual that corresponds to your MariaDB server version for the right syntax to use near 'الترحيلات يع?
ل؛ لا يغيّر بيانات.
SET @orange_schem...' at line 1
[22-Apr-2026 01:41:10 Asia/Kuwait] [orange] migration failed 000_runner_baseline.sql: SQLSTATE[42000]: Syntax error or access violation: 1064 You have an error in your SQL syntax; check the manual that corresponds to your MariaDB server version for the right syntax to use near 'الترحيلات يع?
ل؛ لا يغيّر بيانات.
SET @orange_schem...' at line 1
[22-Apr-2026 01:41:11 Asia/Kuwait] [orange] migration failed 000_runner_baseline.sql: SQLSTATE[42000]: Syntax error or access violation: 1064 You have an error in your SQL syntax; check the manual that corresponds to your MariaDB server version for the right syntax to use near 'الترحيلات يع?
ل؛ لا يغيّر بيانات.
SET @orange_schem...' at line 1
[22-Apr-2026 01:41:13 Asia/Kuwait] [orange] migration failed 000_runner_baseline.sql: SQLSTATE[42000]: Syntax error or access violation: 1064 You have an error in your SQL syntax; check the manual that corresponds to your MariaDB server version for the right syntax to use near 'الترحيلات يع?
ل؛ لا يغيّر بيانات.
SET @orange_schem...' at line 1
[22-Apr-2026 01:41:14 Asia/Kuwait] [orange] migration failed 000_runner_baseline.sql: SQLSTATE[42000]: Syntax error or access violation: 1064 You have an error in your SQL syntax; check the manual that corresponds to your MariaDB server version for the right syntax to use near 'الترحيلات يع?
ل؛ لا يغيّر بيانات.
SET @orange_schem...' at line 1
[22-Apr-2026 01:41:31 Asia/Kuwait] [orange] migration failed 000_runner_baseline.sql: SQLSTATE[42000]: Syntax error or access violation: 1064 You have an error in your SQL syntax; check the manual that corresponds to your MariaDB server version for the right syntax to use near 'الترحيلات يع?
ل؛ لا يغيّر بيانات.
SET @orange_schem...' at line 1
[22-Apr-2026 01:41:32 Asia/Kuwait] [orange] migration failed 000_runner_baseline.sql: SQLSTATE[42000]: Syntax error or access violation: 1064 You have an error in your SQL syntax; check the manual that corresponds to your MariaDB server version for the right syntax to use near 'الترحيلات يع?
ل؛ لا يغيّر بيانات.
SET @orange_schem...' at line 1
[22-Apr-2026 01:41:36 Asia/Kuwait] [orange] migration failed 000_runner_baseline.sql: SQLSTATE[42000]: Syntax error or access violation: 1064 You have an error in your SQL syntax; check the manual that corresponds to your MariaDB server version for the right syntax to use near 'الترحيلات يع?
ل؛ لا يغيّر بيانات.
SET @orange_schem...' at line 1
[22-Apr-2026 01:41:37 Asia/Kuwait] [orange] migration failed 000_runner_baseline.sql: SQLSTATE[42000]: Syntax error or access violation: 1064 You have an error in your SQL syntax; check the manual that corresponds to your MariaDB server version for the right syntax to use near 'الترحيلات يع?
ل؛ لا يغيّر بيانات.
SET @orange_schem...' at line 1
[22-Apr-2026 01:41:54 Asia/Kuwait] [orange] migration failed 000_runner_baseline.sql: SQLSTATE[42000]: Syntax error or access violation: 1064 You have an error in your SQL syntax; check the manual that corresponds to your MariaDB server version for the right syntax to use near 'الترحيلات يع?
ل؛ لا يغيّر بيانات.
SET @orange_schem...' at line 1
[22-Apr-2026 01:41:55 Asia/Kuwait] [orange] migration failed 000_runner_baseline.sql: SQLSTATE[42000]: Syntax error or access violation: 1064 You have an error in your SQL syntax; check the manual that corresponds to your MariaDB server version for the right syntax to use near 'الترحيلات يع?
ل؛ لا يغيّر بيانات.
SET @orange_schem...' at line 1
[22-Apr-2026 01:43:32 Asia/Kuwait] [orange] migration failed 000_runner_baseline.sql: SQLSTATE[42000]: Syntax error or access violation: 1064 You have an error in your SQL syntax; check the manual that corresponds to your MariaDB server version for the right syntax to use near 'الترحيلات يع?
ل؛ لا يغيّر بيانات.
SET @orange_schem...' at line 1
[22-Apr-2026 01:43:35 Asia/Kuwait] [orange] migration failed 000_runner_baseline.sql: SQLSTATE[42000]: Syntax error or access violation: 1064 You have an error in your SQL syntax; check the manual that corresponds to your MariaDB server version for the right syntax to use near 'الترحيلات يع?
ل؛ لا يغيّر بيانات.
SET @orange_schem...' at line 1
[22-Apr-2026 01:43:44 Asia/Kuwait] [orange] migration failed 000_runner_baseline.sql: SQLSTATE[42000]: Syntax error or access violation: 1064 You have an error in your SQL syntax; check the manual that corresponds to your MariaDB server version for the right syntax to use near 'الترحيلات يع?
ل؛ لا يغيّر بيانات.
SET @orange_schem...' at line 1
[22-Apr-2026 01:43:50 Asia/Kuwait] [orange] migration failed 000_runner_baseline.sql: SQLSTATE[42000]: Syntax error or access violation: 1064 You have an error in your SQL syntax; check the manual that corresponds to your MariaDB server version for the right syntax to use near 'الترحيلات يع?
ل؛ لا يغيّر بيانات.
SET @orange_schem...' at line 1
[22-Apr-2026 01:43:50 Asia/Kuwait] [orange] migration failed 000_runner_baseline.sql: SQLSTATE[42000]: Syntax error or access violation: 1064 You have an error in your SQL syntax; check the manual that corresponds to your MariaDB server version for the right syntax to use near 'الترحيلات يع?
ل؛ لا يغيّر بيانات.
SET @orange_schem...' at line 1
[22-Apr-2026 01:43:56 Asia/Kuwait] [orange] migration failed 000_runner_baseline.sql: SQLSTATE[42000]: Syntax error or access violation: 1064 You have an error in your SQL syntax; check the manual that corresponds to your MariaDB server version for the right syntax to use near 'الترحيلات يع?
ل؛ لا يغيّر بيانات.
SET @orange_schem...' at line 1
[22-Apr-2026 01:43:57 Asia/Kuwait] [orange] migration failed 000_runner_baseline.sql: SQLSTATE[42000]: Syntax error or access violation: 1064 You have an error in your SQL syntax; check the manual that corresponds to your MariaDB server version for the right syntax to use near 'الترحيلات يع?
ل؛ لا يغيّر بيانات.
SET @orange_schem...' at line 1
[22-Apr-2026 01:44:00 Asia/Kuwait] [orange] migration failed 000_runner_baseline.sql: SQLSTATE[42000]: Syntax error or access violation: 1064 You have an error in your SQL syntax; check the manual that corresponds to your MariaDB server version for the right syntax to use near 'الترحيلات يع?
ل؛ لا يغيّر بيانات.
SET @orange_schem...' at line 1
[22-Apr-2026 01:44:01 Asia/Kuwait] [orange] migration failed 000_runner_baseline.sql: SQLSTATE[42000]: Syntax error or access violation: 1064 You have an error in your SQL syntax; check the manual that corresponds to your MariaDB server version for the right syntax to use near 'الترحيلات يع?
ل؛ لا يغيّر بيانات.
SET @orange_schem...' at line 1
[22-Apr-2026 01:44:04 Asia/Kuwait] [orange] migration failed 000_runner_baseline.sql: SQLSTATE[42000]: Syntax error or access violation: 1064 You have an error in your SQL syntax; check the manual that corresponds to your MariaDB server version for the right syntax to use near 'الترحيلات يع?
ل؛ لا يغيّر بيانات.
SET @orange_schem...' at line 1
[22-Apr-2026 01:44:05 Asia/Kuwait] [orange] migration failed 000_runner_baseline.sql: SQLSTATE[42000]: Syntax error or access violation: 1064 You have an error in your SQL syntax; check the manual that corresponds to your MariaDB server version for the right syntax to use near 'الترحيلات يع?
ل؛ لا يغيّر بيانات.
SET @orange_schem...' at line 1
[22-Apr-2026 01:44:05 Asia/Kuwait] [orange] migration failed 000_runner_baseline.sql: SQLSTATE[42000]: Syntax error or access violation: 1064 You have an error in your SQL syntax; check the manual that corresponds to your MariaDB server version for the right syntax to use near 'الترحيلات يع?
ل؛ لا يغيّر بيانات.
SET @orange_schem...' at line 1
[22-Apr-2026 01:44:12 Asia/Kuwait] [orange] migration failed 000_runner_baseline.sql: SQLSTATE[42000]: Syntax error or access violation: 1064 You have an error in your SQL syntax; check the manual that corresponds to your MariaDB server version for the right syntax to use near 'الترحيلات يع?
ل؛ لا يغيّر بيانات.
SET @orange_schem...' at line 1
[22-Apr-2026 01:44:13 Asia/Kuwait] [orange] migration failed 000_runner_baseline.sql: SQLSTATE[42000]: Syntax error or access violation: 1064 You have an error in your SQL syntax; check the manual that corresponds to your MariaDB server version for the right syntax to use near 'الترحيلات يع?
ل؛ لا يغيّر بيانات.
SET @orange_schem...' at line 1
[22-Apr-2026 01:45:35 Asia/Kuwait] [orange] migration failed 000_runner_baseline.sql: SQLSTATE[42000]: Syntax error or access violation: 1064 You have an error in your SQL syntax; check the manual that corresponds to your MariaDB server version for the right syntax to use near 'الترحيلات يع?
ل؛ لا يغيّر بيانات.
SET @orange_schem...' at line 1
[22-Apr-2026 01:45:36 Asia/Kuwait] [orange] migration failed 000_runner_baseline.sql: SQLSTATE[42000]: Syntax error or access violation: 1064 You have an error in your SQL syntax; check the manual that corresponds to your MariaDB server version for the right syntax to use near 'الترحيلات يع?
ل؛ لا يغيّر بيانات.
SET @orange_schem...' at line 1
[22-Apr-2026 01:45:38 Asia/Kuwait] [orange] migration failed 000_runner_baseline.sql: SQLSTATE[42000]: Syntax error or access violation: 1064 You have an error in your SQL syntax; check the manual that corresponds to your MariaDB server version for the right syntax to use near 'الترحيلات يع?
ل؛ لا يغيّر بيانات.
SET @orange_schem...' at line 1
[22-Apr-2026 01:45:38 Asia/Kuwait] PHP Fatal error:  Uncaught TypeError: htmlspecialchars(): Argument #1 ($string) must be of type string, int given in C:\inetpub\vhosts\clickstorekw.com\orangeshoppro.com\includes\storefront_phone_country_select.php:29
Stack trace:
#0 C:\inetpub\vhosts\clickstorekw.com\orangeshoppro.com\includes\storefront_phone_country_select.php(29): htmlspecialchars()
#1 C:\inetpub\vhosts\clickstorekw.com\orangeshoppro.com\pages\track.php(70): orange_storefront_render_phone_country_select()
#2 C:\inetpub\vhosts\clickstorekw.com\orangeshoppro.com\storefront-dispatch.php(108): require('...')
#3 {main}
  thrown in C:\inetpub\vhosts\clickstorekw.com\orangeshoppro.com\includes\storefront_phone_country_select.php on line 29
[22-Apr-2026 01:45:39 Asia/Kuwait] [orange] migration failed 000_runner_baseline.sql: SQLSTATE[42000]: Syntax error or access violation: 1064 You have an error in your SQL syntax; check the manual that corresponds to your MariaDB server version for the right syntax to use near 'الترحيلات يع?
ل؛ لا يغيّر بيانات.
SET @orange_schem...' at line 1
[22-Apr-2026 01:45:47 Asia/Kuwait] [orange] migration failed 000_runner_baseline.sql: SQLSTATE[42000]: Syntax error or access violation: 1064 You have an error in your SQL syntax; check the manual that corresponds to your MariaDB server version for the right syntax to use near 'الترحيلات يع?
ل؛ لا يغيّر بيانات.
SET @orange_schem...' at line 1
[22-Apr-2026 01:45:47 Asia/Kuwait] PHP Fatal error:  Uncaught TypeError: htmlspecialchars(): Argument #1 ($string) must be of type string, int given in C:\inetpub\vhosts\clickstorekw.com\orangeshoppro.com\includes\storefront_phone_country_select.php:29
Stack trace:
#0 C:\inetpub\vhosts\clickstorekw.com\orangeshoppro.com\includes\storefront_phone_country_select.php(29): htmlspecialchars()
#1 C:\inetpub\vhosts\clickstorekw.com\orangeshoppro.com\pages\register.php(116): orange_storefront_render_phone_country_select()
#2 C:\inetpub\vhosts\clickstorekw.com\orangeshoppro.com\storefront-dispatch.php(113): require('...')
#3 {main}
  thrown in C:\inetpub\vhosts\clickstorekw.com\orangeshoppro.com\includes\storefront_phone_country_select.php on line 29
[22-Apr-2026 01:45:48 Asia/Kuwait] [orange] migration failed 000_runner_baseline.sql: SQLSTATE[42000]: Syntax error or access violation: 1064 You have an error in your SQL syntax; check the manual that corresponds to your MariaDB server version for the right syntax to use near 'الترحيلات يع?
ل؛ لا يغيّر بيانات.
SET @orange_schem...' at line 1
[22-Apr-2026 01:46:02 Asia/Kuwait] [orange] migration failed 000_runner_baseline.sql: SQLSTATE[42000]: Syntax error or access violation: 1064 You have an error in your SQL syntax; check the manual that corresponds to your MariaDB server version for the right syntax to use near 'الترحيلات يع?
ل؛ لا يغيّر بيانات.
SET @orange_schem...' at line 1
[22-Apr-2026 01:46:02 Asia/Kuwait] PHP Fatal error:  Uncaught TypeError: htmlspecialchars(): Argument #1 ($string) must be of type string, int given in C:\inetpub\vhosts\clickstorekw.com\orangeshoppro.com\includes\storefront_phone_country_select.php:29
Stack trace:
#0 C:\inetpub\vhosts\clickstorekw.com\orangeshoppro.com\includes\storefront_phone_country_select.php(29): htmlspecialchars()
#1 C:\inetpub\vhosts\clickstorekw.com\orangeshoppro.com\pages\cart.php(120): orange_storefront_render_phone_country_select()
#2 C:\inetpub\vhosts\clickstorekw.com\orangeshoppro.com\storefront-dispatch.php(103): require('...')
#3 {main}
  thrown in C:\inetpub\vhosts\clickstorekw.com\orangeshoppro.com\includes\storefront_phone_country_select.php on line 29
[22-Apr-2026 01:46:03 Asia/Kuwait] [orange] migration failed 000_runner_baseline.sql: SQLSTATE[42000]: Syntax error or access violation: 1064 You have an error in your SQL syntax; check the manual that corresponds to your MariaDB server version for the right syntax to use near 'الترحيلات يع?
ل؛ لا يغيّر بيانات.
SET @orange_schem...' at line 1
[22-Apr-2026 01:46:09 Asia/Kuwait] [orange] migration failed 000_runner_baseline.sql: SQLSTATE[42000]: Syntax error or access violation: 1064 You have an error in your SQL syntax; check the manual that corresponds to your MariaDB server version for the right syntax to use near 'الترحيلات يع?
ل؛ لا يغيّر بيانات.
SET @orange_schem...' at line 1
[22-Apr-2026 01:46:09 Asia/Kuwait] PHP Fatal error:  Uncaught TypeError: htmlspecialchars(): Argument #1 ($string) must be of type string, int given in C:\inetpub\vhosts\clickstorekw.com\orangeshoppro.com\includes\storefront_phone_country_select.php:29
Stack trace:
#0 C:\inetpub\vhosts\clickstorekw.com\orangeshoppro.com\includes\storefront_phone_country_select.php(29): htmlspecialchars()
#1 C:\inetpub\vhosts\clickstorekw.com\orangeshoppro.com\pages\register.php(116): orange_storefront_render_phone_country_select()
#2 C:\inetpub\vhosts\clickstorekw.com\orangeshoppro.com\storefront-dispatch.php(113): require('...')
#3 {main}
  thrown in C:\inetpub\vhosts\clickstorekw.com\orangeshoppro.com\includes\storefront_phone_country_select.php on line 29
[22-Apr-2026 01:46:10 Asia/Kuwait] [orange] migration failed 000_runner_baseline.sql: SQLSTATE[42000]: Syntax error or access violation: 1064 You have an error in your SQL syntax; check the manual that corresponds to your MariaDB server version for the right syntax to use near 'الترحيلات يع?
ل؛ لا يغيّر بيانات.
SET @orange_schem...' at line 1
[22-Apr-2026 01:47:05 Asia/Kuwait] [orange] migration failed 000_runner_baseline.sql: SQLSTATE[42000]: Syntax error or access violation: 1064 You have an error in your SQL syntax; check the manual that corresponds to your MariaDB server version for the right syntax to use near 'الترحيلات يع?
ل؛ لا يغيّر بيانات.
SET @orange_schem...' at line 1
[22-Apr-2026 01:47:05 Asia/Kuwait] PHP Fatal error:  Uncaught TypeError: htmlspecialchars(): Argument #1 ($string) must be of type string, int given in C:\inetpub\vhosts\clickstorekw.com\orangeshoppro.com\includes\storefront_phone_country_select.php:29
Stack trace:
#0 C:\inetpub\vhosts\clickstorekw.com\orangeshoppro.com\includes\storefront_phone_country_select.php(29): htmlspecialchars()
#1 C:\inetpub\vhosts\clickstorekw.com\orangeshoppro.com\pages\register.php(116): orange_storefront_render_phone_country_select()
#2 C:\inetpub\vhosts\clickstorekw.com\orangeshoppro.com\storefront-dispatch.php(113): require('...')
#3 {main}
  thrown in C:\inetpub\vhosts\clickstorekw.com\orangeshoppro.com\includes\storefront_phone_country_select.php on line 29
[22-Apr-2026 01:47:07 Asia/Kuwait] [orange] migration failed 000_runner_baseline.sql: SQLSTATE[42000]: Syntax error or access violation: 1064 You have an error in your SQL syntax; check the manual that corresponds to your MariaDB server version for the right syntax to use near 'الترحيلات يع?
ل؛ لا يغيّر بيانات.
SET @orange_schem...' at line 1
[22-Apr-2026 01:47:12 Asia/Kuwait] [orange] migration failed 000_runner_baseline.sql: SQLSTATE[42000]: Syntax error or access violation: 1064 You have an error in your SQL syntax; check the manual that corresponds to your MariaDB server version for the right syntax to use near 'الترحيلات يع?
ل؛ لا يغيّر بيانات.
SET @orange_schem...' at line 1
[22-Apr-2026 01:47:12 Asia/Kuwait] PHP Fatal error:  Uncaught TypeError: htmlspecialchars(): Argument #1 ($string) must be of type string, int given in C:\inetpub\vhosts\clickstorekw.com\orangeshoppro.com\includes\storefront_phone_country_select.php:29
Stack trace:
#0 C:\inetpub\vhosts\clickstorekw.com\orangeshoppro.com\includes\storefront_phone_country_select.php(29): htmlspecialchars()
#1 C:\inetpub\vhosts\clickstorekw.com\orangeshoppro.com\pages\register.php(116): orange_storefront_render_phone_country_select()
#2 C:\inetpub\vhosts\clickstorekw.com\orangeshoppro.com\storefront-dispatch.php(113): require('...')
#3 {main}
  thrown in C:\inetpub\vhosts\clickstorekw.com\orangeshoppro.com\includes\storefront_phone_country_select.php on line 29
[22-Apr-2026 01:47:13 Asia/Kuwait] [orange] migration failed 000_runner_baseline.sql: SQLSTATE[42000]: Syntax error or access violation: 1064 You have an error in your SQL syntax; check the manual that corresponds to your MariaDB server version for the right syntax to use near 'الترحيلات يع?
ل؛ لا يغيّر بيانات.
SET @orange_schem...' at line 1
[22-Apr-2026 01:47:59 Asia/Kuwait] [orange] migration failed 000_runner_baseline.sql: SQLSTATE[42000]: Syntax error or access violation: 1064 You have an error in your SQL syntax; check the manual that corresponds to your MariaDB server version for the right syntax to use near 'الترحيلات يع?
ل؛ لا يغيّر بيانات.
SET @orange_schem...' at line 1
[22-Apr-2026 01:47:59 Asia/Kuwait] PHP Fatal error:  Uncaught TypeError: htmlspecialchars(): Argument #1 ($string) must be of type string, int given in C:\inetpub\vhosts\clickstorekw.com\orangeshoppro.com\includes\storefront_phone_country_select.php:29
Stack trace:
#0 C:\inetpub\vhosts\clickstorekw.com\orangeshoppro.com\includes\storefront_phone_country_select.php(29): htmlspecialchars()
#1 C:\inetpub\vhosts\clickstorekw.com\orangeshoppro.com\pages\register.php(116): orange_storefront_render_phone_country_select()
#2 C:\inetpub\vhosts\clickstorekw.com\orangeshoppro.com\storefront-dispatch.php(113): require('...')
#3 {main}
  thrown in C:\inetpub\vhosts\clickstorekw.com\orangeshoppro.com\includes\storefront_phone_country_select.php on line 29
[22-Apr-2026 01:48:00 Asia/Kuwait] [orange] migration failed 000_runner_baseline.sql: SQLSTATE[42000]: Syntax error or access violation: 1064 You have an error in your SQL syntax; check the manual that corresponds to your MariaDB server version for the right syntax to use near 'الترحيلات يع?
ل؛ لا يغيّر بيانات.
SET @orange_schem...' at line 1
[22-Apr-2026 01:48:24 Asia/Kuwait] [orange] migration failed 000_runner_baseline.sql: SQLSTATE[42000]: Syntax error or access violation: 1064 You have an error in your SQL syntax; check the manual that corresponds to your MariaDB server version for the right syntax to use near 'الترحيلات يع?
ل؛ لا يغيّر بيانات.
SET @orange_schem...' at line 1
[22-Apr-2026 01:48:24 Asia/Kuwait] PHP Fatal error:  Uncaught TypeError: htmlspecialchars(): Argument #1 ($string) must be of type string, int given in C:\inetpub\vhosts\clickstorekw.com\orangeshoppro.com\includes\storefront_phone_country_select.php:29
Stack trace:
#0 C:\inetpub\vhosts\clickstorekw.com\orangeshoppro.com\includes\storefront_phone_country_select.php(29): htmlspecialchars()
#1 C:\inetpub\vhosts\clickstorekw.com\orangeshoppro.com\pages\cart.php(120): orange_storefront_render_phone_country_select()
#2 C:\inetpub\vhosts\clickstorekw.com\orangeshoppro.com\storefront-dispatch.php(103): require('...')
#3 {main}
  thrown in C:\inetpub\vhosts\clickstorekw.com\orangeshoppro.com\includes\storefront_phone_country_select.php on line 29
[22-Apr-2026 01:48:25 Asia/Kuwait] [orange] migration failed 000_runner_baseline.sql: SQLSTATE[42000]: Syntax error or access violation: 1064 You have an error in your SQL syntax; check the manual that corresponds to your MariaDB server version for the right syntax to use near 'الترحيلات يع?
ل؛ لا يغيّر بيانات.
SET @orange_schem...' at line 1
[22-Apr-2026 01:48:53 Asia/Kuwait] [orange] migration failed 000_runner_baseline.sql: SQLSTATE[42000]: Syntax error or access violation: 1064 You have an error in your SQL syntax; check the manual that corresponds to your MariaDB server version for the right syntax to use near 'الترحيلات يع?
ل؛ لا يغيّر بيانات.
SET @orange_schem...' at line 1
[22-Apr-2026 01:48:53 Asia/Kuwait] PHP Fatal error:  Uncaught TypeError: htmlspecialchars(): Argument #1 ($string) must be of type string, int given in C:\inetpub\vhosts\clickstorekw.com\orangeshoppro.com\includes\storefront_phone_country_select.php:29
Stack trace:
#0 C:\inetpub\vhosts\clickstorekw.com\orangeshoppro.com\includes\storefront_phone_country_select.php(29): htmlspecialchars()
#1 C:\inetpub\vhosts\clickstorekw.com\orangeshoppro.com\pages\cart.php(118): orange_storefront_render_phone_country_select()
#2 C:\inetpub\vhosts\clickstorekw.com\orangeshoppro.com\storefront-dispatch.php(103): require('...')
#3 {main}
  thrown in C:\inetpub\vhosts\clickstorekw.com\orangeshoppro.com\includes\storefront_phone_country_select.php on line 29
[22-Apr-2026 01:48:54 Asia/Kuwait] [orange] migration failed 000_runner_baseline.sql: SQLSTATE[42000]: Syntax error or access violation: 1064 You have an error in your SQL syntax; check the manual that corresponds to your MariaDB server version for the right syntax to use near 'الترحيلات يع?
ل؛ لا يغيّر بيانات.
SET @orange_schem...' at line 1
[22-Apr-2026 01:49:03 Asia/Kuwait] [orange] migration failed 000_runner_baseline.sql: SQLSTATE[42000]: Syntax error or access violation: 1064 You have an error in your SQL syntax; check the manual that corresponds to your MariaDB server version for the right syntax to use near 'الترحيلات يع?
ل؛ لا يغيّر بيانات.
SET @orange_schem...' at line 1
[22-Apr-2026 01:49:03 Asia/Kuwait] PHP Fatal error:  Uncaught TypeError: htmlspecialchars(): Argument #1 ($string) must be of type string, int given in C:\inetpub\vhosts\clickstorekw.com\orangeshoppro.com\includes\storefront_phone_country_select.php:29
Stack trace:
#0 C:\inetpub\vhosts\clickstorekw.com\orangeshoppro.com\includes\storefront_phone_country_select.php(29): htmlspecialchars()
#1 C:\inetpub\vhosts\clickstorekw.com\orangeshoppro.com\pages\cart.php(118): orange_storefront_render_phone_country_select()
#2 C:\inetpub\vhosts\clickstorekw.com\orangeshoppro.com\storefront-dispatch.php(103): require('...')
#3 {main}
  thrown in C:\inetpub\vhosts\clickstorekw.com\orangeshoppro.com\includes\storefront_phone_country_select.php on line 29
[22-Apr-2026 01:49:04 Asia/Kuwait] [orange] migration failed 000_runner_baseline.sql: SQLSTATE[42000]: Syntax error or access violation: 1064 You have an error in your SQL syntax; check the manual that corresponds to your MariaDB server version for the right syntax to use near 'الترحيلات يع?
ل؛ لا يغيّر بيانات.
SET @orange_schem...' at line 1
[22-Apr-2026 01:53:33 Asia/Kuwait] [orange] migration failed 000_runner_baseline.sql: SQLSTATE[42000]: Syntax error or access violation: 1064 You have an error in your SQL syntax; check the manual that corresponds to your MariaDB server version for the right syntax to use near 'الترحيلات يع?
ل؛ لا يغيّر بيانات.
SET @orange_schem...' at line 1
[22-Apr-2026 01:53:33 Asia/Kuwait] PHP Fatal error:  Uncaught TypeError: htmlspecialchars(): Argument #1 ($string) must be of type string, int given in C:\inetpub\vhosts\clickstorekw.com\orangeshoppro.com\includes\storefront_phone_country_select.php:29
Stack trace:
#0 C:\inetpub\vhosts\clickstorekw.com\orangeshoppro.com\includes\storefront_phone_country_select.php(29): htmlspecialchars()
#1 C:\inetpub\vhosts\clickstorekw.com\orangeshoppro.com\pages\cart.php(118): orange_storefront_render_phone_country_select()
#2 C:\inetpub\vhosts\clickstorekw.com\orangeshoppro.com\storefront-dispatch.php(103): require('...')
#3 {main}
  thrown in C:\inetpub\vhosts\clickstorekw.com\orangeshoppro.com\includes\storefront_phone_country_select.php on line 29
[22-Apr-2026 01:53:37 Asia/Kuwait] [orange] migration failed 000_runner_baseline.sql: SQLSTATE[42000]: Syntax error or access violation: 1064 You have an error in your SQL syntax; check the manual that corresponds to your MariaDB server version for the right syntax to use near 'الترحيلات يع?
ل؛ لا يغيّر بيانات.
SET @orange_schem...' at line 1
[22-Apr-2026 01:53:37 Asia/Kuwait] PHP Fatal error:  Uncaught TypeError: htmlspecialchars(): Argument #1 ($string) must be of type string, int given in C:\inetpub\vhosts\clickstorekw.com\orangeshoppro.com\includes\storefront_phone_country_select.php:29
Stack trace:
#0 C:\inetpub\vhosts\clickstorekw.com\orangeshoppro.com\includes\storefront_phone_country_select.php(29): htmlspecialchars()
#1 C:\inetpub\vhosts\clickstorekw.com\orangeshoppro.com\pages\register.php(114): orange_storefront_render_phone_country_select()
#2 C:\inetpub\vhosts\clickstorekw.com\orangeshoppro.com\storefront-dispatch.php(113): require('...')
#3 {main}
  thrown in C:\inetpub\vhosts\clickstorekw.com\orangeshoppro.com\includes\storefront_phone_country_select.php on line 29
[22-Apr-2026 01:53:44 Asia/Kuwait] [orange] migration failed 000_runner_baseline.sql: SQLSTATE[42000]: Syntax error or access violation: 1064 You have an error in your SQL syntax; check the manual that corresponds to your MariaDB server version for the right syntax to use near 'الترحيلات يع?
ل؛ لا يغيّر بيانات.
SET @orange_schem...' at line 1
[22-Apr-2026 01:54:47 Asia/Kuwait] [orange] migration failed 000_runner_baseline.sql: SQLSTATE[42000]: Syntax error or access violation: 1064 You have an error in your SQL syntax; check the manual that corresponds to your MariaDB server version for the right syntax to use near 'الترحيلات يع?
ل؛ لا يغيّر بيانات.
SET @orange_schem...' at line 1
[22-Apr-2026 01:54:47 Asia/Kuwait] PHP Fatal error:  Uncaught TypeError: htmlspecialchars(): Argument #1 ($string) must be of type string, int given in C:\inetpub\vhosts\clickstorekw.com\orangeshoppro.com\includes\storefront_phone_country_select.php:29
Stack trace:
#0 C:\inetpub\vhosts\clickstorekw.com\orangeshoppro.com\includes\storefront_phone_country_select.php(29): htmlspecialchars()
#1 C:\inetpub\vhosts\clickstorekw.com\orangeshoppro.com\pages\register.php(114): orange_storefront_render_phone_country_select()
#2 C:\inetpub\vhosts\clickstorekw.com\orangeshoppro.com\storefront-dispatch.php(113): require('...')
#3 {main}
  thrown in C:\inetpub\vhosts\clickstorekw.com\orangeshoppro.com\includes\storefront_phone_country_select.php on line 29
[22-Apr-2026 01:54:49 Asia/Kuwait] [orange] migration failed 000_runner_baseline.sql: SQLSTATE[42000]: Syntax error or access violation: 1064 You have an error in your SQL syntax; check the manual that corresponds to your MariaDB server version for the right syntax to use near 'الترحيلات يع?
ل؛ لا يغيّر بيانات.
SET @orange_schem...' at line 1
[22-Apr-2026 01:55:34 Asia/Kuwait] [orange] migration failed 000_runner_baseline.sql: SQLSTATE[42000]: Syntax error or access violation: 1064 You have an error in your SQL syntax; check the manual that corresponds to your MariaDB server version for the right syntax to use near 'الترحيلات يع?
ل؛ لا يغيّر بيانات.
SET @orange_schem...' at line 1
[22-Apr-2026 01:55:34 Asia/Kuwait] PHP Fatal error:  Uncaught TypeError: htmlspecialchars(): Argument #1 ($string) must be of type string, int given in C:\inetpub\vhosts\clickstorekw.com\orangeshoppro.com\includes\storefront_phone_country_select.php:29
Stack trace:
#0 C:\inetpub\vhosts\clickstorekw.com\orangeshoppro.com\includes\storefront_phone_country_select.php(29): htmlspecialchars()
#1 C:\inetpub\vhosts\clickstorekw.com\orangeshoppro.com\pages\register.php(114): orange_storefront_render_phone_country_select()
#2 C:\inetpub\vhosts\clickstorekw.com\orangeshoppro.com\storefront-dispatch.php(113): require('...')
#3 {main}
  thrown in C:\inetpub\vhosts\clickstorekw.com\orangeshoppro.com\includes\storefront_phone_country_select.php on line 29
[22-Apr-2026 01:55:35 Asia/Kuwait] [orange] migration failed 000_runner_baseline.sql: SQLSTATE[42000]: Syntax error or access violation: 1064 You have an error in your SQL syntax; check the manual that corresponds to your MariaDB server version for the right syntax to use near 'الترحيلات يع?
ل؛ لا يغيّر بيانات.
SET @orange_schem...' at line 1
[22-Apr-2026 01:55:38 Asia/Kuwait] [orange] migration failed 000_runner_baseline.sql: SQLSTATE[42000]: Syntax error or access violation: 1064 You have an error in your SQL syntax; check the manual that corresponds to your MariaDB server version for the right syntax to use near 'الترحيلات يع?
ل؛ لا يغيّر بيانات.
SET @orange_schem...' at line 1
[22-Apr-2026 01:55:40 Asia/Kuwait] [orange] migration failed 000_runner_baseline.sql: SQLSTATE[42000]: Syntax error or access violation: 1064 You have an error in your SQL syntax; check the manual that corresponds to your MariaDB server version for the right syntax to use near 'الترحيلات يع?
ل؛ لا يغيّر بيانات.
SET @orange_schem...' at line 1
[22-Apr-2026 01:55:58 Asia/Kuwait] [orange] migration failed 000_runner_baseline.sql: SQLSTATE[42000]: Syntax error or access violation: 1064 You have an error in your SQL syntax; check the manual that corresponds to your MariaDB server version for the right syntax to use near 'الترحيلات يع?
ل؛ لا يغيّر بيانات.
SET @orange_schem...' at line 1
[22-Apr-2026 01:55:59 Asia/Kuwait] [orange] migration failed 000_runner_baseline.sql: SQLSTATE[42000]: Syntax error or access violation: 1064 You have an error in your SQL syntax; check the manual that corresponds to your MariaDB server version for the right syntax to use near 'الترحيلات يع?
ل؛ لا يغيّر بيانات.
SET @orange_schem...' at line 1
[22-Apr-2026 01:56:46 Asia/Kuwait] [orange] migration failed 000_runner_baseline.sql: SQLSTATE[42000]: Syntax error or access violation: 1064 You have an error in your SQL syntax; check the manual that corresponds to your MariaDB server version for the right syntax to use near 'الترحيلات يع?
ل؛ لا يغيّر بيانات.
SET @orange_schem...' at line 1
[22-Apr-2026 01:56:47 Asia/Kuwait] [orange] migration failed 000_runner_baseline.sql: SQLSTATE[42000]: Syntax error or access violation: 1064 You have an error in your SQL syntax; check the manual that corresponds to your MariaDB server version for the right syntax to use near 'الترحيلات يع?
ل؛ لا يغيّر بيانات.
SET @orange_schem...' at line 1
[22-Apr-2026 01:56:49 Asia/Kuwait] [orange] migration failed 000_runner_baseline.sql: SQLSTATE[42000]: Syntax error or access violation: 1064 You have an error in your SQL syntax; check the manual that corresponds to your MariaDB server version for the right syntax to use near 'الترحيلات يع?
ل؛ لا يغيّر بيانات.
SET @orange_schem...' at line 1
[22-Apr-2026 01:56:49 Asia/Kuwait] PHP Fatal error:  Uncaught TypeError: htmlspecialchars(): Argument #1 ($string) must be of type string, int given in C:\inetpub\vhosts\clickstorekw.com\orangeshoppro.com\includes\storefront_phone_country_select.php:29
Stack trace:
#0 C:\inetpub\vhosts\clickstorekw.com\orangeshoppro.com\includes\storefront_phone_country_select.php(29): htmlspecialchars()
#1 C:\inetpub\vhosts\clickstorekw.com\orangeshoppro.com\pages\register.php(114): orange_storefront_render_phone_country_select()
#2 C:\inetpub\vhosts\clickstorekw.com\orangeshoppro.com\storefront-dispatch.php(113): require('...')
#3 {main}
  thrown in C:\inetpub\vhosts\clickstorekw.com\orangeshoppro.com\includes\storefront_phone_country_select.php on line 29
[22-Apr-2026 01:56:50 Asia/Kuwait] [orange] migration failed 000_runner_baseline.sql: SQLSTATE[42000]: Syntax error or access violation: 1064 You have an error in your SQL syntax; check the manual that corresponds to your MariaDB server version for the right syntax to use near 'الترحيلات يع?
ل؛ لا يغيّر بيانات.
SET @orange_schem...' at line 1
[22-Apr-2026 01:56:52 Asia/Kuwait] [orange] migration failed 000_runner_baseline.sql: SQLSTATE[42000]: Syntax error or access violation: 1064 You have an error in your SQL syntax; check the manual that corresponds to your MariaDB server version for the right syntax to use near 'الترحيلات يع?
ل؛ لا يغيّر بيانات.
SET @orange_schem...' at line 1
[22-Apr-2026 01:56:53 Asia/Kuwait] [orange] migration failed 000_runner_baseline.sql: SQLSTATE[42000]: Syntax error or access violation: 1064 You have an error in your SQL syntax; check the manual that corresponds to your MariaDB server version for the right syntax to use near 'الترحيلات يع?
ل؛ لا يغيّر بيانات.
SET @orange_schem...' at line 1
[22-Apr-2026 01:57:50 Asia/Kuwait] [orange] migration failed 000_runner_baseline.sql: SQLSTATE[42000]: Syntax error or access violation: 1064 You have an error in your SQL syntax; check the manual that corresponds to your MariaDB server version for the right syntax to use near 'الترحيلات يع?
ل؛ لا يغيّر بيانات.
SET @orange_schem...' at line 1
[22-Apr-2026 01:57:50 Asia/Kuwait] [orange] migration failed 000_runner_baseline.sql: SQLSTATE[42000]: Syntax error or access violation: 1064 You have an error in your SQL syntax; check the manual that corresponds to your MariaDB server version for the right syntax to use near 'الترحيلات يع?
ل؛ لا يغيّر بيانات.
SET @orange_schem...' at line 1
[22-Apr-2026 01:57:52 Asia/Kuwait] [orange] migration failed 000_runner_baseline.sql: SQLSTATE[42000]: Syntax error or access violation: 1064 You have an error in your SQL syntax; check the manual that corresponds to your MariaDB server version for the right syntax to use near 'الترحيلات يع?
ل؛ لا يغيّر بيانات.
SET @orange_schem...' at line 1
[22-Apr-2026 01:57:52 Asia/Kuwait] PHP Fatal error:  Uncaught TypeError: htmlspecialchars(): Argument #1 ($string) must be of type string, int given in C:\inetpub\vhosts\clickstorekw.com\orangeshoppro.com\includes\storefront_phone_country_select.php:29
Stack trace:
#0 C:\inetpub\vhosts\clickstorekw.com\orangeshoppro.com\includes\storefront_phone_country_select.php(29): htmlspecialchars()
#1 C:\inetpub\vhosts\clickstorekw.com\orangeshoppro.com\pages\register.php(114): orange_storefront_render_phone_country_select()
#2 C:\inetpub\vhosts\clickstorekw.com\orangeshoppro.com\storefront-dispatch.php(113): require('...')
#3 {main}
  thrown in C:\inetpub\vhosts\clickstorekw.com\orangeshoppro.com\includes\storefront_phone_country_select.php on line 29
[22-Apr-2026 01:57:53 Asia/Kuwait] [orange] migration failed 000_runner_baseline.sql: SQLSTATE[42000]: Syntax error or access violation: 1064 You have an error in your SQL syntax; check the manual that corresponds to your MariaDB server version for the right syntax to use near 'الترحيلات يع?
ل؛ لا يغيّر بيانات.
SET @orange_schem...' at line 1
[22-Apr-2026 01:57:55 Asia/Kuwait] [orange] migration failed 000_runner_baseline.sql: SQLSTATE[42000]: Syntax error or access violation: 1064 You have an error in your SQL syntax; check the manual that corresponds to your MariaDB server version for the right syntax to use near 'الترحيلات يع?
ل؛ لا يغيّر بيانات.
SET @orange_schem...' at line 1
[22-Apr-2026 01:57:56 Asia/Kuwait] [orange] migration failed 000_runner_baseline.sql: SQLSTATE[42000]: Syntax error or access violation: 1064 You have an error in your SQL syntax; check the manual that corresponds to your MariaDB server version for the right syntax to use near 'الترحيلات يع?
ل؛ لا يغيّر بيانات.
SET @orange_schem...' at line 1
[22-Apr-2026 01:59:49 Asia/Kuwait] [orange] migration failed 000_runner_baseline.sql: SQLSTATE[42000]: Syntax error or access violation: 1064 You have an error in your SQL syntax; check the manual that corresponds to your MariaDB server version for the right syntax to use near 'الترحيلات يع?
ل؛ لا يغيّر بيانات.
SET @orange_schem...' at line 1
[22-Apr-2026 01:59:50 Asia/Kuwait] [orange] migration failed 000_runner_baseline.sql: SQLSTATE[42000]: Syntax error or access violation: 1064 You have an error in your SQL syntax; check the manual that corresponds to your MariaDB server version for the right syntax to use near 'الترحيلات يع?
ل؛ لا يغيّر بيانات.
SET @orange_schem...' at line 1
[22-Apr-2026 01:59:53 Asia/Kuwait] [orange] migration failed 000_runner_baseline.sql: SQLSTATE[42000]: Syntax error or access violation: 1064 You have an error in your SQL syntax; check the manual that corresponds to your MariaDB server version for the right syntax to use near 'الترحيلات يع?
ل؛ لا يغيّر بيانات.
SET @orange_schem...' at line 1
[22-Apr-2026 01:59:54 Asia/Kuwait] [orange] migration failed 000_runner_baseline.sql: SQLSTATE[42000]: Syntax error or access violation: 1064 You have an error in your SQL syntax; check the manual that corresponds to your MariaDB server version for the right syntax to use near 'الترحيلات يع?
ل؛ لا يغيّر بيانات.
SET @orange_schem...' at line 1
[22-Apr-2026 02:00:01 Asia/Kuwait] [orange] migration failed 000_runner_baseline.sql: SQLSTATE[42000]: Syntax error or access violation: 1064 You have an error in your SQL syntax; check the manual that corresponds to your MariaDB server version for the right syntax to use near 'الترحيلات يع?
ل؛ لا يغيّر بيانات.
SET @orange_schem...' at line 1
[22-Apr-2026 02:00:03 Asia/Kuwait] [orange] migration failed 000_runner_baseline.sql: SQLSTATE[42000]: Syntax error or access violation: 1064 You have an error in your SQL syntax; check the manual that corresponds to your MariaDB server version for the right syntax to use near 'الترحيلات يع?
ل؛ لا يغيّر بيانات.
SET @orange_schem...' at line 1
[22-Apr-2026 02:00:11 Asia/Kuwait] [orange] migration failed 000_runner_baseline.sql: SQLSTATE[42000]: Syntax error or access violation: 1064 You have an error in your SQL syntax; check the manual that corresponds to your MariaDB server version for the right syntax to use near 'الترحيلات يع?
ل؛ لا يغيّر بيانات.
SET @orange_schem...' at line 1
[22-Apr-2026 02:00:12 Asia/Kuwait] [orange] migration failed 000_runner_baseline.sql: SQLSTATE[42000]: Syntax error or access violation: 1064 You have an error in your SQL syntax; check the manual that corresponds to your MariaDB server version for the right syntax to use near 'الترحيلات يع?
ل؛ لا يغيّر بيانات.
SET @orange_schem...' at line 1
[22-Apr-2026 02:01:25 Asia/Kuwait] [orange] migration failed 000_runner_baseline.sql: SQLSTATE[42000]: Syntax error or access violation: 1064 You have an error in your SQL syntax; check the manual that corresponds to your MariaDB server version for the right syntax to use near 'الترحيلات يع?
ل؛ لا يغيّر بيانات.
SET @orange_schem...' at line 1
[22-Apr-2026 02:01:26 Asia/Kuwait] [orange] migration failed 000_runner_baseline.sql: SQLSTATE[42000]: Syntax error or access violation: 1064 You have an error in your SQL syntax; check the manual that corresponds to your MariaDB server version for the right syntax to use near 'الترحيلات يع?
ل؛ لا يغيّر بيانات.
SET @orange_schem...' at line 1
[22-Apr-2026 02:01:26 Asia/Kuwait] [orange] migration failed 000_runner_baseline.sql: SQLSTATE[42000]: Syntax error or access violation: 1064 You have an error in your SQL syntax; check the manual that corresponds to your MariaDB server version for the right syntax to use near 'الترحيلات يع?
ل؛ لا يغيّر بيانات.
SET @orange_schem...' at line 1
[22-Apr-2026 02:01:27 Asia/Kuwait] [orange] migration failed 000_runner_baseline.sql: SQLSTATE[42000]: Syntax error or access violation: 1064 You have an error in your SQL syntax; check the manual that corresponds to your MariaDB server version for the right syntax to use near 'الترحيلات يع?
ل؛ لا يغيّر بيانات.
SET @orange_schem...' at line 1
[22-Apr-2026 02:17:51 Asia/Kuwait] [orange] migration failed 000_runner_baseline.sql: SQLSTATE[42000]: Syntax error or access violation: 1064 You have an error in your SQL syntax; check the manual that corresponds to your MariaDB server version for the right syntax to use near 'الترحيلات يع?
ل؛ لا يغيّر بيانات.
SET @orange_schem...' at line 1
[22-Apr-2026 02:17:53 Asia/Kuwait] [orange] migration failed 000_runner_baseline.sql: SQLSTATE[42000]: Syntax error or access violation: 1064 You have an error in your SQL syntax; check the manual that corresponds to your MariaDB server version for the right syntax to use near 'الترحيلات يع?
ل؛ لا يغيّر بيانات.
SET @orange_schem...' at line 1
[22-Apr-2026 02:17:54 Asia/Kuwait] [orange] migration failed 000_runner_baseline.sql: SQLSTATE[42000]: Syntax error or access violation: 1064 You have an error in your SQL syntax; check the manual that corresponds to your MariaDB server version for the right syntax to use near 'الترحيلات يع?
ل؛ لا يغيّر بيانات.
SET @orange_schem...' at line 1
[22-Apr-2026 02:17:54 Asia/Kuwait] [orange] migration failed 000_runner_baseline.sql: SQLSTATE[42000]: Syntax error or access violation: 1064 You have an error in your SQL syntax; check the manual that corresponds to your MariaDB server version for the right syntax to use near 'الترحيلات يع?
ل؛ لا يغيّر بيانات.
SET @orange_schem...' at line 1
[22-Apr-2026 02:17:58 Asia/Kuwait] [orange] migration failed 000_runner_baseline.sql: SQLSTATE[42000]: Syntax error or access violation: 1064 You have an error in your SQL syntax; check the manual that corresponds to your MariaDB server version for the right syntax to use near 'الترحيلات يع?
ل؛ لا يغيّر بيانات.
SET @orange_schem...' at line 1
[22-Apr-2026 02:17:59 Asia/Kuwait] [orange] migration failed 000_runner_baseline.sql: SQLSTATE[42000]: Syntax error or access violation: 1064 You have an error in your SQL syntax; check the manual that corresponds to your MariaDB server version for the right syntax to use near 'الترحيلات يع?
ل؛ لا يغيّر بيانات.
SET @orange_schem...' at line 1
[22-Apr-2026 02:23:00 Asia/Kuwait] [orange] migration failed 000_runner_baseline.sql: SQLSTATE[42000]: Syntax error or access violation: 1064 You have an error in your SQL syntax; check the manual that corresponds to your MariaDB server version for the right syntax to use near 'الترحيلات يع?
ل؛ لا يغيّر بيانات.
SET @orange_schem...' at line 1
[22-Apr-2026 02:23:12 Asia/Kuwait] [orange] migration failed 000_runner_baseline.sql: SQLSTATE[42000]: Syntax error or access violation: 1064 You have an error in your SQL syntax; check the manual that corresponds to your MariaDB server version for the right syntax to use near 'الترحيلات يع?
ل؛ لا يغيّر بيانات.
SET @orange_schem...' at line 1
[22-Apr-2026 02:24:21 Asia/Kuwait] [orange] migration failed 000_runner_baseline.sql: SQLSTATE[42000]: Syntax error or access violation: 1064 You have an error in your SQL syntax; check the manual that corresponds to your MariaDB server version for the right syntax to use near 'الترحيلات يع?
ل؛ لا يغيّر بيانات.
SET @orange_schem...' at line 1
[22-Apr-2026 02:24:21 Asia/Kuwait] PHP Warning:  Undefined variable $lowStockVariantsDash in C:\inetpub\vhosts\clickstorekw.com\orangeshoppro.com\admin\pages\dashboard.php on line 62
[22-Apr-2026 02:24:21 Asia/Kuwait] PHP Warning:  Undefined variable $lowStockVariantsDash in C:\inetpub\vhosts\clickstorekw.com\orangeshoppro.com\admin\pages\dashboard.php on line 64
[22-Apr-2026 02:24:21 Asia/Kuwait] PHP Warning:  Undefined variable $lowStockThDash in C:\inetpub\vhosts\clickstorekw.com\orangeshoppro.com\admin\pages\dashboard.php on line 65
[22-Apr-2026 02:24:38 Asia/Kuwait] [orange] migration failed 000_runner_baseline.sql: SQLSTATE[42000]: Syntax error or access violation: 1064 You have an error in your SQL syntax; check the manual that corresponds to your MariaDB server version for the right syntax to use near 'الترحيلات يع?
ل؛ لا يغيّر بيانات.
SET @orange_schem...' at line 1
[22-Apr-2026 02:27:12 Asia/Kuwait] [orange] migration failed 000_runner_baseline.sql: SQLSTATE[42000]: Syntax error or access violation: 1064 You have an error in your SQL syntax; check the manual that corresponds to your MariaDB server version for the right syntax to use near 'الترحيلات يع?
ل؛ لا يغيّر بيانات.
SET @orange_schem...' at line 1
[22-Apr-2026 02:27:12 Asia/Kuwait] PHP Fatal error:  Uncaught TypeError: htmlspecialchars(): Argument #1 ($string) must be of type string, int given in C:\inetpub\vhosts\clickstorekw.com\orangeshoppro.com\includes\storefront_phone_country_select.php:29
Stack trace:
#0 C:\inetpub\vhosts\clickstorekw.com\orangeshoppro.com\includes\storefront_phone_country_select.php(29): htmlspecialchars()
#1 C:\inetpub\vhosts\clickstorekw.com\orangeshoppro.com\pages\register.php(116): orange_storefront_render_phone_country_select()
#2 C:\inetpub\vhosts\clickstorekw.com\orangeshoppro.com\storefront-dispatch.php(113): require('...')
#3 {main}
  thrown in C:\inetpub\vhosts\clickstorekw.com\orangeshoppro.com\includes\storefront_phone_country_select.php on line 29
[22-Apr-2026 02:27:12 Asia/Kuwait] [orange] migration failed 000_runner_baseline.sql: SQLSTATE[42000]: Syntax error or access violation: 1064 You have an error in your SQL syntax; check the manual that corresponds to your MariaDB server version for the right syntax to use near 'الترحيلات يع?
ل؛ لا يغيّر بيانات.
SET @orange_schem...' at line 1
[22-Apr-2026 02:27:14 Asia/Kuwait] [orange] migration failed 000_runner_baseline.sql: SQLSTATE[42000]: Syntax error or access violation: 1064 You have an error in your SQL syntax; check the manual that corresponds to your MariaDB server version for the right syntax to use near 'الترحيلات يع?
ل؛ لا يغيّر بيانات.
SET @orange_schem...' at line 1
[22-Apr-2026 02:27:16 Asia/Kuwait] [orange] migration failed 000_runner_baseline.sql: SQLSTATE[42000]: Syntax error or access violation: 1064 You have an error in your SQL syntax; check the manual that corresponds to your MariaDB server version for the right syntax to use near 'الترحيلات يع?
ل؛ لا يغيّر بيانات.
SET @orange_schem...' at line 1
[22-Apr-2026 02:27:16 Asia/Kuwait] PHP Fatal error:  Uncaught TypeError: htmlspecialchars(): Argument #1 ($string) must be of type string, int given in C:\inetpub\vhosts\clickstorekw.com\orangeshoppro.com\includes\storefront_phone_country_select.php:29
Stack trace:
#0 C:\inetpub\vhosts\clickstorekw.com\orangeshoppro.com\includes\storefront_phone_country_select.php(29): htmlspecialchars()
#1 C:\inetpub\vhosts\clickstorekw.com\orangeshoppro.com\pages\register.php(116): orange_storefront_render_phone_country_select()
#2 C:\inetpub\vhosts\clickstorekw.com\orangeshoppro.com\storefront-dispatch.php(113): require('...')
#3 {main}
  thrown in C:\inetpub\vhosts\clickstorekw.com\orangeshoppro.com\includes\storefront_phone_country_select.php on line 29
[22-Apr-2026 02:27:17 Asia/Kuwait] [orange] migration failed 000_runner_baseline.sql: SQLSTATE[42000]: Syntax error or access violation: 1064 You have an error in your SQL syntax; check the manual that corresponds to your MariaDB server version for the right syntax to use near 'الترحيلات يع?
ل؛ لا يغيّر بيانات.
SET @orange_schem...' at line 1
[22-Apr-2026 02:28:27 Asia/Kuwait] [orange] migration failed 000_runner_baseline.sql: SQLSTATE[42000]: Syntax error or access violation: 1064 You have an error in your SQL syntax; check the manual that corresponds to your MariaDB server version for the right syntax to use near 'الترحيلات يع?
ل؛ لا يغيّر بيانات.
SET @orange_schem...' at line 1
[22-Apr-2026 02:28:27 Asia/Kuwait] PHP Fatal error:  Uncaught TypeError: htmlspecialchars(): Argument #1 ($string) must be of type string, int given in C:\inetpub\vhosts\clickstorekw.com\orangeshoppro.com\includes\storefront_phone_country_select.php:29
Stack trace:
#0 C:\inetpub\vhosts\clickstorekw.com\orangeshoppro.com\includes\storefront_phone_country_select.php(29): htmlspecialchars()
#1 C:\inetpub\vhosts\clickstorekw.com\orangeshoppro.com\pages\track.php(70): orange_storefront_render_phone_country_select()
#2 C:\inetpub\vhosts\clickstorekw.com\orangeshoppro.com\storefront-dispatch.php(108): require('...')
#3 {main}
  thrown in C:\inetpub\vhosts\clickstorekw.com\orangeshoppro.com\includes\storefront_phone_country_select.php on line 29
[22-Apr-2026 02:28:28 Asia/Kuwait] [orange] migration failed 000_runner_baseline.sql: SQLSTATE[42000]: Syntax error or access violation: 1064 You have an error in your SQL syntax; check the manual that corresponds to your MariaDB server version for the right syntax to use near 'الترحيلات يع?
ل؛ لا يغيّر بيانات.
SET @orange_schem...' at line 1
[22-Apr-2026 02:29:27 Asia/Kuwait] [orange] migration failed 000_runner_baseline.sql: SQLSTATE[42000]: Syntax error or access violation: 1064 You have an error in your SQL syntax; check the manual that corresponds to your MariaDB server version for the right syntax to use near 'الترحيلات يع?
ل؛ لا يغيّر بيانات.
SET @orange_schem...' at line 1
[22-Apr-2026 02:29:28 Asia/Kuwait] [orange] migration failed 000_runner_baseline.sql: SQLSTATE[42000]: Syntax error or access violation: 1064 You have an error in your SQL syntax; check the manual that corresponds to your MariaDB server version for the right syntax to use near 'الترحيلات يع?
ل؛ لا يغيّر بيانات.
SET @orange_schem...' at line 1
[22-Apr-2026 02:29:29 Asia/Kuwait] [orange] migration failed 000_runner_baseline.sql: SQLSTATE[42000]: Syntax error or access violation: 1064 You have an error in your SQL syntax; check the manual that corresponds to your MariaDB server version for the right syntax to use near 'الترحيلات يع?
ل؛ لا يغيّر بيانات.
SET @orange_schem...' at line 1
[22-Apr-2026 02:29:29 Asia/Kuwait] PHP Fatal error:  Uncaught TypeError: htmlspecialchars(): Argument #1 ($string) must be of type string, int given in C:\inetpub\vhosts\clickstorekw.com\orangeshoppro.com\includes\storefront_phone_country_select.php:29
Stack trace:
#0 C:\inetpub\vhosts\clickstorekw.com\orangeshoppro.com\includes\storefront_phone_country_select.php(29): htmlspecialchars()
#1 C:\inetpub\vhosts\clickstorekw.com\orangeshoppro.com\pages\cart.php(120): orange_storefront_render_phone_country_select()
#2 C:\inetpub\vhosts\clickstorekw.com\orangeshoppro.com\storefront-dispatch.php(103): require('...')
#3 {main}
  thrown in C:\inetpub\vhosts\clickstorekw.com\orangeshoppro.com\includes\storefront_phone_country_select.php on line 29
[22-Apr-2026 02:29:30 Asia/Kuwait] [orange] migration failed 000_runner_baseline.sql: SQLSTATE[42000]: Syntax error or access violation: 1064 You have an error in your SQL syntax; check the manual that corresponds to your MariaDB server version for the right syntax to use near 'الترحيلات يع?
ل؛ لا يغيّر بيانات.
SET @orange_schem...' at line 1
[22-Apr-2026 02:30:06 Asia/Kuwait] [orange] migration failed 000_runner_baseline.sql: SQLSTATE[42000]: Syntax error or access violation: 1064 You have an error in your SQL syntax; check the manual that corresponds to your MariaDB server version for the right syntax to use near 'الترحيلات يع?
ل؛ لا يغيّر بيانات.
SET @orange_schem...' at line 1
[22-Apr-2026 02:30:08 Asia/Kuwait] [orange] migration failed 000_runner_baseline.sql: SQLSTATE[42000]: Syntax error or access violation: 1064 You have an error in your SQL syntax; check the manual that corresponds to your MariaDB server version for the right syntax to use near 'الترحيلات يع?
ل؛ لا يغيّر بيانات.
SET @orange_schem...' at line 1
[22-Apr-2026 02:30:12 Asia/Kuwait] [orange] migration failed 000_runner_baseline.sql: SQLSTATE[42000]: Syntax error or access violation: 1064 You have an error in your SQL syntax; check the manual that corresponds to your MariaDB server version for the right syntax to use near 'الترحيلات يع?
ل؛ لا يغيّر بيانات.
SET @orange_schem...' at line 1
[22-Apr-2026 02:30:13 Asia/Kuwait] [orange] migration failed 000_runner_baseline.sql: SQLSTATE[42000]: Syntax error or access violation: 1064 You have an error in your SQL syntax; check the manual that corresponds to your MariaDB server version for the right syntax to use near 'الترحيلات يع?
ل؛ لا يغيّر بيانات.
SET @orange_schem...' at line 1
[22-Apr-2026 02:30:46 Asia/Kuwait] [orange] migration failed 000_runner_baseline.sql: SQLSTATE[42000]: Syntax error or access violation: 1064 You have an error in your SQL syntax; check the manual that corresponds to your MariaDB server version for the right syntax to use near 'الترحيلات يع?
ل؛ لا يغيّر بيانات.
SET @orange_schem...' at line 1
[22-Apr-2026 02:30:47 Asia/Kuwait] [orange] migration failed 000_runner_baseline.sql: SQLSTATE[42000]: Syntax error or access violation: 1064 You have an error in your SQL syntax; check the manual that corresponds to your MariaDB server version for the right syntax to use near 'الترحيلات يع?
ل؛ لا يغيّر بيانات.
SET @orange_schem...' at line 1
[22-Apr-2026 02:38:38 Asia/Kuwait] [orange] migration failed 000_runner_baseline.sql: SQLSTATE[42000]: Syntax error or access violation: 1064 You have an error in your SQL syntax; check the manual that corresponds to your MariaDB server version for the right syntax to use near 'الترحيلات يع?
ل؛ لا يغيّر بيانات.
SET @orange_schem...' at line 1
[22-Apr-2026 02:38:43 Asia/Kuwait] [orange] migration failed 000_runner_baseline.sql: SQLSTATE[42000]: Syntax error or access violation: 1064 You have an error in your SQL syntax; check the manual that corresponds to your MariaDB server version for the right syntax to use near 'الترحيلات يع?
ل؛ لا يغيّر بيانات.
SET @orange_schem...' at line 1
[22-Apr-2026 02:38:50 Asia/Kuwait] [orange] migration failed 000_runner_baseline.sql: SQLSTATE[42000]: Syntax error or access violation: 1064 You have an error in your SQL syntax; check the manual that corresponds to your MariaDB server version for the right syntax to use near 'الترحيلات يع?
ل؛ لا يغيّر بيانات.
SET @orange_schem...' at line 1
[22-Apr-2026 02:39:18 Asia/Kuwait] [orange] migration failed 000_runner_baseline.sql: SQLSTATE[42000]: Syntax error or access violation: 1064 You have an error in your SQL syntax; check the manual that corresponds to your MariaDB server version for the right syntax to use near 'الترحيلات يع?
ل؛ لا يغيّر بيانات.
SET @orange_schem...' at line 1
[22-Apr-2026 02:39:19 Asia/Kuwait] [orange] migration failed 000_runner_baseline.sql: SQLSTATE[42000]: Syntax error or access violation: 1064 You have an error in your SQL syntax; check the manual that corresponds to your MariaDB server version for the right syntax to use near 'الترحيلات يع?
ل؛ لا يغيّر بيانات.
SET @orange_schem...' at line 1
[22-Apr-2026 02:39:23 Asia/Kuwait] [orange] migration failed 000_runner_baseline.sql: SQLSTATE[42000]: Syntax error or access violation: 1064 You have an error in your SQL syntax; check the manual that corresponds to your MariaDB server version for the right syntax to use near 'الترحيلات يع?
ل؛ لا يغيّر بيانات.
SET @orange_schem...' at line 1
[22-Apr-2026 02:52:30 Asia/Kuwait] [orange] migration failed 000_runner_baseline.sql: SQLSTATE[42000]: Syntax error or access violation: 1064 You have an error in your SQL syntax; check the manual that corresponds to your MariaDB server version for the right syntax to use near 'الترحيلات يع?
ل؛ لا يغيّر بيانات.
SET @orange_schem...' at line 1
[22-Apr-2026 02:52:32 Asia/Kuwait] [orange] migration failed 000_runner_baseline.sql: SQLSTATE[42000]: Syntax error or access violation: 1064 You have an error in your SQL syntax; check the manual that corresponds to your MariaDB server version for the right syntax to use near 'الترحيلات يع?
ل؛ لا يغيّر بيانات.
SET @orange_schem...' at line 1
[22-Apr-2026 02:52:33 Asia/Kuwait] [orange] migration failed 000_runner_baseline.sql: SQLSTATE[42000]: Syntax error or access violation: 1064 You have an error in your SQL syntax; check the manual that corresponds to your MariaDB server version for the right syntax to use near 'الترحيلات يع?
ل؛ لا يغيّر بيانات.
SET @orange_schem...' at line 1
[22-Apr-2026 02:52:34 Asia/Kuwait] [orange] migration failed 000_runner_baseline.sql: SQLSTATE[42000]: Syntax error or access violation: 1064 You have an error in your SQL syntax; check the manual that corresponds to your MariaDB server version for the right syntax to use near 'الترحيلات يع?
ل؛ لا يغيّر بيانات.
SET @orange_schem...' at line 1
[22-Apr-2026 02:52:38 Asia/Kuwait] [orange] migration failed 000_runner_baseline.sql: SQLSTATE[42000]: Syntax error or access violation: 1064 You have an error in your SQL syntax; check the manual that corresponds to your MariaDB server version for the right syntax to use near 'الترحيلات يع?
ل؛ لا يغيّر بيانات.
SET @orange_schem...' at line 1
[22-Apr-2026 02:52:39 Asia/Kuwait] [orange] migration failed 000_runner_baseline.sql: SQLSTATE[42000]: Syntax error or access violation: 1064 You have an error in your SQL syntax; check the manual that corresponds to your MariaDB server version for the right syntax to use near 'الترحيلات يع?
ل؛ لا يغيّر بيانات.
SET @orange_schem...' at line 1
[22-Apr-2026 02:53:21 Asia/Kuwait] [orange] migration failed 000_runner_baseline.sql: SQLSTATE[42000]: Syntax error or access violation: 1064 You have an error in your SQL syntax; check the manual that corresponds to your MariaDB server version for the right syntax to use near 'الترحيلات يع?
ل؛ لا يغيّر بيانات.
SET @orange_schem...' at line 1
[22-Apr-2026 02:53:21 Asia/Kuwait] PHP Fatal error:  Uncaught TypeError: htmlspecialchars(): Argument #1 ($string) must be of type string, int given in C:\inetpub\vhosts\clickstorekw.com\orangeshoppro.com\includes\storefront_phone_country_select.php:29
Stack trace:
#0 C:\inetpub\vhosts\clickstorekw.com\orangeshoppro.com\includes\storefront_phone_country_select.php(29): htmlspecialchars()
#1 C:\inetpub\vhosts\clickstorekw.com\orangeshoppro.com\pages\register.php(114): orange_storefront_render_phone_country_select()
#2 C:\inetpub\vhosts\clickstorekw.com\orangeshoppro.com\storefront-dispatch.php(113): require('...')
#3 {main}
  thrown in C:\inetpub\vhosts\clickstorekw.com\orangeshoppro.com\includes\storefront_phone_country_select.php on line 29
[22-Apr-2026 02:53:22 Asia/Kuwait] [orange] migration failed 000_runner_baseline.sql: SQLSTATE[42000]: Syntax error or access violation: 1064 You have an error in your SQL syntax; check the manual that corresponds to your MariaDB server version for the right syntax to use near 'الترحيلات يع?
ل؛ لا يغيّر بيانات.
SET @orange_schem...' at line 1
[22-Apr-2026 02:53:30 Asia/Kuwait] [orange] migration failed 000_runner_baseline.sql: SQLSTATE[42000]: Syntax error or access violation: 1064 You have an error in your SQL syntax; check the manual that corresponds to your MariaDB server version for the right syntax to use near 'الترحيلات يع?
ل؛ لا يغيّر بيانات.
SET @orange_schem...' at line 1
[22-Apr-2026 02:53:31 Asia/Kuwait] [orange] migration failed 000_runner_baseline.sql: SQLSTATE[42000]: Syntax error or access violation: 1064 You have an error in your SQL syntax; check the manual that corresponds to your MariaDB server version for the right syntax to use near 'الترحيلات يع?
ل؛ لا يغيّر بيانات.
SET @orange_schem...' at line 1
[22-Apr-2026 02:53:32 Asia/Kuwait] [orange] migration failed 000_runner_baseline.sql: SQLSTATE[42000]: Syntax error or access violation: 1064 You have an error in your SQL syntax; check the manual that corresponds to your MariaDB server version for the right syntax to use near 'الترحيلات يع?
ل؛ لا يغيّر بيانات.
SET @orange_schem...' at line 1
[22-Apr-2026 02:53:32 Asia/Kuwait] PHP Fatal error:  Uncaught TypeError: htmlspecialchars(): Argument #1 ($string) must be of type string, int given in C:\inetpub\vhosts\clickstorekw.com\orangeshoppro.com\includes\storefront_phone_country_select.php:29
Stack trace:
#0 C:\inetpub\vhosts\clickstorekw.com\orangeshoppro.com\includes\storefront_phone_country_select.php(29): htmlspecialchars()
#1 C:\inetpub\vhosts\clickstorekw.com\orangeshoppro.com\pages\register.php(114): orange_storefront_render_phone_country_select()
#2 C:\inetpub\vhosts\clickstorekw.com\orangeshoppro.com\storefront-dispatch.php(113): require('...')
#3 {main}
  thrown in C:\inetpub\vhosts\clickstorekw.com\orangeshoppro.com\includes\storefront_phone_country_select.php on line 29
[22-Apr-2026 02:53:33 Asia/Kuwait] [orange] migration failed 000_runner_baseline.sql: SQLSTATE[42000]: Syntax error or access violation: 1064 You have an error in your SQL syntax; check the manual that corresponds to your MariaDB server version for the right syntax to use near 'الترحيلات يع?
ل؛ لا يغيّر بيانات.
SET @orange_schem...' at line 1
[22-Apr-2026 02:55:59 Asia/Kuwait] [orange] migration failed 000_runner_baseline.sql: SQLSTATE[42000]: Syntax error or access violation: 1064 You have an error in your SQL syntax; check the manual that corresponds to your MariaDB server version for the right syntax to use near 'الترحيلات يع?
ل؛ لا يغيّر بيانات.
SET @orange_schem...' at line 1
[22-Apr-2026 02:56:00 Asia/Kuwait] [orange] migration failed 000_runner_baseline.sql: SQLSTATE[42000]: Syntax error or access violation: 1064 You have an error in your SQL syntax; check the manual that corresponds to your MariaDB server version for the right syntax to use near 'الترحيلات يع?
ل؛ لا يغيّر بيانات.
SET @orange_schem...' at line 1
[22-Apr-2026 03:06:17 Asia/Kuwait] [orange] migration failed 000_runner_baseline.sql: SQLSTATE[42000]: Syntax error or access violation: 1064 You have an error in your SQL syntax; check the manual that corresponds to your MariaDB server version for the right syntax to use near 'الترحيلات يع?
ل؛ لا يغيّر بيانات.
SET @orange_schem...' at line 1
[22-Apr-2026 03:06:18 Asia/Kuwait] [orange] migration failed 000_runner_baseline.sql: SQLSTATE[42000]: Syntax error or access violation: 1064 You have an error in your SQL syntax; check the manual that corresponds to your MariaDB server version for the right syntax to use near 'الترحيلات يع?
ل؛ لا يغيّر بيانات.
SET @orange_schem...' at line 1
[22-Apr-2026 03:06:19 Asia/Kuwait] [orange] migration failed 000_runner_baseline.sql: SQLSTATE[42000]: Syntax error or access violation: 1064 You have an error in your SQL syntax; check the manual that corresponds to your MariaDB server version for the right syntax to use near 'الترحيلات يع?
ل؛ لا يغيّر بيانات.
SET @orange_schem...' at line 1
[22-Apr-2026 03:12:41 Asia/Kuwait] [orange] migration failed 000_runner_baseline.sql: SQLSTATE[42000]: Syntax error or access violation: 1064 You have an error in your SQL syntax; check the manual that corresponds to your MariaDB server version for the right syntax to use near 'الترحيلات يع?
ل؛ لا يغيّر بيانات.
SET @orange_schem...' at line 1
[22-Apr-2026 03:12:43 Asia/Kuwait] [orange] migration failed 000_runner_baseline.sql: SQLSTATE[42000]: Syntax error or access violation: 1064 You have an error in your SQL syntax; check the manual that corresponds to your MariaDB server version for the right syntax to use near 'الترحيلات يع?
ل؛ لا يغيّر بيانات.
SET @orange_schem...' at line 1
[22-Apr-2026 03:12:49 Asia/Kuwait] [orange] migration failed 000_runner_baseline.sql: SQLSTATE[42000]: Syntax error or access violation: 1064 You have an error in your SQL syntax; check the manual that corresponds to your MariaDB server version for the right syntax to use near 'الترحيلات يع?
ل؛ لا يغيّر بيانات.
SET @orange_schem...' at line 1
[22-Apr-2026 03:12:50 Asia/Kuwait] [orange] migration failed 000_runner_baseline.sql: SQLSTATE[42000]: Syntax error or access violation: 1064 You have an error in your SQL syntax; check the manual that corresponds to your MariaDB server version for the right syntax to use near 'الترحيلات يع?
ل؛ لا يغيّر بيانات.
SET @orange_schem...' at line 1
[22-Apr-2026 03:20:15 Asia/Kuwait] [orange] migration failed 000_runner_baseline.sql: SQLSTATE[42000]: Syntax error or access violation: 1064 You have an error in your SQL syntax; check the manual that corresponds to your MariaDB server version for the right syntax to use near 'الترحيلات يع?
ل؛ لا يغيّر بيانات.
SET @orange_schem...' at line 1
[22-Apr-2026 03:20:26 Asia/Kuwait] [orange] migration failed 000_runner_baseline.sql: SQLSTATE[42000]: Syntax error or access violation: 1064 You have an error in your SQL syntax; check the manual that corresponds to your MariaDB server version for the right syntax to use near 'الترحيلات يع?
ل؛ لا يغيّر بيانات.
SET @orange_schem...' at line 1
[22-Apr-2026 03:20:36 Asia/Kuwait] [orange] migration failed 000_runner_baseline.sql: SQLSTATE[42000]: Syntax error or access violation: 1064 You have an error in your SQL syntax; check the manual that corresponds to your MariaDB server version for the right syntax to use near 'الترحيلات يع?
ل؛ لا يغيّر بيانات.
SET @orange_schem...' at line 1
[22-Apr-2026 03:20:37 Asia/Kuwait] [orange] migration failed 000_runner_baseline.sql: SQLSTATE[42000]: Syntax error or access violation: 1064 You have an error in your SQL syntax; check the manual that corresponds to your MariaDB server version for the right syntax to use near 'الترحيلات يع?
ل؛ لا يغيّر بيانات.
SET @orange_schem...' at line 1
[22-Apr-2026 03:20:46 Asia/Kuwait] [orange] migration failed 000_runner_baseline.sql: SQLSTATE[42000]: Syntax error or access violation: 1064 You have an error in your SQL syntax; check the manual that corresponds to your MariaDB server version for the right syntax to use near 'الترحيلات يع?
ل؛ لا يغيّر بيانات.
SET @orange_schem...' at line 1
[22-Apr-2026 03:20:48 Asia/Kuwait] [orange] migration failed 000_runner_baseline.sql: SQLSTATE[42000]: Syntax error or access violation: 1064 You have an error in your SQL syntax; check the manual that corresponds to your MariaDB server version for the right syntax to use near 'الترحيلات يع?
ل؛ لا يغيّر بيانات.
SET @orange_schem...' at line 1
[22-Apr-2026 03:20:54 Asia/Kuwait] [orange] migration failed 000_runner_baseline.sql: SQLSTATE[42000]: Syntax error or access violation: 1064 You have an error in your SQL syntax; check the manual that corresponds to your MariaDB server version for the right syntax to use near 'الترحيلات يع?
ل؛ لا يغيّر بيانات.
SET @orange_schem...' at line 1
[22-Apr-2026 03:20:55 Asia/Kuwait] [orange] migration failed 000_runner_baseline.sql: SQLSTATE[42000]: Syntax error or access violation: 1064 You have an error in your SQL syntax; check the manual that corresponds to your MariaDB server version for the right syntax to use near 'الترحيلات يع?
ل؛ لا يغيّر بيانات.
SET @orange_schem...' at line 1
[22-Apr-2026 03:20:59 Asia/Kuwait] [orange] migration failed 000_runner_baseline.sql: SQLSTATE[42000]: Syntax error or access violation: 1064 You have an error in your SQL syntax; check the manual that corresponds to your MariaDB server version for the right syntax to use near 'الترحيلات يع?
ل؛ لا يغيّر بيانات.
SET @orange_schem...' at line 1
[22-Apr-2026 03:21:03 Asia/Kuwait] [orange] migration failed 000_runner_baseline.sql: SQLSTATE[42000]: Syntax error or access violation: 1064 You have an error in your SQL syntax; check the manual that corresponds to your MariaDB server version for the right syntax to use near 'الترحيلات يع?
ل؛ لا يغيّر بيانات.
SET @orange_schem...' at line 1
[22-Apr-2026 03:21:04 Asia/Kuwait] [orange] migration failed 000_runner_baseline.sql: SQLSTATE[42000]: Syntax error or access violation: 1064 You have an error in your SQL syntax; check the manual that corresponds to your MariaDB server version for the right syntax to use near 'الترحيلات يع?
ل؛ لا يغيّر بيانات.
SET @orange_schem...' at line 1
[22-Apr-2026 03:21:29 Asia/Kuwait] [orange] migration failed 000_runner_baseline.sql: SQLSTATE[42000]: Syntax error or access violation: 1064 You have an error in your SQL syntax; check the manual that corresponds to your MariaDB server version for the right syntax to use near 'الترحيلات يع?
ل؛ لا يغيّر بيانات.
SET @orange_schem...' at line 1
[22-Apr-2026 03:21:31 Asia/Kuwait] [orange] migration failed 000_runner_baseline.sql: SQLSTATE[42000]: Syntax error or access violation: 1064 You have an error in your SQL syntax; check the manual that corresponds to your MariaDB server version for the right syntax to use near 'الترحيلات يع?
ل؛ لا يغيّر بيانات.
SET @orange_schem...' at line 1
[22-Apr-2026 03:21:36 Asia/Kuwait] [orange] migration failed 000_runner_baseline.sql: SQLSTATE[42000]: Syntax error or access violation: 1064 You have an error in your SQL syntax; check the manual that corresponds to your MariaDB server version for the right syntax to use near 'الترحيلات يع?
ل؛ لا يغيّر بيانات.
SET @orange_schem...' at line 1
[22-Apr-2026 03:21:38 Asia/Kuwait] [orange] migration failed 000_runner_baseline.sql: SQLSTATE[42000]: Syntax error or access violation: 1064 You have an error in your SQL syntax; check the manual that corresponds to your MariaDB server version for the right syntax to use near 'الترحيلات يع?
ل؛ لا يغيّر بيانات.
SET @orange_schem...' at line 1
[22-Apr-2026 03:23:13 Asia/Kuwait] [orange] migration failed 000_runner_baseline.sql: SQLSTATE[42000]: Syntax error or access violation: 1064 You have an error in your SQL syntax; check the manual that corresponds to your MariaDB server version for the right syntax to use near 'الترحيلات يع?
ل؛ لا يغيّر بيانات.
SET @orange_schem...' at line 1
[22-Apr-2026 03:23:14 Asia/Kuwait] [orange] migration failed 000_runner_baseline.sql: SQLSTATE[42000]: Syntax error or access violation: 1064 You have an error in your SQL syntax; check the manual that corresponds to your MariaDB server version for the right syntax to use near 'الترحيلات يع?
ل؛ لا يغيّر بيانات.
SET @orange_schem...' at line 1
[22-Apr-2026 03:23:18 Asia/Kuwait] [orange] migration failed 000_runner_baseline.sql: SQLSTATE[42000]: Syntax error or access violation: 1064 You have an error in your SQL syntax; check the manual that corresponds to your MariaDB server version for the right syntax to use near 'الترحيلات يع?
ل؛ لا يغيّر بيانات.
SET @orange_schem...' at line 1
[22-Apr-2026 03:23:20 Asia/Kuwait] [orange] migration failed 000_runner_baseline.sql: SQLSTATE[42000]: Syntax error or access violation: 1064 You have an error in your SQL syntax; check the manual that corresponds to your MariaDB server version for the right syntax to use near 'الترحيلات يع?
ل؛ لا يغيّر بيانات.
SET @orange_schem...' at line 1
[22-Apr-2026 03:27:01 Asia/Kuwait] [orange] migration failed 000_runner_baseline.sql: SQLSTATE[42000]: Syntax error or access violation: 1064 You have an error in your SQL syntax; check the manual that corresponds to your MariaDB server version for the right syntax to use near 'الترحيلات يع?
ل؛ لا يغيّر بيانات.
SET @orange_schem...' at line 1
[22-Apr-2026 03:27:03 Asia/Kuwait] [orange] migration failed 000_runner_baseline.sql: SQLSTATE[42000]: Syntax error or access violation: 1064 You have an error in your SQL syntax; check the manual that corresponds to your MariaDB server version for the right syntax to use near 'الترحيلات يع?
ل؛ لا يغيّر بيانات.
SET @orange_schem...' at line 1
[22-Apr-2026 03:27:04 Asia/Kuwait] [orange] migration failed 000_runner_baseline.sql: SQLSTATE[42000]: Syntax error or access violation: 1064 You have an error in your SQL syntax; check the manual that corresponds to your MariaDB server version for the right syntax to use near 'الترحيلات يع?
ل؛ لا يغيّر بيانات.
SET @orange_schem...' at line 1
[22-Apr-2026 03:27:05 Asia/Kuwait] [orange] migration failed 000_runner_baseline.sql: SQLSTATE[42000]: Syntax error or access violation: 1064 You have an error in your SQL syntax; check the manual that corresponds to your MariaDB server version for the right syntax to use near 'الترحيلات يع?
ل؛ لا يغيّر بيانات.
SET @orange_schem...' at line 1
[22-Apr-2026 03:38:57 Asia/Kuwait] [orange] migration failed 000_runner_baseline.sql: SQLSTATE[42000]: Syntax error or access violation: 1064 You have an error in your SQL syntax; check the manual that corresponds to your MariaDB server version for the right syntax to use near 'الترحيلات يع?
ل؛ لا يغيّر بيانات.
SET @orange_schem...' at line 1
[22-Apr-2026 03:38:59 Asia/Kuwait] [orange] migration failed 000_runner_baseline.sql: SQLSTATE[42000]: Syntax error or access violation: 1064 You have an error in your SQL syntax; check the manual that corresponds to your MariaDB server version for the right syntax to use near 'الترحيلات يع?
ل؛ لا يغيّر بيانات.
SET @orange_schem...' at line 1
[22-Apr-2026 03:39:14 Asia/Kuwait] [orange] migration failed 000_runner_baseline.sql: SQLSTATE[42000]: Syntax error or access violation: 1064 You have an error in your SQL syntax; check the manual that corresponds to your MariaDB server version for the right syntax to use near 'الترحيلات يع?
ل؛ لا يغيّر بيانات.
SET @orange_schem...' at line 1
[22-Apr-2026 03:39:15 Asia/Kuwait] [orange] migration failed 000_runner_baseline.sql: SQLSTATE[42000]: Syntax error or access violation: 1064 You have an error in your SQL syntax; check the manual that corresponds to your MariaDB server version for the right syntax to use near 'الترحيلات يع?
ل؛ لا يغيّر بيانات.
SET @orange_schem...' at line 1
[22-Apr-2026 03:39:19 Asia/Kuwait] [orange] migration failed 000_runner_baseline.sql: SQLSTATE[42000]: Syntax error or access violation: 1064 You have an error in your SQL syntax; check the manual that corresponds to your MariaDB server version for the right syntax to use near 'الترحيلات يع?
ل؛ لا يغيّر بيانات.
SET @orange_schem...' at line 1
[22-Apr-2026 03:40:27 Asia/Kuwait] [orange] migration failed 000_runner_baseline.sql: SQLSTATE[42000]: Syntax error or access violation: 1064 You have an error in your SQL syntax; check the manual that corresponds to your MariaDB server version for the right syntax to use near 'الترحيلات يع?
ل؛ لا يغيّر بيانات.
SET @orange_schem...' at line 1
[22-Apr-2026 03:40:28 Asia/Kuwait] [orange] migration failed 000_runner_baseline.sql: SQLSTATE[42000]: Syntax error or access violation: 1064 You have an error in your SQL syntax; check the manual that corresponds to your MariaDB server version for the right syntax to use near 'الترحيلات يع?
ل؛ لا يغيّر بيانات.
SET @orange_schem...' at line 1
[22-Apr-2026 03:40:40 Asia/Kuwait] [orange] migration failed 000_runner_baseline.sql: SQLSTATE[42000]: Syntax error or access violation: 1064 You have an error in your SQL syntax; check the manual that corresponds to your MariaDB server version for the right syntax to use near 'الترحيلات يع?
ل؛ لا يغيّر بيانات.
SET @orange_schem...' at line 1
[22-Apr-2026 03:40:41 Asia/Kuwait] [orange] migration failed 000_runner_baseline.sql: SQLSTATE[42000]: Syntax error or access violation: 1064 You have an error in your SQL syntax; check the manual that corresponds to your MariaDB server version for the right syntax to use near 'الترحيلات يع?
ل؛ لا يغيّر بيانات.
SET @orange_schem...' at line 1
[22-Apr-2026 03:42:14 Asia/Kuwait] [orange] migration failed 000_runner_baseline.sql: SQLSTATE[42000]: Syntax error or access violation: 1064 You have an error in your SQL syntax; check the manual that corresponds to your MariaDB server version for the right syntax to use near 'الترحيلات يع?
ل؛ لا يغيّر بيانات.
SET @orange_schem...' at line 1
[22-Apr-2026 03:42:15 Asia/Kuwait] [orange] migration failed 000_runner_baseline.sql: SQLSTATE[42000]: Syntax error or access violation: 1064 You have an error in your SQL syntax; check the manual that corresponds to your MariaDB server version for the right syntax to use near 'الترحيلات يع?
ل؛ لا يغيّر بيانات.
SET @orange_schem...' at line 1
[22-Apr-2026 03:42:20 Asia/Kuwait] [orange] migration failed 000_runner_baseline.sql: SQLSTATE[42000]: Syntax error or access violation: 1064 You have an error in your SQL syntax; check the manual that corresponds to your MariaDB server version for the right syntax to use near 'الترحيلات يع?
ل؛ لا يغيّر بيانات.
SET @orange_schem...' at line 1
[22-Apr-2026 03:42:21 Asia/Kuwait] [orange] migration failed 000_runner_baseline.sql: SQLSTATE[42000]: Syntax error or access violation: 1064 You have an error in your SQL syntax; check the manual that corresponds to your MariaDB server version for the right syntax to use near 'الترحيلات يع?
ل؛ لا يغيّر بيانات.
SET @orange_schem...' at line 1
[22-Apr-2026 03:42:26 Asia/Kuwait] [orange] migration failed 000_runner_baseline.sql: SQLSTATE[42000]: Syntax error or access violation: 1064 You have an error in your SQL syntax; check the manual that corresponds to your MariaDB server version for the right syntax to use near 'الترحيلات يع?
ل؛ لا يغيّر بيانات.
SET @orange_schem...' at line 1
[22-Apr-2026 03:42:27 Asia/Kuwait] [orange] migration failed 000_runner_baseline.sql: SQLSTATE[42000]: Syntax error or access violation: 1064 You have an error in your SQL syntax; check the manual that corresponds to your MariaDB server version for the right syntax to use near 'الترحيلات يع?
ل؛ لا يغيّر بيانات.
SET @orange_schem...' at line 1
[22-Apr-2026 03:43:20 Asia/Kuwait] [orange] migration failed 000_runner_baseline.sql: SQLSTATE[42000]: Syntax error or access violation: 1064 You have an error in your SQL syntax; check the manual that corresponds to your MariaDB server version for the right syntax to use near 'الترحيلات يع?
ل؛ لا يغيّر بيانات.
SET @orange_schem...' at line 1
[22-Apr-2026 03:43:21 Asia/Kuwait] [orange] migration failed 000_runner_baseline.sql: SQLSTATE[42000]: Syntax error or access violation: 1064 You have an error in your SQL syntax; check the manual that corresponds to your MariaDB server version for the right syntax to use near 'الترحيلات يع?
ل؛ لا يغيّر بيانات.
SET @orange_schem...' at line 1
[22-Apr-2026 03:43:24 Asia/Kuwait] [orange] migration failed 000_runner_baseline.sql: SQLSTATE[42000]: Syntax error or access violation: 1064 You have an error in your SQL syntax; check the manual that corresponds to your MariaDB server version for the right syntax to use near 'الترحيلات يع?
ل؛ لا يغيّر بيانات.
SET @orange_schem...' at line 1
[22-Apr-2026 03:43:25 Asia/Kuwait] [orange] migration failed 000_runner_baseline.sql: SQLSTATE[42000]: Syntax error or access violation: 1064 You have an error in your SQL syntax; check the manual that corresponds to your MariaDB server version for the right syntax to use near 'الترحيلات يع?
ل؛ لا يغيّر بيانات.
SET @orange_schem...' at line 1
[22-Apr-2026 03:44:50 Asia/Kuwait] [orange] migration failed 000_runner_baseline.sql: SQLSTATE[42000]: Syntax error or access violation: 1064 You have an error in your SQL syntax; check the manual that corresponds to your MariaDB server version for the right syntax to use near 'الترحيلات يع?
ل؛ لا يغيّر بيانات.
SET @orange_schem...' at line 1
[22-Apr-2026 03:44:51 Asia/Kuwait] [orange] migration failed 000_runner_baseline.sql: SQLSTATE[42000]: Syntax error or access violation: 1064 You have an error in your SQL syntax; check the manual that corresponds to your MariaDB server version for the right syntax to use near 'الترحيلات يع?
ل؛ لا يغيّر بيانات.
SET @orange_schem...' at line 1
[22-Apr-2026 03:44:53 Asia/Kuwait] [orange] migration failed 000_runner_baseline.sql: SQLSTATE[42000]: Syntax error or access violation: 1064 You have an error in your SQL syntax; check the manual that corresponds to your MariaDB server version for the right syntax to use near 'الترحيلات يع?
ل؛ لا يغيّر بيانات.
SET @orange_schem...' at line 1
[22-Apr-2026 03:44:54 Asia/Kuwait] [orange] migration failed 000_runner_baseline.sql: SQLSTATE[42000]: Syntax error or access violation: 1064 You have an error in your SQL syntax; check the manual that corresponds to your MariaDB server version for the right syntax to use near 'الترحيلات يع?
ل؛ لا يغيّر بيانات.
SET @orange_schem...' at line 1
[22-Apr-2026 03:45:01 Asia/Kuwait] [orange] migration failed 000_runner_baseline.sql: SQLSTATE[42000]: Syntax error or access violation: 1064 You have an error in your SQL syntax; check the manual that corresponds to your MariaDB server version for the right syntax to use near 'الترحيلات يع?
ل؛ لا يغيّر بيانات.
SET @orange_schem...' at line 1
[22-Apr-2026 03:45:02 Asia/Kuwait] [orange] migration failed 000_runner_baseline.sql: SQLSTATE[42000]: Syntax error or access violation: 1064 You have an error in your SQL syntax; check the manual that corresponds to your MariaDB server version for the right syntax to use near 'الترحيلات يع?
ل؛ لا يغيّر بيانات.
SET @orange_schem...' at line 1
[22-Apr-2026 03:48:04 Asia/Kuwait] [orange] migration failed 000_runner_baseline.sql: SQLSTATE[42000]: Syntax error or access violation: 1064 You have an error in your SQL syntax; check the manual that corresponds to your MariaDB server version for the right syntax to use near 'الترحيلات يع?
ل؛ لا يغيّر بيانات.
SET @orange_schem...' at line 1
[22-Apr-2026 03:48:15 Asia/Kuwait] [orange] migration failed 000_runner_baseline.sql: SQLSTATE[42000]: Syntax error or access violation: 1064 You have an error in your SQL syntax; check the manual that corresponds to your MariaDB server version for the right syntax to use near 'الترحيلات يع?
ل؛ لا يغيّر بيانات.
SET @orange_schem...' at line 1
[22-Apr-2026 03:48:52 Asia/Kuwait] [orange] migration failed 000_runner_baseline.sql: SQLSTATE[42000]: Syntax error or access violation: 1064 You have an error in your SQL syntax; check the manual that corresponds to your MariaDB server version for the right syntax to use near 'الترحيلات يع?
ل؛ لا يغيّر بيانات.
SET @orange_schem...' at line 1
[22-Apr-2026 03:48:52 Asia/Kuwait] [orange] migration failed 000_runner_baseline.sql: SQLSTATE[42000]: Syntax error or access violation: 1064 You have an error in your SQL syntax; check the manual that corresponds to your MariaDB server version for the right syntax to use near 'الترحيلات يع?
ل؛ لا يغيّر بيانات.
SET @orange_schem...' at line 1
[22-Apr-2026 03:48:53 Asia/Kuwait] [orange] migration failed 000_runner_baseline.sql: SQLSTATE[42000]: Syntax error or access violation: 1064 You have an error in your SQL syntax; check the manual that corresponds to your MariaDB server version for the right syntax to use near 'الترحيلات يع?
ل؛ لا يغيّر بيانات.
SET @orange_schem...' at line 1
[22-Apr-2026 03:48:54 Asia/Kuwait] [orange] migration failed 000_runner_baseline.sql: SQLSTATE[42000]: Syntax error or access violation: 1064 You have an error in your SQL syntax; check the manual that corresponds to your MariaDB server version for the right syntax to use near 'الترحيلات يع?
ل؛ لا يغيّر بيانات.
SET @orange_schem...' at line 1
[22-Apr-2026 03:49:05 Asia/Kuwait] [orange] migration failed 000_runner_baseline.sql: SQLSTATE[42000]: Syntax error or access violation: 1064 You have an error in your SQL syntax; check the manual that corresponds to your MariaDB server version for the right syntax to use near 'الترحيلات يع?
ل؛ لا يغيّر بيانات.
SET @orange_schem...' at line 1
[22-Apr-2026 03:49:06 Asia/Kuwait] [orange] migration failed 000_runner_baseline.sql: SQLSTATE[42000]: Syntax error or access violation: 1064 You have an error in your SQL syntax; check the manual that corresponds to your MariaDB server version for the right syntax to use near 'الترحيلات يع?
ل؛ لا يغيّر بيانات.
SET @orange_schem...' at line 1
[22-Apr-2026 03:49:24 Asia/Kuwait] [orange] migration failed 000_runner_baseline.sql: SQLSTATE[42000]: Syntax error or access violation: 1064 You have an error in your SQL syntax; check the manual that corresponds to your MariaDB server version for the right syntax to use near 'الترحيلات يع?
ل؛ لا يغيّر بيانات.
SET @orange_schem...' at line 1
[22-Apr-2026 03:51:39 Asia/Kuwait] [orange] migration failed 000_runner_baseline.sql: SQLSTATE[42000]: Syntax error or access violation: 1064 You have an error in your SQL syntax; check the manual that corresponds to your MariaDB server version for the right syntax to use near 'الترحيلات يع?
ل؛ لا يغيّر بيانات.
SET @orange_schem...' at line 1
[22-Apr-2026 03:51:51 Asia/Kuwait] [orange] migration failed 000_runner_baseline.sql: SQLSTATE[42000]: Syntax error or access violation: 1064 You have an error in your SQL syntax; check the manual that corresponds to your MariaDB server version for the right syntax to use near 'الترحيلات يع?
ل؛ لا يغيّر بيانات.
SET @orange_schem...' at line 1
[22-Apr-2026 03:51:58 Asia/Kuwait] [orange] migration failed 000_runner_baseline.sql: SQLSTATE[42000]: Syntax error or access violation: 1064 You have an error in your SQL syntax; check the manual that corresponds to your MariaDB server version for the right syntax to use near 'الترحيلات يع?
ل؛ لا يغيّر بيانات.
SET @orange_schem...' at line 1
[22-Apr-2026 03:51:59 Asia/Kuwait] [orange] migration failed 000_runner_baseline.sql: SQLSTATE[42000]: Syntax error or access violation: 1064 You have an error in your SQL syntax; check the manual that corresponds to your MariaDB server version for the right syntax to use near 'الترحيلات يع?
ل؛ لا يغيّر بيانات.
SET @orange_schem...' at line 1
[22-Apr-2026 03:52:00 Asia/Kuwait] [orange] migration failed 000_runner_baseline.sql: SQLSTATE[42000]: Syntax error or access violation: 1064 You have an error in your SQL syntax; check the manual that corresponds to your MariaDB server version for the right syntax to use near 'الترحيلات يع?
ل؛ لا يغيّر بيانات.
SET @orange_schem...' at line 1
[22-Apr-2026 03:52:02 Asia/Kuwait] [orange] migration failed 000_runner_baseline.sql: SQLSTATE[42000]: Syntax error or access violation: 1064 You have an error in your SQL syntax; check the manual that corresponds to your MariaDB server version for the right syntax to use near 'الترحيلات يع?
ل؛ لا يغيّر بيانات.
SET @orange_schem...' at line 1
[22-Apr-2026 03:52:53 Asia/Kuwait] [orange] migration failed 000_runner_baseline.sql: SQLSTATE[42000]: Syntax error or access violation: 1064 You have an error in your SQL syntax; check the manual that corresponds to your MariaDB server version for the right syntax to use near 'الترحيلات يع?
ل؛ لا يغيّر بيانات.
SET @orange_schem...' at line 1
[22-Apr-2026 03:52:53 Asia/Kuwait] PHP Warning:  Undefined variable $lowStockVariantsDash in C:\inetpub\vhosts\clickstorekw.com\orangeshoppro.com\admin\pages\dashboard.php on line 62
[22-Apr-2026 03:52:53 Asia/Kuwait] PHP Warning:  Undefined variable $lowStockVariantsDash in C:\inetpub\vhosts\clickstorekw.com\orangeshoppro.com\admin\pages\dashboard.php on line 64
[22-Apr-2026 03:52:53 Asia/Kuwait] PHP Warning:  Undefined variable $lowStockThDash in C:\inetpub\vhosts\clickstorekw.com\orangeshoppro.com\admin\pages\dashboard.php on line 65
[22-Apr-2026 03:52:59 Asia/Kuwait] [orange] migration failed 000_runner_baseline.sql: SQLSTATE[42000]: Syntax error or access violation: 1064 You have an error in your SQL syntax; check the manual that corresponds to your MariaDB server version for the right syntax to use near 'الترحيلات يع?
ل؛ لا يغيّر بيانات.
SET @orange_schem...' at line 1
[22-Apr-2026 03:56:16 Asia/Kuwait] [orange] migration failed 000_runner_baseline.sql: SQLSTATE[42000]: Syntax error or access violation: 1064 You have an error in your SQL syntax; check the manual that corresponds to your MariaDB server version for the right syntax to use near 'الترحيلات يع?
ل؛ لا يغيّر بيانات.
SET @orange_schem...' at line 1
[22-Apr-2026 03:56:18 Asia/Kuwait] [orange] migration failed 000_runner_baseline.sql: SQLSTATE[42000]: Syntax error or access violation: 1064 You have an error in your SQL syntax; check the manual that corresponds to your MariaDB server version for the right syntax to use near 'الترحيلات يع?
ل؛ لا يغيّر بيانات.
SET @orange_schem...' at line 1
[22-Apr-2026 03:56:21 Asia/Kuwait] [orange] migration failed 000_runner_baseline.sql: SQLSTATE[42000]: Syntax error or access violation: 1064 You have an error in your SQL syntax; check the manual that corresponds to your MariaDB server version for the right syntax to use near 'الترحيلات يع?
ل؛ لا يغيّر بيانات.
SET @orange_schem...' at line 1
[22-Apr-2026 03:56:22 Asia/Kuwait] [orange] migration failed 000_runner_baseline.sql: SQLSTATE[42000]: Syntax error or access violation: 1064 You have an error in your SQL syntax; check the manual that corresponds to your MariaDB server version for the right syntax to use near 'الترحيلات يع?
ل؛ لا يغيّر بيانات.
SET @orange_schem...' at line 1
[22-Apr-2026 03:56:27 Asia/Kuwait] [orange] migration failed 000_runner_baseline.sql: SQLSTATE[42000]: Syntax error or access violation: 1064 You have an error in your SQL syntax; check the manual that corresponds to your MariaDB server version for the right syntax to use near 'الترحيلات يع?
ل؛ لا يغيّر بيانات.
SET @orange_schem...' at line 1
[22-Apr-2026 03:56:28 Asia/Kuwait] [orange] migration failed 000_runner_baseline.sql: SQLSTATE[42000]: Syntax error or access violation: 1064 You have an error in your SQL syntax; check the manual that corresponds to your MariaDB server version for the right syntax to use near 'الترحيلات يع?
ل؛ لا يغيّر بيانات.
SET @orange_schem...' at line 1
[22-Apr-2026 03:56:31 Asia/Kuwait] [orange] migration failed 000_runner_baseline.sql: SQLSTATE[42000]: Syntax error or access violation: 1064 You have an error in your SQL syntax; check the manual that corresponds to your MariaDB server version for the right syntax to use near 'الترحيلات يع?
ل؛ لا يغيّر بيانات.
SET @orange_schem...' at line 1
[22-Apr-2026 03:56:32 Asia/Kuwait] [orange] migration failed 000_runner_baseline.sql: SQLSTATE[42000]: Syntax error or access violation: 1064 You have an error in your SQL syntax; check the manual that corresponds to your MariaDB server version for the right syntax to use near 'الترحيلات يع?
ل؛ لا يغيّر بيانات.
SET @orange_schem...' at line 1
[22-Apr-2026 03:56:56 Asia/Kuwait] [orange] migration failed 000_runner_baseline.sql: SQLSTATE[42000]: Syntax error or access violation: 1064 You have an error in your SQL syntax; check the manual that corresponds to your MariaDB server version for the right syntax to use near 'الترحيلات يع?
ل؛ لا يغيّر بيانات.
SET @orange_schem...' at line 1
[22-Apr-2026 03:56:57 Asia/Kuwait] [orange] migration failed 000_runner_baseline.sql: SQLSTATE[42000]: Syntax error or access violation: 1064 You have an error in your SQL syntax; check the manual that corresponds to your MariaDB server version for the right syntax to use near 'الترحيلات يع?
ل؛ لا يغيّر بيانات.
SET @orange_schem...' at line 1
[22-Apr-2026 03:57:06 Asia/Kuwait] [orange] migration failed 000_runner_baseline.sql: SQLSTATE[42000]: Syntax error or access violation: 1064 You have an error in your SQL syntax; check the manual that corresponds to your MariaDB server version for the right syntax to use near 'الترحيلات يع?
ل؛ لا يغيّر بيانات.
SET @orange_schem...' at line 1
[22-Apr-2026 03:57:07 Asia/Kuwait] [orange] migration failed 000_runner_baseline.sql: SQLSTATE[42000]: Syntax error or access violation: 1064 You have an error in your SQL syntax; check the manual that corresponds to your MariaDB server version for the right syntax to use near 'الترحيلات يع?
ل؛ لا يغيّر بيانات.
SET @orange_schem...' at line 1
[22-Apr-2026 03:57:08 Asia/Kuwait] [orange] migration failed 000_runner_baseline.sql: SQLSTATE[42000]: Syntax error or access violation: 1064 You have an error in your SQL syntax; check the manual that corresponds to your MariaDB server version for the right syntax to use near 'الترحيلات يع?
ل؛ لا يغيّر بيانات.
SET @orange_schem...' at line 1
[22-Apr-2026 04:00:46 Asia/Kuwait] [orange] migration failed 000_runner_baseline.sql: SQLSTATE[42000]: Syntax error or access violation: 1064 You have an error in your SQL syntax; check the manual that corresponds to your MariaDB server version for the right syntax to use near 'الترحيلات يع?
ل؛ لا يغيّر بيانات.
SET @orange_schem...' at line 1
[22-Apr-2026 04:00:58 Asia/Kuwait] [orange] migration failed 000_runner_baseline.sql: SQLSTATE[42000]: Syntax error or access violation: 1064 You have an error in your SQL syntax; check the manual that corresponds to your MariaDB server version for the right syntax to use near 'الترحيلات يع?
ل؛ لا يغيّر بيانات.
SET @orange_schem...' at line 1
[22-Apr-2026 04:01:36 Asia/Kuwait] [orange] migration failed 000_runner_baseline.sql: SQLSTATE[42000]: Syntax error or access violation: 1064 You have an error in your SQL syntax; check the manual that corresponds to your MariaDB server version for the right syntax to use near 'الترحيلات يع?
ل؛ لا يغيّر بيانات.
SET @orange_schem...' at line 1
[22-Apr-2026 04:01:37 Asia/Kuwait] [orange] migration failed 000_runner_baseline.sql: SQLSTATE[42000]: Syntax error or access violation: 1064 You have an error in your SQL syntax; check the manual that corresponds to your MariaDB server version for the right syntax to use near 'الترحيلات يع?
ل؛ لا يغيّر بيانات.
SET @orange_schem...' at line 1
[22-Apr-2026 04:01:40 Asia/Kuwait] [orange] migration failed 000_runner_baseline.sql: SQLSTATE[42000]: Syntax error or access violation: 1064 You have an error in your SQL syntax; check the manual that corresponds to your MariaDB server version for the right syntax to use near 'الترحيلات يع?
ل؛ لا يغيّر بيانات.
SET @orange_schem...' at line 1
[22-Apr-2026 04:01:41 Asia/Kuwait] [orange] migration failed 000_runner_baseline.sql: SQLSTATE[42000]: Syntax error or access violation: 1064 You have an error in your SQL syntax; check the manual that corresponds to your MariaDB server version for the right syntax to use near 'الترحيلات يع?
ل؛ لا يغيّر بيانات.
SET @orange_schem...' at line 1
[22-Apr-2026 04:01:46 Asia/Kuwait] [orange] migration failed 000_runner_baseline.sql: SQLSTATE[42000]: Syntax error or access violation: 1064 You have an error in your SQL syntax; check the manual that corresponds to your MariaDB server version for the right syntax to use near 'الترحيلات يع?
ل؛ لا يغيّر بيانات.
SET @orange_schem...' at line 1
[22-Apr-2026 04:01:47 Asia/Kuwait] [orange] migration failed 000_runner_baseline.sql: SQLSTATE[42000]: Syntax error or access violation: 1064 You have an error in your SQL syntax; check the manual that corresponds to your MariaDB server version for the right syntax to use near 'الترحيلات يع?
ل؛ لا يغيّر بيانات.
SET @orange_schem...' at line 1
[22-Apr-2026 04:11:32 Asia/Kuwait] [orange] migration failed 000_runner_baseline.sql: SQLSTATE[42000]: Syntax error or access violation: 1064 You have an error in your SQL syntax; check the manual that corresponds to your MariaDB server version for the right syntax to use near 'الترحيلات يع?
ل؛ لا يغيّر بيانات.
SET @orange_schem...' at line 1
[22-Apr-2026 04:11:35 Asia/Kuwait] [orange] migration failed 000_runner_baseline.sql: SQLSTATE[42000]: Syntax error or access violation: 1064 You have an error in your SQL syntax; check the manual that corresponds to your MariaDB server version for the right syntax to use near 'الترحيلات يع?
ل؛ لا يغيّر بيانات.
SET @orange_schem...' at line 1
[22-Apr-2026 04:22:08 Asia/Kuwait] [orange] migration failed 000_runner_baseline.sql: SQLSTATE[42000]: Syntax error or access violation: 1064 You have an error in your SQL syntax; check the manual that corresponds to your MariaDB server version for the right syntax to use near 'الترحيلات يع?
ل؛ لا يغيّر بيانات.
SET @orange_schem...' at line 1
[22-Apr-2026 04:22:09 Asia/Kuwait] [orange] migration failed 000_runner_baseline.sql: SQLSTATE[42000]: Syntax error or access violation: 1064 You have an error in your SQL syntax; check the manual that corresponds to your MariaDB server version for the right syntax to use near 'الترحيلات يع?
ل؛ لا يغيّر بيانات.
SET @orange_schem...' at line 1
[22-Apr-2026 05:03:39 Asia/Kuwait] [orange] migration failed 000_runner_baseline.sql: SQLSTATE[42000]: Syntax error or access violation: 1064 You have an error in your SQL syntax; check the manual that corresponds to your MariaDB server version for the right syntax to use near 'الترحيلات يع?
ل؛ لا يغيّر بيانات.
SET @orange_schem...' at line 1
[22-Apr-2026 05:03:42 Asia/Kuwait] [orange] migration failed 000_runner_baseline.sql: SQLSTATE[42000]: Syntax error or access violation: 1064 You have an error in your SQL syntax; check the manual that corresponds to your MariaDB server version for the right syntax to use near 'الترحيلات يع?
ل؛ لا يغيّر بيانات.
SET @orange_schem...' at line 1
[22-Apr-2026 05:14:33 Asia/Kuwait] [orange] migration failed 000_runner_baseline.sql: SQLSTATE[42000]: Syntax error or access violation: 1064 You have an error in your SQL syntax; check the manual that corresponds to your MariaDB server version for the right syntax to use near 'الترحيلات يع?
ل؛ لا يغيّر بيانات.
SET @orange_schem...' at line 1
[22-Apr-2026 05:14:34 Asia/Kuwait] [orange] migration failed 000_runner_baseline.sql: SQLSTATE[42000]: Syntax error or access violation: 1064 You have an error in your SQL syntax; check the manual that corresponds to your MariaDB server version for the right syntax to use near 'الترحيلات يع?
ل؛ لا يغيّر بيانات.
SET @orange_schem...' at line 1
[22-Apr-2026 05:37:12 Asia/Kuwait] [orange] migration failed 000_runner_baseline.sql: SQLSTATE[42000]: Syntax error or access violation: 1064 You have an error in your SQL syntax; check the manual that corresponds to your MariaDB server version for the right syntax to use near 'الترحيلات يع?
ل؛ لا يغيّر بيانات.
SET @orange_schem...' at line 1
[22-Apr-2026 05:37:13 Asia/Kuwait] [orange] migration failed 000_runner_baseline.sql: SQLSTATE[42000]: Syntax error or access violation: 1064 You have an error in your SQL syntax; check the manual that corresponds to your MariaDB server version for the right syntax to use near 'الترحيلات يع?
ل؛ لا يغيّر بيانات.
SET @orange_schem...' at line 1
[22-Apr-2026 05:46:45 Asia/Kuwait] [orange] migration failed 000_runner_baseline.sql: SQLSTATE[42000]: Syntax error or access violation: 1064 You have an error in your SQL syntax; check the manual that corresponds to your MariaDB server version for the right syntax to use near 'الترحيلات يع?
ل؛ لا يغيّر بيانات.
SET @orange_schem...' at line 1
[22-Apr-2026 05:46:47 Asia/Kuwait] [orange] migration failed 000_runner_baseline.sql: SQLSTATE[42000]: Syntax error or access violation: 1064 You have an error in your SQL syntax; check the manual that corresponds to your MariaDB server version for the right syntax to use near 'الترحيلات يع?
ل؛ لا يغيّر بيانات.
SET @orange_schem...' at line 1
[22-Apr-2026 05:46:47 Asia/Kuwait] [orange] migration failed 000_runner_baseline.sql: SQLSTATE[42000]: Syntax error or access violation: 1064 You have an error in your SQL syntax; check the manual that corresponds to your MariaDB server version for the right syntax to use near 'الترحيلات يع?
ل؛ لا يغيّر بيانات.
SET @orange_schem...' at line 1
[22-Apr-2026 05:46:49 Asia/Kuwait] [orange] migration failed 000_runner_baseline.sql: SQLSTATE[42000]: Syntax error or access violation: 1064 You have an error in your SQL syntax; check the manual that corresponds to your MariaDB server version for the right syntax to use near 'الترحيلات يع?
ل؛ لا يغيّر بيانات.
SET @orange_schem...' at line 1
[22-Apr-2026 06:34:46 Asia/Kuwait] [orange] migration failed 000_runner_baseline.sql: SQLSTATE[42000]: Syntax error or access violation: 1064 You have an error in your SQL syntax; check the manual that corresponds to your MariaDB server version for the right syntax to use near 'الترحيلات يع?
ل؛ لا يغيّر بيانات.
SET @orange_schem...' at line 1
[22-Apr-2026 06:34:47 Asia/Kuwait] [orange] migration failed 000_runner_baseline.sql: SQLSTATE[42000]: Syntax error or access violation: 1064 You have an error in your SQL syntax; check the manual that corresponds to your MariaDB server version for the right syntax to use near 'الترحيلات يع?
ل؛ لا يغيّر بيانات.
SET @orange_schem...' at line 1
[22-Apr-2026 06:46:53 Asia/Kuwait] [orange] migration failed 000_runner_baseline.sql: SQLSTATE[42000]: Syntax error or access violation: 1064 You have an error in your SQL syntax; check the manual that corresponds to your MariaDB server version for the right syntax to use near 'الترحيلات يع?
ل؛ لا يغيّر بيانات.
SET @orange_schem...' at line 1
[22-Apr-2026 06:48:03 Asia/Kuwait] [orange] migration failed 000_runner_baseline.sql: SQLSTATE[42000]: Syntax error or access violation: 1064 You have an error in your SQL syntax; check the manual that corresponds to your MariaDB server version for the right syntax to use near 'الترحيلات يع?
ل؛ لا يغيّر بيانات.
SET @orange_schem...' at line 1
[22-Apr-2026 06:48:06 Asia/Kuwait] [orange] migration failed 000_runner_baseline.sql: SQLSTATE[42000]: Syntax error or access violation: 1064 You have an error in your SQL syntax; check the manual that corresponds to your MariaDB server version for the right syntax to use near 'الترحيلات يع?
ل؛ لا يغيّر بيانات.
SET @orange_schem...' at line 1
[22-Apr-2026 07:18:23 Asia/Kuwait] [orange] migration failed 000_runner_baseline.sql: SQLSTATE[42000]: Syntax error or access violation: 1064 You have an error in your SQL syntax; check the manual that corresponds to your MariaDB server version for the right syntax to use near 'الترحيلات يع?
ل؛ لا يغيّر بيانات.
SET @orange_schem...' at line 1
[22-Apr-2026 07:18:24 Asia/Kuwait] [orange] migration failed 000_runner_baseline.sql: SQLSTATE[42000]: Syntax error or access violation: 1064 You have an error in your SQL syntax; check the manual that corresponds to your MariaDB server version for the right syntax to use near 'الترحيلات يع?
ل؛ لا يغيّر بيانات.
SET @orange_schem...' at line 1
[22-Apr-2026 07:31:40 Asia/Kuwait] [orange] migration failed 000_runner_baseline.sql: SQLSTATE[42000]: Syntax error or access violation: 1064 You have an error in your SQL syntax; check the manual that corresponds to your MariaDB server version for the right syntax to use near 'الترحيلات يع?
ل؛ لا يغيّر بيانات.
SET @orange_schem...' at line 1
[22-Apr-2026 07:33:13 Asia/Kuwait] [orange] migration failed 000_runner_baseline.sql: SQLSTATE[42000]: Syntax error or access violation: 1064 You have an error in your SQL syntax; check the manual that corresponds to your MariaDB server version for the right syntax to use near 'الترحيلات يع?
ل؛ لا يغيّر بيانات.
SET @orange_schem...' at line 1
[22-Apr-2026 09:09:10 Asia/Kuwait] [orange] migration failed 000_runner_baseline.sql: SQLSTATE[42000]: Syntax error or access violation: 1064 You have an error in your SQL syntax; check the manual that corresponds to your MariaDB server version for the right syntax to use near 'الترحيلات يع?
ل؛ لا يغيّر بيانات.
SET @orange_schem...' at line 1
[22-Apr-2026 09:09:11 Asia/Kuwait] [orange] migration failed 000_runner_baseline.sql: SQLSTATE[42000]: Syntax error or access violation: 1064 You have an error in your SQL syntax; check the manual that corresponds to your MariaDB server version for the right syntax to use near 'الترحيلات يع?
ل؛ لا يغيّر بيانات.
SET @orange_schem...' at line 1
[22-Apr-2026 11:10:52 Asia/Kuwait] [orange] migration failed 000_runner_baseline.sql: SQLSTATE[42000]: Syntax error or access violation: 1064 You have an error in your SQL syntax; check the manual that corresponds to your MariaDB server version for the right syntax to use near 'الترحيلات يع?
ل؛ لا يغيّر بيانات.
SET @orange_schem...' at line 1
[22-Apr-2026 11:10:53 Asia/Kuwait] [orange] migration failed 000_runner_baseline.sql: SQLSTATE[42000]: Syntax error or access violation: 1064 You have an error in your SQL syntax; check the manual that corresponds to your MariaDB server version for the right syntax to use near 'الترحيلات يع?
ل؛ لا يغيّر بيانات.
SET @orange_schem...' at line 1
[22-Apr-2026 11:10:56 Asia/Kuwait] [orange] migration failed 000_runner_baseline.sql: SQLSTATE[42000]: Syntax error or access violation: 1064 You have an error in your SQL syntax; check the manual that corresponds to your MariaDB server version for the right syntax to use near 'الترحيلات يع?
ل؛ لا يغيّر بيانات.
SET @orange_schem...' at line 1
[22-Apr-2026 11:10:57 Asia/Kuwait] [orange] migration failed 000_runner_baseline.sql: SQLSTATE[42000]: Syntax error or access violation: 1064 You have an error in your SQL syntax; check the manual that corresponds to your MariaDB server version for the right syntax to use near 'الترحيلات يع?
ل؛ لا يغيّر بيانات.
SET @orange_schem...' at line 1
[22-Apr-2026 11:10:58 Asia/Kuwait] [orange] migration failed 000_runner_baseline.sql: SQLSTATE[42000]: Syntax error or access violation: 1064 You have an error in your SQL syntax; check the manual that corresponds to your MariaDB server version for the right syntax to use near 'الترحيلات يع?
ل؛ لا يغيّر بيانات.
SET @orange_schem...' at line 1
[22-Apr-2026 11:10:59 Asia/Kuwait] [orange] migration failed 000_runner_baseline.sql: SQLSTATE[42000]: Syntax error or access violation: 1064 You have an error in your SQL syntax; check the manual that corresponds to your MariaDB server version for the right syntax to use near 'الترحيلات يع?
ل؛ لا يغيّر بيانات.
SET @orange_schem...' at line 1
[22-Apr-2026 11:10:59 Asia/Kuwait] [orange] migration failed 000_runner_baseline.sql: SQLSTATE[42000]: Syntax error or access violation: 1064 You have an error in your SQL syntax; check the manual that corresponds to your MariaDB server version for the right syntax to use near 'الترحيلات يع?
ل؛ لا يغيّر بيانات.
SET @orange_schem...' at line 1
[22-Apr-2026 11:11:03 Asia/Kuwait] [orange] migration failed 000_runner_baseline.sql: SQLSTATE[42000]: Syntax error or access violation: 1064 You have an error in your SQL syntax; check the manual that corresponds to your MariaDB server version for the right syntax to use near 'الترحيلات يع?
ل؛ لا يغيّر بيانات.
SET @orange_schem...' at line 1
[22-Apr-2026 11:11:04 Asia/Kuwait] [orange] migration failed 000_runner_baseline.sql: SQLSTATE[42000]: Syntax error or access violation: 1064 You have an error in your SQL syntax; check the manual that corresponds to your MariaDB server version for the right syntax to use near 'الترحيلات يع?
ل؛ لا يغيّر بيانات.
SET @orange_schem...' at line 1
[22-Apr-2026 11:11:08 Asia/Kuwait] [orange] migration failed 000_runner_baseline.sql: SQLSTATE[42000]: Syntax error or access violation: 1064 You have an error in your SQL syntax; check the manual that corresponds to your MariaDB server version for the right syntax to use near 'الترحيلات يع?
ل؛ لا يغيّر بيانات.
SET @orange_schem...' at line 1
[22-Apr-2026 11:11:09 Asia/Kuwait] [orange] migration failed 000_runner_baseline.sql: SQLSTATE[42000]: Syntax error or access violation: 1064 You have an error in your SQL syntax; check the manual that corresponds to your MariaDB server version for the right syntax to use near 'الترحيلات يع?
ل؛ لا يغيّر بيانات.
SET @orange_schem...' at line 1
[22-Apr-2026 11:11:12 Asia/Kuwait] [orange] migration failed 000_runner_baseline.sql: SQLSTATE[42000]: Syntax error or access violation: 1064 You have an error in your SQL syntax; check the manual that corresponds to your MariaDB server version for the right syntax to use near 'الترحيلات يع?
ل؛ لا يغيّر بيانات.
SET @orange_schem...' at line 1
[22-Apr-2026 11:11:13 Asia/Kuwait] [orange] migration failed 000_runner_baseline.sql: SQLSTATE[42000]: Syntax error or access violation: 1064 You have an error in your SQL syntax; check the manual that corresponds to your MariaDB server version for the right syntax to use near 'الترحيلات يع?
ل؛ لا يغيّر بيانات.
SET @orange_schem...' at line 1
[22-Apr-2026 11:11:13 Asia/Kuwait] [orange] migration failed 000_runner_baseline.sql: SQLSTATE[42000]: Syntax error or access violation: 1064 You have an error in your SQL syntax; check the manual that corresponds to your MariaDB server version for the right syntax to use near 'الترحيلات يع?
ل؛ لا يغيّر بيانات.
SET @orange_schem...' at line 1
[22-Apr-2026 11:11:14 Asia/Kuwait] [orange] migration failed 000_runner_baseline.sql: SQLSTATE[42000]: Syntax error or access violation: 1064 You have an error in your SQL syntax; check the manual that corresponds to your MariaDB server version for the right syntax to use near 'الترحيلات يع?
ل؛ لا يغيّر بيانات.
SET @orange_schem...' at line 1
